decision_point,trump,our_score,their_score,bidding_meld,defending_meld,hand,meld_total,ace_count,trump_length,longest_side_suit,has_run,has_pinochle,has_around,bid,score_diff,partner_has_bid,partner_has_passed,p_make,ev_take,ev_defend,ev_play_on,ev_fold,verdict_bid,verdict_fold
bid,H,0,0,,,10D_1 9C_1 9C_2 9D_1 9H_1 9H_2 AH_1 AS_2 JC_1 JC_2 JH_2 QH_1,20,2,5,4,0,0,0,300,0,0,0,0.4333,-190.6667,-160.0667,,,0,
bid,C,0,0,,,10C_1 9D_2 9S_1 AC_2 AD_1 JD_1 KC_1 KD_1 KH_2 KS_1 QC_2 QS_1,180,2,4,4,0,1,1,300,0,0,0,0.7867,102.9333,167.2,,,0,
bid,D,0,0,,,10C_2 10D_2 10H_1 9S_2 AD_2 AH_2 JD_2 JS_1 KD_2 KS_2 QC_1 QD_1,150,2,5,3,1,0,0,300,0,0,1,0.96,200.9333,-3.9333,,,1,
bid,S,0,0,,,10H_2 10S_1 10S_2 AC_1 AS_1 JH_1 JS_2 KC_2 KH_1 QD_2 QH_2 QS_2,20,2,5,4,0,0,0,340,0,0,1,0.4067,-176.1333,158.8667,,,0,
bid,D,0,0,,,10C_2 10D_2 10H_1 9S_2 AD_2 AH_2 JD_2 JS_1 KD_2 KS_2 QC_1 QD_1,150,2,5,3,1,0,0,350,0,0,1,0.7733,95.5333,136.8667,,,0,
bid,S,0,0,,,10H_2 10S_1 10S_2 AC_1 AS_1 JH_1 JS_2 KC_2 KH_1 QD_2 QH_2 QS_2,20,2,5,4,0,0,0,360,0,0,1,0.48,-106.2667,202.8,,,0,
fold,D,0,0,160,190,10D_1 10D_2 9S_2 AD_2 AH_1 AS_2 JD_2 JS_1 KD_2 KS_2 QC_1 QD_1,150,3,6,4,1,0,0,350,0,0,0,0.4333,,,-300.5333,-540.0,,0
bid,D,270,-350,,,10H_1 10H_2 10S_2 9C_2 9H_1 9H_2 AD_1 AD_2 JH_2 JS_2 KS_1 QH_2,0,2,2,6,0,0,0,300,620,0,0,0.0267,-450.4,-39.1333,,,0,
bid,C,-350,270,,,9C_1 AC_2 JC_2 JD_1 KC_1 KD_1 KD_2 KH_2 KS_2 QC_1 QD_1 QD_2,170,1,5,5,0,0,1,300,-620,0,0,0.72,31.6,83.0667,,,0,
bid,S,270,-350,,,10D_1 10D_2 9D_1 9D_2 9S_1 9S_2 AH_1 AS_2 JC_1 KH_1 QC_2 QS_2,20,2,4,4,0,0,0,300,620,0,1,0.2533,-278.4,30.6667,,,0,
fold,S,-350,270,250,20,10S_1 AC_1 AC_2 AS_1 JD_1 JD_2 JH_1 JS_1 KC_2 KS_2 QH_1 QS_1,190,3,5,3,1,1,0,250,-620,0,0,1.0,,,292.8,-270.0,,0
bid,C,10,430,,,10D_2 9S_1 AC_2 AD_2 AH_2 JH_1 JH_2 JS_1 KC_1 KH_2 KS_2 QC_1,40,3,3,4,0,0,0,300,-420,0,0,0.6267,-55.6,1.4,,,0,
bid,C,430,10,,,10C_1 10C_2 10H_1 10H_2 10S_1 10S_2 AC_1 AH_1 AS_1 JC_2 KC_2 KD_1,0,3,5,3,0,0,0,300,420,0,0,0.7267,74.8667,41.8,,,1,
bid,S,10,430,,,10D_1 9C_1 9C_2 9D_1 AS_2 JD_1 JD_2 KD_2 KS_1 QC_2 QS_1 QS_2,340,1,4,5,0,1,0,300,-420,0,1,1.0,429.6667,261.8667,,,1,
bid,H,430,10,,,9D_2 9H_1 9H_2 9S_2 AD_1 JC_1 JS_2 KH_1 QD_1 QD_2 QH_1 QH_2,60,1,5,4,0,0,0,340,420,0,1,0.22,-321.4,28.3333,,,0,
fold,S,10,430,410,30,9C_1 9C_2 9D_1 AH_2 AS_2 JD_1 JD_2 JS_1 KS_1 KS_2 QS_1 QS_2,380,2,6,3,0,1,0,330,-420,0,0,1.0,,,454.5333,-360.0,,0
bid,S,550,580,,,10C_1 10D_1 10H_1 10S_1 9H_2 AS_1 JC_2 JS_2 KC_1 KS_2 QD_1 QD_2,0,1,4,3,0,0,0,300,-30,0,0,0.46,-163.0,-83.2667,,,0,
bid,C,580,550,,,9C_1 9D_1 9S_2 AC_2 JC_1 JD_2 JH_1 KC_2 KS_1 QC_1 QC_2 QS_1,110,1,6,3,0,1,0,300,30,0,0,0.7933,152.0,-28.9333,,,1,
bid,D,550,580,,,10D_2 9C_2 9D_2 9S_1 AD_1 AD_2 JH_2 KD_2 KH_2 QH_1 QH_2 QS_2,30,2,5,4,0,0,0,340,-30,0,1,0.2667,-256.6667,151.6667,,,0,
bid,S,580,550,,,10C_2 10H_2 10S_2 9H_1 AC_1 AH_1 AH_2 AS_2 JD_1 JS_1 KD_1 KH_1,0,4,3,5,0,0,0,340,30,1,0,0.3867,-178.4667,166.5333,,,0,
fold,C,580,550,220,30,10C_2 9C_1 AC_1 AC_2 JC_1 JD_1 JD_2 KC_2 KS_1 QC_1 QC_2 QS_1,220,2,8,2,1,1,0,330,30,0,0,1.0,,,252.2667,-360.0,,0
bid,C,980,650,,,10C_2 10D_1 10D_2 10H_2 9H_2 9S_2 AD_2 AH_2 JC_2 KD_2 KH_2 QS_1,0,2,2,4,0,0,0,300,330,0,0,0.1733,-353.5333,-19.5333,,,0,
bid,S,650,980,,,10S_2 9S_1 AC_1 AS_1 AS_2 JC_1 JS_2 KD_1 KS_2 QC_2 QD_1 QD_2,30,3,6,3,0,0,0,300,-330,0,0,0.68,63.5333,-6.3333,,,1,
bid,C,980,650,,,10H_1 10S_1 9C_1 9C_2 9D_2 AC_2 AD_1 JD_1 JH_1 KC_2 QC_1 QH_1,60,2,5,3,0,0,0,340,330,0,1,0.4133,-177.4667,64.3333,,,0,
bid,H,650,980,,,10C_1 9D_1 9H_1 AH_1 JD_2 JH_2 JS_1 KC_1 KH_1 KS_1 QH_2 QS_2,110,1,5,3,0,1,0,340,-330,1,0,0.6067,-31.0,58.4,,,0,
fold,S,650,980,260,30,10S_2 9S_1 AS_1 AS_2 JD_2 JS_2 KD_1 KS_1 KS_2 QD_1 QD_2 QS_2,220,2,8,4,1,1,0,330,-330,0,0,1.0,,,308.1333,-360.0,,0
bid,H,0,0,,,10C_2 10D_1 10H_1 10H_2 9S_2 AH_2 JH_2 KC_1 KD_1 KH_1 QC_1 QS_2,20,1,5,3,0,0,0,300,0,0,0,0.5933,-66.8,1.8667,,,0,
bid,D,0,0,,,10D_2 10S_1 10S_2 9C_2 9D_2 9H_2 9S_1 JS_2 KC_2 KD_2 KS_1 QD_2,50,0,4,5,0,0,0,300,0,0,0,0.2867,-319.0,-184.6,,,0,
bid,S,0,0,,,10C_1 AC_1 AC_2 AD_2 AH_1 AS_1 AS_2 JD_1 JS_1 KH_2 QD_1 QH_2,120,6,3,3,0,0,1,300,0,0,1,0.8733,155.3333,439.0667,,,0,
fold,D,0,0,290,140,10D_2 9D_1 9H_1 AD_1 JD_2 JH_1 KD_2 KS_2 QC_2 QD_2 QH_1 QS_1,280,1,6,3,1,1,1,250,0,0,0,1.0,,,179.4667,-390.0,,0
bid,D,400,280,,,9C_1 9C_2 9D_2 AD_2 AS_1 JD_1 JD_2 KD_2 KH_1 QC_1 QC_2 QS_1,50,2,5,4,0,1,0,300,120,0,0,0.7133,104.1333,80.2667,,,1,
bid,S,280,400,,,10C_1 10C_2 10D_1 9H_1 9S_1 AC_1 AH_2 AS_2 JS_1 KC_1 KC_2 QD_1,10,3,3,5,0,0,0,340,-120,0,0,0.1,-398.6,42.0,,,0,
bid,H,400,280,,,10H_2 10S_1 9D_1 AH_1 JC_2 JH_2 KD_1 KH_2 KS_1 KS_2 QH_2 QS_2,170,1,5,4,1,0,0,340,120,1,0,0.5933,-68.4,24.8,,,0,
bid,C,280,400,,,10D_2 10H_1 10S_2 9H_2 9S_2 AC_2 AD_1 JC_1 JH_1 JS_2 QD_2 QH_1,0,2,2,4,0,0,0,340,-120,0,1,0.0333,-452.8667,-7.3333,,,0,
fold,D,400,280,340,0,10S_1 9C_1 9D_2 AD_2 JD_1 JD_2 KD_1 KD_2 QC_1 QC_2 QS_1 QS_2,310,1,6,3,0,1,0,330,120,0,0,1.0,,,406.4,-330.0,,0
bid,D,410,860,,,10D_1 9C_2 9D_1 AD_1 AH_1 AH_2 AS_2 JD_2 JS_1 KC_2 KD_1 QC_2,30,4,5,3,0,0,0,300,-450,0,0,0.68,60.2667,232.9333,,,0,
bid,H,860,410,,,10C_1 10C_2 10D_2 10H_2 9H_2 9S_2 JH_1 JS_2 KH_1 QC_1 QD_2 QH_2,50,0,5,3,0,0,0,300,450,0,0,0.52,-154.4667,-113.9333,,,0,
bid,S,410,860,,,10S_2 9H_1 AD_2 AS_1 JC_1 JC_2 JD_1 JH_2 KD_2 KS_2 QS_1 QS_2,80,2,5,3,0,1,0,310,-450,0,1,0.8667,254.6,169.8667,,,1,
bid,C,860,410,,,10H_1 10S_1 9C_1 9D_2 9S_1 AC_1 AC_2 KC_1 KH_2 KS_1 QD_1 QH_1,30,2,4,3,0,0,0,320,450,1,0,0.16,-366.7333,17.0,,,0,
bid,H,860,410,,,10C_1 10C_2 10D_2 10H_2 9H_2 9S_2 JH_1 JS_2 KH_1 QC_1 QD_2 QH_2,50,0,5,3,0,0,0,320,450,0,1,0.4,-244.9333,-55.4,,,0,
fold,S,410,860,510,60,10S_2 9H_1 AS_1 AS_2 JC_1 JD_1 JD_2 JH_2 JS_1 KS_2 QS_1 QS_2,490,2,7,2,1,1,1,310,-450,0,0,1.0,,,503.4667,-370.0,,0
bid,D,0,0,,,10S_1 9S_1 AD_1 AH_2 JC_1 JH_2 JS_2 KD_1 KH_1 KH_2 QD_1 QD_2,40,2,4,4,0,0,0,300,0,0,0,0.2933,-281.7333,-38.9333,,,0,
bid,S,0,0,,,10C_1 10C_2 10D_1 10H_1 10H_2 10S_2 9C_2 9H_1 AS_1 JD_2 KD_2 QH_2,0,1,2,4,0,0,0,300,0,0,0,0.0933,-407.1333,5.7333,,,0,
bid,D,0,0,,,9S_2 AD_2 AH_1 AS_2 JC_2 JD_1 JH_1 KC_1 KC_2 QC_2 QH_1 QS_1,60,3,2,4,0,1,0,300,0,0,1,0.4067,-192.7333,160.3333,,,0,
fold,C,0,0,80,100,10C_1 10C_2 9C_1 9D_2 9H_2 AC_1 AC_2 JD_2 JS_1 KS_1 QC_1 QS_2,70,2,6,3,0,1,0,250,0,0,0,0.2733,,,-323.5333,-350.0,,0
bid,D,-250,190,,,10D_2 10H_2 9C_1 AD_2 AS_2 JD_1 JD_2 JS_2 KD_1 QD_1 QD_2 QH_2,150,2,7,2,1,0,0,300,-440,0,0,0.9933,384.9333,-50.2,,,1,
bid,D,190,-250,,,10C_1 10C_2 10S_1 9D_1 AD_1 AH_1 JC_1 JH_1 JH_2 KC_2 QH_1 QS_2,10,2,2,4,0,0,0,340,440,0,0,0.04,-424.8,145.4667,,,0,
bid,C,-250,190,,,10S_2 9C_2 9D_2 9H_1 9H_2 AC_2 JC_2 JS_1 KC_1 KS_1 QC_2 QS_1,70,1,5,4,0,0,0,340,-440,1,0,0.4067,-198.0667,-29.0,,,0,
bid,S,190,-250,,,10D_1 10H_1 9S_1 9S_2 AC_1 AH_2 AS_1 KD_2 KH_1 KH_2 KS_2 QC_1,20,3,4,4,0,0,0,340,440,0,1,0.12,-389.9333,54.8,,,0,
fold,D,-250,190,220,10,10D_2 10S_2 9C_1 AC_2 AD_2 JD_1 JD_2 KD_1 QD_1 QD_2 QH_2 QS_1,190,2,7,2,1,1,0,330,-440,0,0,0.9867,,,294.2,-340.0,,0
bid,C,280,140,,,10H_1 10H_2 9C_1 9D_1 AC_2 AD_2 JD_2 JS_1 KC_1 KD_1 KD_2 QC_2,50,2,4,5,0,0,0,300,140,0,0,0.54,-87.5333,-17.9333,,,0,
bid,H,140,280,,,10D_2 9H_2 AC_1 AH_1 AH_2 AS_1 AS_2 JC_1 JC_2 JH_2 KS_1 QD_1,10,5,4,3,0,0,0,300,-140,0,0,0.54,-74.8,213.5333,,,0,
bid,H,280,140,,,10C_2 9C_2 9D_2 9H_1 9S_1 JD_1 JH_1 JS_2 KH_1 KH_2 QD_2 QH_1,50,0,5,3,0,0,0,300,140,0,1,0.4133,-192.8,-152.4667,,,0,
fold,S,140,280,110,50,10S_1 10S_2 9S_2 AS_1 AS_2 KC_2 KS_1 KS_2 QC_1 QH_2 QS_1 QS_2,110,2,9,2,0,0,0,250,-140,0,0,1.0,,,176.1333,-300.0,,0
bid,C,500,330,,,10C_2 10H_2 AC_2 AD_1 JC_1 JC_2 JD_1 JD_2 JS_2 KH_2 QC_2 QD_2,0,2,5,4,0,0,0,300,170,0,0,0.6733,42.7333,-3.0,,,1,
bid,C,330,500,,,10C_1 10H_1 9C_1 9D_1 9D_2 9H_1 9S_1 JH_1 JH_2 KC_2 QC_1 QS_1,50,0,4,4,0,0,0,300,-170,0,0,0.36,-259.2,-109.2667,,,0,
bid,S,500,330,,,10D_1 10S_1 9S_2 AC_1 AD_2 AH_2 AS_1 AS_2 KD_2 KS_1 QH_1 QS_2,150,5,6,3,0,0,1,300,170,0,1,1.0,451.2,195.0667,,,1,
bid,H,330,500,,,10D_2 10S_2 9C_2 9H_2 AH_1 JS_1 KC_1 KD_1 KH_1 KS_2 QD_1 QH_2,150,1,4,3,0,0,1,340,-170,0,1,0.22,-338.8,54.3333,,,0,
fold,S,500,330,340,150,10S_1 9S_2 AC_1 AD_2 AH_2 AS_1 AS_2 JD_1 JD_2 JS_2 KS_1 QS_2,300,5,7,3,1,1,1,330,170,0,0,1.0,,,354.1333,-480.0,,0
bid,S,0,0,,,10D_1 10H_2 10S_1 10S_2 9C_1 9D_1 9H_2 9S_2 AD_2 AH_2 KD_2 QH_2,10,2,3,4,0,0,0,300,0,0,0,0.1467,-389.0,-60.1333,,,0,
bid,H,0,0,,,AC_1 AD_1 JC_2 JH_2 JS_1 JS_2 KH_1 KH_2 KS_1 QC_1 QD_1 QH_1,40,2,4,3,0,0,0,300,0,0,0,0.5467,-86.0,35.2667,,,0,
bid,C,0,0,,,10C_2 9C_2 9D_2 9H_1 AH_1 AS_1 AS_2 JD_1 KC_2 QC_2 QS_1 QS_2,90,3,4,4,0,1,0,300,0,0,1,0.7333,150.4667,160.4,,,0,
fold,C,0,0,190,100,10C_1 9S_1 AC_1 AC_2 AD_1 JC_1 JD_2 JH_1 KC_1 KD_1 QC_1 QD_2,170,3,6,4,1,0,0,250,0,0,0,1.0,,,143.7333,-350.0,,0
bid,D,320,220,,,10C_1 10D_1 10S_1 9D_1 9S_1 AD_1 AD_2 AH_1 KH_1 KH_2 QC_2 QS_2,10,3,4,3,0,0,0,300,100,0,0,0.24,-289.9333,206.6,,,0,
bid,S,220,320,,,10D_2 10H_2 10S_2 9C_2 9D_2 AC_2 AS_2 JS_1 JS_2 KC_1 KD_1 QS_1,0,2,5,3,0,0,0,300,-100,0,0,0.6267,-34.6667,-17.8,,,0,
bid,D,320,220,,,10C_2 9S_2 AH_2 JD_1 JD_2 JH_1 JH_2 KC_2 KD_2 KS_1 QC_1 QD_1,60,1,4,3,0,0,0,300,100,0,1,0.44,-175.3333,100.6,,,0,
fold,C,220,320,20,60,9C_1 9H_1 9H_2 AC_1 AC_2 JC_1 JC_2 KC_1 QD_2 QH_1 QH_2 QS_1,10,2,6,4,0,0,0,250,-100,0,0,0.0933,,,-376.0,-310.0,,1
bid,H,-30,380,,,10C_1 10H_1 9D_1 AH_1 JD_1 JH_1 JH_2 JS_1 KH_1 KS_2 QC_1 QS_1,60,1,5,3,0,1,0,300,-410,0,0,0.6,-56.8,-46.8,,,0,
bid,S,380,-30,,,9D_2 9S_2 AC_2 JC_1 JC_2 JS_2 KC_1 KD_1 KD_2 KS_1 QH_2 QS_2,50,1,4,4,0,0,0,300,410,0,0,0.4067,-193.8667,60.5333,,,0,
bid,S,-30,380,,,10C_2 10D_1 10S_1 9C_1 9H_1 9H_2 AC_1 AD_2 AS_1 JD_2 QC_2 QH_1,0,3,2,4,0,0,0,310,-410,0,1,0.1667,-366.0667,1.4,,,0,
bid,S,380,-30,,,10D_2 10H_2 10S_2 9C_2 9S_1 AD_1 AH_2 AS_2 KC_2 KH_2 QD_1 QD_2,10,3,3,4,0,0,0,310,410,1,0,0.12,-376.8,-29.8,,,0,
fold,S,380,-30,210,80,10S_2 9D_2 9S_2 AH_2 AS_2 JC_1 JC_2 JS_2 KC_1 KS_1 QH_2 QS_2,160,2,6,3,1,0,0,300,410,0,0,0.9867,,,193.0667,-380.0,,0
bid,H,720,170,,,10C_2 10S_1 9D_2 9S_1 9S_2 AC_1 AC_2 AD_1 AH_1 AH_2 QC_1 QC_2,0,5,2,5,0,0,0,300,550,0,0,0.2733,-273.9333,115.8,,,0,
bid,S,170,720,,,10D_1 10S_2 9D_1 9H_2 AS_2 JC_2 JS_2 KC_1 KS_2 QD_2 QH_1 QS_1,150,1,5,3,1,0,0,300,-550,0,0,0.9067,144.6667,-24.7333,,,1,
bid,H,720,170,,,10C_1 10D_2 9C_1 9H_1 AD_2 AS_1 JC_1 KC_2 KD_1 KH_2 QH_2 QS_2,50,2,3,4,0,0,0,300,550,0,1,0.3867,-212.1333,26.4667,,,0,
fold,D,170,720,90,30,10D_1 9C_2 JD_1 JD_2 JH_1 JH_2 JS_1 KD_2 KH_1 QD_1 QD_2 QS_1,80,0,6,3,0,1,0,250,-550,0,0,0.2067,,,-303.0667,-280.0,,1
bid,S,-80,930,,,9D_2 9S_1 AC_1 AH_1 JC_1 JC_2 JD_2 JS_2 KH_1 KH_2 KS_2 QS_2,90,2,4,3,0,1,0,300,-1010,0,0,0.5133,-101.8,107.8667,,,0,
bid,D,930,-80,,,10C_1 10H_1 10S_1 9C_1 9C_2 9H_1 AD_2 AH_2 AS_2 KC_2 QH_1 QS_1,0,3,1,4,0,0,0,300,1010,0,0,0.0933,-420.8,26.2667,,,0,
bid,D,-80,930,,,10H_2 10S_2 9S_2 AC_2 AD_1 AS_1 JH_1 JH_2 KD_1 KS_1 QD_1 QD_2,40,3,4,4,0,0,0,310,-1010,0,1,0.6,-53.2667,83.6,,,0,
bid,C,930,-80,,,10C_2 10D_1 10D_2 9D_1 9H_2 JD_1 JS_1 KC_1 KD_2 QC_1 QC_2 QH_2,40,0,4,5,0,0,0,310,1010,1,0,0.3,-295.7333,-80.5333,,,0,
fold,D,930,-80,70,110,10D_1 10D_2 9C_1 9C_2 9H_1 AD_2 AH_2 AS_2 JD_1 KC_2 QH_1 QS_1,40,3,4,3,0,1,0,300,1010,0,0,0.0267,,,-485.8,-410.0,,1
bid,C,630,30,,,10C_2 10D_1 9C_1 9D_1 AC_2 JC_2 JD_2 JH_2 KC_1 KS_2 QH_1 QS_2,70,1,5,3,0,1,0,300,600,0,0,0.6,-45.0,1.2667,,,0,
bid,H,30,630,,,10H_2 10S_2 AD_1 AS_2 JC_1 JD_1 JH_1 KC_2 KD_1 KH_2 QC_1 QH_2,60,2,4,3,0,0,0,340,-600,0,0,0.5467,-77.2667,111.0667,,,0,
bid,S,630,30,,,9D_2 9H_1 9S_2 AC_1 AD_2 AH_1 AH_2 AS_1 KD_2 KS_1 QD_2 QS_1,170,5,4,4,0,0,1,340,600,1,0,0.9867,317.2,353.2667,,,0,
bid,S,30,630,,,10C_1 10D_2 10H_1 10S_1 9C_2 9H_2 9S_1 JS_1 JS_2 KH_1 QC_2 QD_1,10,0,4,3,0,0,0,340,-600,0,1,0.04,-437.2,-116.1333,,,0,
fold,C,630,30,90,70,10C_2 9C_1 9D_1 AC_1 AC_2 AH_1 JC_2 JD_2 KC_1 KS_2 QS_1 QS_2,70,3,6,3,0,1,0,330,600,0,0,0.1533,,,-390.4667,-400.0,,0
bid,D,100,300,,,10C_1 10D_1 10H_1 9D_2 9H_2 AC_2 JD_2 KC_1 KC_2 KD_1 KH_1 QD_1,50,1,5,4,0,0,0,300,-200,0,0,0.5467,-80.4667,11.1333,,,0,
bid,S,300,100,,,10S_1 9S_1 9S_2 AC_1 JH_1 JH_2 KD_2 KS_1 QC_2 QD_2 QH_1 QS_1,140,1,5,3,0,0,1,300,200,0,0,0.5,-113.2667,67.7333,,,0,
bid,D,100,300,,,10D_2 10H_2 9C_1 AD_1 AD_2 AH_2 AS_1 JC_2 JD_1 JS_1 KS_2 QC_1,0,4,4,3,0,0,0,300,-200,0,1,0.52,-116.8667,82.2,,,0,
fold,S,300,100,210,20,10S_1 10S_2 9C_2 9D_1 9H_1 AS_2 JS_2 KH_2 KS_1 QH_2 QS_1 QS_2,170,1,7,3,1,0,0,250,200,0,0,1.0,,,257.3333,-270.0,,0
bid,D,700,180,,,10C_2 10D_1 10S_1 9C_1 9H_2 9S_1 AD_2 AS_2 JD_1 JD_2 KH_1 QD_1,0,2,5,3,0,0,0,300,520,0,0,0.6133,-13.0667,-31.8,,,1,
bid,S,180,700,,,10H_1 9D_2 9S_2 JC_1 JC_2 JH_1 KC_2 KD_1 KS_2 QC_2 QH_1 QS_2,70,0,3,4,0,0,0,300,-520,0,0,0.2,-364.8,1.8,,,0,
bid,S,700,180,,,10C_1 10S_2 9C_2 9H_1 AC_1 AH_1 JS_1 JS_2 KD_2 KH_2 KS_1 QS_1,40,2,5,3,0,0,0,300,520,0,1,0.5533,-60.6,-17.9333,,,0,
bid,H,180,700,,,10D_2 10H_2 9D_1 AC_2 AD_1 AH_2 AS_1 JH_2 KC_1 QC_1 QD_2 QH_2,120,4,4,4,0,0,1,310,-520,0,1,0.92,224.2,126.6667,,,1,
bid,S,700,180,,,10C_1 10S_2 9C_2 9H_1 AC_1 AH_1 JS_1 JS_2 KD_2 KH_2 KS_1 QS_1,40,2,5,3,0,0,0,320,520,0,1,0.6133,-15.9333,28.9333,,,0,
fold,H,180,700,160,40,10H_1 10H_2 AC_2 AD_1 AH_2 AS_1 JH_2 KC_1 QC_1 QH_1 QH_2 QS_2,120,4,6,3,0,0,1,310,-520,0,0,0.9067,,,191.8667,-350.0,,0
bid,S,510,820,,,10S_1 10S_2 9C_1 9H_1 9S_2 AC_2 JC_2 JD_1 JH_1 JS_1 QC_1 QH_2,50,1,4,4,0,0,1,300,-310,0,0,0.1933,-358.1333,-20.6667,,,0,
bid,S,820,510,,,10C_1 10D_1 10H_2 9D_1 9H_2 9S_1 AC_1 AH_2 AS_2 KC_2 KD_2 QD_1,30,3,2,4,0,0,0,300,310,0,0,0.1133,-421.4,-6.0667,,,0,
bid,C,510,820,,,10C_2 9C_2 AD_2 AH_1 JD_2 JH_2 JS_2 KC_1 KH_2 KS_2 QC_2 QD_2,50,2,4,3,0,0,0,300,-310,0,1,0.58,-54.9333,29.2667,,,0,
fold,S,820,510,190,70,9D_2 AC_1 AD_1 AH_2 AS_1 AS_2 JC_1 KH_1 KS_1 QH_1 QS_1 QS_2,160,5,5,3,0,0,1,250,310,0,0,1.0,,,234.6667,-320.0,,0
bid,S,0,0,,,10S_1 9S_2 AS_1 JC_1 JS_1 JS_2 KD_2 KH_2 KS_2 QC_1 QH_1 QS_1,180,1,7,2,1,0,0,300,0,0,0,1.0,316.1333,-41.4667,,,1,
bid,C,0,0,,,10D_1 10S_2 9D_1 9S_1 AC_1 AC_2 AS_2 JD_1 JH_1 KH_1 QD_1 QS_2,40,3,2,4,0,1,0,340,0,0,0,0.16,-355.4667,280.6667,,,0,
bid,D,0,0,,,10D_2 10H_1 9D_2 9H_1 AD_2 JD_2 JH_2 KC_1 KC_2 KS_1 QC_2 QH_2,30,1,4,4,0,0,0,340,0,1,0,0.16,-379.6667,100.7333,,,0,
bid,D,0,0,,,10C_1 10C_2 10H_2 9C_1 9C_2 9H_2 AD_1 AH_1 AH_2 JC_2 KD_1 QD_2,40,3,3,5,0,0,0,340,0,0,1,0.1467,-395.7333,129.4,,,0,
fold,S,0,0,260,70,10S_1 9S_2 AD_2 AS_1 JD_2 JS_1 JS_2 KH_2 KS_1 KS_2 QH_1 QS_1,220,2,8,2,1,1,0,330,0,0,0,1.0,,,300.2667,-400.0,,0
bid,H,190,390,,,10C_1 10S_1 9C_2 9H_2 JC_1 JH_1 JS_1 KC_1 KD_2 KH_2 QD_2 QH_2,70,0,4,4,0,0,0,300,-200,0,0,0.3067,-310.0,-186.4667,,,0,
bid,S,390,190,,,10C_2 9D_2 9H_1 9S_1 AH_1 AH_2 AS_1 AS_2 JD_2 KC_2 QD_1 QH_1,10,4,3,4,0,0,0,300,200,0,0,0.14,-361.9333,190.2667,,,0,
bid,D,190,390,,,10D_1 10D_2 10S_2 9D_1 9S_2 AD_2 JC_2 JD_1 JS_2 KD_1 QC_2 QS_1,50,1,6,4,0,1,0,300,-200,0,1,0.7133,61.0667,-53.5333,,,1,
bid,C,390,190,,,10H_1 10H_2 9C_1 AC_1 AC_2 AD_1 JH_2 KH_1 KS_1 KS_2 QC_1 QS_2,30,3,4,4,0,0,0,340,200,0,1,0.16,-357.2667,216.3333,,,0,
fold,D,190,390,220,30,10D_1 10D_2 10S_1 9D_1 AD_2 JC_2 JD_1 KD_1 KD_2 QC_2 QD_2 QS_1,200,1,8,2,1,1,0,330,-200,0,0,1.0,,,273.6,-360.0,,0
bid,S,520,560,,,10D_1 10S_2 AD_2 AS_1 JC_2 JD_2 JH_1 JH_2 JS_1 KH_1 KH_2 QS_2,80,2,4,4,0,1,1,300,-40,0,0,0.6333,-13.8667,129.8,,,0,
bid,D,560,520,,,10C_2 10H_1 10S_1 9C_2 9H_1 9S_2 AC_1 AD_1 AS_2 KD_2 QC_1 QD_1,40,3,3,4,0,0,0,300,40,0,0,0.4067,-227.0667,-61.7333,,,0,
bid,C,520,560,,,10C_1 10D_2 9D_1 9D_2 AH_1 AH_2 JC_1 KC_2 KD_1 KS_1 QC_2 QD_2,60,2,4,5,0,0,0,300,-40,0,1,0.6733,-7.4,-0.7333,,,0,
fold,S,560,520,250,120,10H_1 10S_1 9C_1 9H_2 9S_1 AS_2 JD_1 JS_2 KS_2 QH_1 QH_2 QS_1,200,1,6,4,1,1,0,250,40,0,0,1.0,,,184.4,-370.0,,0
bid,S,970,730,,,9H_2 9S_1 9S_2 AD_2 AH_2 AS_2 JC_1 JC_2 JD_1 JD_2 JS_2 KH_2,20,3,4,3,0,0,0,300,240,0,0,0.4667,-105.5333,83.4,,,0,
bid,D,730,970,,,10D_2 10H_1 10S_2 9C_1 9C_2 9D_1 9H_1 AD_1 AH_1 JS_1 QH_1 QS_1,10,2,3,4,0,0,0,300,-240,0,0,0.1133,-403.6,-88.8,,,0,
bid,S,970,730,,,10C_1 10S_1 9D_2 AC_1 AS_1 JH_2 KD_1 KS_1 QC_1 QC_2 QD_1 QS_2,60,2,4,4,0,0,0,300,240,0,1,0.6667,-8.6667,78.5333,,,0,
bid,H,730,970,,,10C_2 10D_1 10H_2 AC_2 JH_1 KC_1 KC_2 KD_2 KH_1 KS_2 QD_2 QH_2,140,1,4,4,0,0,1,310,-240,0,1,0.4867,-157.6667,109.4667,,,0,
fold,S,970,730,120,120,10S_1 9D_2 AH_2 AS_1 JD_1 JD_2 JH_2 KD_1 KS_1 QC_2 QD_1 QS_2,100,2,4,5,0,1,0,300,240,0,0,0.1867,,,-410.6667,-420.0,,0
bid,C,950,670,,,10H_1 10S_2 9D_1 9H_2 AS_1 JC_1 JC_2 JD_2 KD_2 KH_1 KS_1 KS_2,0,1,2,4,0,0,0,300,280,0,0,0.0667,-429.8667,56.9333,,,0,
bid,D,670,950,,,AC_1 AD_1 AH_1 AS_2 JD_1 JH_1 JH_2 JS_1 JS_2 QH_2 QS_1 QS_2,140,4,2,5,0,1,1,300,-280,0,0,0.8667,187.4667,282.0,,,0,
bid,S,950,670,,,10C_1 10H_2 10S_1 9C_1 9C_2 9D_2 9H_1 9S_1 AH_2 KD_1 QC_2 QH_1,10,1,2,4,0,0,0,300,280,0,1,0.0267,-498.3333,-130.0,,,0,
fold,C,670,950,200,20,10C_2 9S_2 AC_2 AD_2 JD_1 JS_1 KC_1 KC_2 QC_1 QD_1 QD_2 QS_1,80,2,5,4,0,1,0,250,-280,0,0,1.0,,,231.8667,-270.0,,0
bid,D,0,0,,,10H_1 10S_1 9D_1 9S_2 AH_2 JH_2 JS_2 KC_1 KC_2 KD_1 KS_2 QD_2,50,1,3,4,0,0,0,300,0,0,0,0.16,-403.5333,-71.0,,,0,
bid,D,0,0,,,9C_2 9D_2 9H_1 9S_1 AD_1 JS_1 KH_2 QC_1 QC_2 QH_2 QS_1 QS_2,30,1,2,4,0,0,0,300,0,0,0,0.14,-361.8667,41.9333,,,0,
bid,D,0,0,,,10D_1 10D_2 9C_1 AD_2 AH_1 AS_2 JC_2 JD_1 KD_2 KH_1 KS_1 QD_1,150,3,6,2,1,0,0,300,0,0,1,0.9933,329.1333,19.8667,,,1,
bid,S,0,0,,,10C_1 10C_2 10H_2 10S_2 9H_2 AC_1 AC_2 AS_1 JC_1 JD_2 JH_1 QH_1,0,3,2,5,0,0,0,340,0,0,1,0.1,-411.3333,119.8,,,0,
fold,D,0,0,200,30,10D_1 10D_2 9C_1 AD_2 AH_2 JC_2 JD_1 KD_1 KD_2 KS_1 QD_1 QD_2,190,2,8,2,1,0,0,330,0,0,0,1.0,,,285.8667,-360.0,,0
bid,C,100,380,,,10C_1 10H_2 10S_1 9C_2 AD_2 AS_1 AS_2 KC_1 KC_2 KH_1 KS_1 QC_2,50,3,5,4,0,0,0,300,-280,0,0,0.7067,80.4667,76.4,,,1,
bid,D,380,100,,,10D_2 9C_1 9D_1 9D_2 9S_2 AD_1 AH_2 JS_1 JS_2 QD_2 QH_2 QS_1,20,2,5,4,0,0,0,300,280,0,0,0.3733,-181.7333,-0.8,,,0,
bid,C,100,380,,,10H_1 10S_2 9H_1 AC_1 AC_2 JC_1 JC_2 JD_1 JD_2 JH_2 KD_2 QH_1,0,2,4,4,0,0,0,300,-280,0,1,0.2533,-267.0,73.0,,,0,
fold,S,380,100,100,20,9H_2 9S_1 AH_1 JH_1 JS_1 JS_2 KD_1 KS_2 QC_1 QD_1 QS_1 QS_2,70,1,6,3,0,0,0,250,280,0,0,0.44,,,-158.7333,-270.0,,0
bid,D,130,260,,,10D_1 10S_1 9D_2 9H_1 JD_1 JH_1 JH_2 KC_1 KD_2 KH_1 QC_2 QD_2,70,0,5,4,0,0,0,300,-130,0,0,0.62,-68.2,-63.7333,,,0,
bid,C,260,130,,,10C_1 10H_2 10S_2 9C_2 9S_1 AC_1 AD_1 AH_2 AS_1 JC_2 KC_2 KD_1,110,4,5,3,0,0,1,310,130,0,0,0.9733,292.8667,68.6,,,1,
bid,S,130,260,,,10H_1 9D_1 9H_2 9S_2 AS_2 JC_1 JS_1 JS_2 KS_2 QC_1 QD_1 QS_1,50,1,6,2,0,0,0,320,-130,1,0,0.5733,-60.3333,-58.7333,,,0,
bid,H,260,130,,,10C_2 10D_2 9C_1 AC_2 AD_2 AH_1 JD_2 KH_2 KS_1 QH_1 QH_2 QS_2,100,3,4,3,0,1,0,320,130,1,0,0.86,194.4667,173.1333,,,1,
bid,D,130,260,,,10D_1 10S_1 9D_2 9H_1 JD_1 JH_1 JH_2 KC_1 KD_2 KH_1 QC_2 QD_2,70,0,5,4,0,0,0,320,-130,0,1,0.5733,-104.2667,-21.3333,,,0,
fold,C,260,130,180,80,10C_1 9C_2 9S_1 AC_1 AC_2 AD_1 AH_2 AS_1 JC_2 JD_2 KC_2 QS_2,150,5,6,3,0,1,1,310,130,0,0,0.9867,,,226.7333,-390.0,,0
bid,C,670,230,,,10S_1 10S_2 9C_2 9H_1 9S_1 9S_2 AC_1 JD_2 JH_1 KH_1 QD_2 QS_1,50,1,2,5,0,1,0,300,440,0,0,0.2,-365.9333,45.2,,,0,
bid,D,230,670,,,10H_2 9C_1 9D_1 9D_2 AD_2 AH_2 JC_1 JD_1 KC_2 KD_1 KS_2 QH_2,20,2,5,3,0,0,0,300,-440,0,0,0.3867,-180.2,31.2,,,0,
bid,C,670,230,,,10C_2 9H_2 AC_2 AH_1 AS_1 JC_2 JS_1 KC_1 KD_2 QC_1 QC_2 QH_1,150,3,6,3,1,0,0,300,440,0,1,1.0,355.8667,-30.6667,,,1,
bid,S,230,670,,,10C_1 10D_1 10D_2 10H_1 AD_1 AS_2 JH_2 JS_2 KH_2 KS_1 QD_1 QS_2,40,2,4,4,0,0,0,340,-440,0,1,0.3667,-236.3333,41.9333,,,0,
fold,C,670,230,220,30,10C_2 9H_2 AC_1 AC_2 JC_2 JD_2 JS_1 KC_1 QC_1 QC_2 QH_1 QS_1,190,2,7,2,1,1,0,330,440,0,0,0.6,,,-19.6,-360.0,,0
bid,H,0,0,,,10C_2 10D_2 10H_2 9D_1 9D_2 9H_2 AS_1 JD_2 JH_2 JS_1 KH_1 QH_2,50,1,5,4,0,0,0,300,0,0,0,0.6333,-48.2667,-135.7333,,,1,
bid,C,0,0,,,9C_1 9S_1 AC_1 AD_2 AH_1 AS_2 JC_1 JD_1 KH_2 QD_1 QD_2 QS_1,150,4,3,4,0,1,1,310,0,0,0,0.9333,207.4667,291.8667,,,0,
bid,C,0,0,,,10C_1 9C_2 9H_1 AC_2 AD_1 AH_2 JC_2 KC_2 KD_1 KD_2 KS_1 QH_1,10,3,5,3,0,0,0,320,0,1,0,0.6933,58.7333,-8.8,,,1,
bid,S,0,0,,,10D_1 10H_1 10S_1 10S_2 9S_2 JH_1 JS_2 KC_1 KS_2 QC_1 QC_2 QS_2,70,0,6,3,0,0,0,320,0,1,0,0.6133,-59.9333,49.7333,,,0,
bid,H,0,0,,,10C_2 10D_2 10H_2 9D_1 9D_2 9H_2 AS_1 JD_2 JH_2 JS_1 KH_1 QH_2,50,1,5,4,0,0,0,320,0,0,1,0.5067,-137.4,-67.9333,,,0,
fold,C,0,0,190,30,9C_1 9S_1 AC_1 AD_2 AH_1 AS_2 JC_1 JD_1 KC_1 QC_1 QS_1 QS_2,190,4,5,4,0,1,1,310,0,0,0,0.9933,,,270.4667,-340.0,,0
bid,D,370,100,,,10C_2 10H_1 AH_1 AH_2 AS_2 JS_1 KC_2 KD_1 KD_2 KS_1 QD_1 QH_2,40,3,3,4,0,0,0,300,270,0,0,0.28,-282.1333,173.2667,,,0,
bid,C,100,370,,,10H_2 9C_1 9D_2 AC_1 AD_1 JC_1 JC_2 JH_2 KC_1 KH_1 QC_2 QH_1,70,2,6,4,0,0,0,300,-270,0,0,0.8067,129.6,-85.6,,,1,
bid,S,370,100,,,10D_1 10D_2 10S_2 9C_2 9H_2 9S_1 9S_2 AS_1 JH_1 JS_2 QD_2 QS_1,20,1,6,3,0,0,0,340,270,0,1,0.38,-191.8,58.1333,,,0,
bid,D,100,370,,,10C_1 10S_1 9D_1 9H_1 AC_2 AD_2 JD_1 JD_2 KH_2 KS_2 QC_1 QS_2,70,2,4,3,0,1,0,340,-270,1,0,0.4067,-142.3333,189.0667,,,0,
fold,C,100,370,110,30,10S_1 9C_1 AC_1 JC_1 JC_2 JD_1 JH_2 KC_1 KH_1 QC_2 QH_1 QS_2,110,1,6,3,0,1,0,330,-270,0,0,0.0467,,,-422.9333,-360.0,,1
bid,H,-230,400,,,10H_1 10H_2 10S_2 AC_1 AC_2 AS_2 JC_1 JD_2 JH_1 KC_1 KH_2 QH_1,40,3,5,4,0,0,0,300,-630,0,0,0.66,80.8667,122.4667,,,0,
bid,D,400,-230,,,10C_1 10C_2 10D_1 10S_1 9D_1 9S_1 AD_2 AH_2 JS_1 KC_2 KH_1 QS_1,10,2,3,4,0,0,0,300,630,0,0,0.1467,-380.8,43.2,,,0,
bid,D,-230,400,,,10D_2 9C_1 9H_2 AH_1 JD_1 JH_2 KD_1 QC_1 QD_1 QD_2 QH_2 QS_2,140,1,5,4,0,1,1,300,-630,0,1,0.7733,118.1333,15.6,,,1,
fold,H,400,-230,30,170,9C_2 9D_2 9H_1 9S_2 AH_2 AS_1 JC_2 JS_2 KH_1 KS_1 QC_2 QS_1,30,2,3,5,0,0,0,250,630,0,0,0.0,,,-530.7333,-420.0,,1
bid,C,150,-60,,,10C_1 9C_1 9C_2 9H_1 9S_1 AC_2 AH_1 JC_1 JC_2 QC_1 QD_2 QS_2,20,2,7,2,0,0,0,300,210,0,0,0.8,188.1333,-36.2667,,,1,
bid,D,-60,150,,,10D_2 10H_1 10H_2 10S_1 10S_2 AD_2 JD_1 JD_2 JS_1 JS_2 KH_1 QH_1,20,1,4,4,0,0,0,340,-210,0,0,0.2467,-284.6,97.4,,,0,
bid,S,150,-60,,,10D_1 9D_1 9D_2 9S_2 AD_1 AS_2 JH_2 KC_1 KC_2 KD_1 QC_2 QH_2,30,2,2,5,0,0,0,340,210,1,0,0.0333,-439.0,63.7333,,,0,
bid,S,-60,150,,,10C_2 9H_2 AC_1 AH_2 AS_1 JH_1 KD_2 KH_2 KS_1 KS_2 QD_1 QS_1,60,3,4,4,0,0,0,340,-210,0,1,0.5467,-62.0667,176.2667,,,0,
fold,C,150,-60,210,60,10C_1 9C_1 9C_2 9H_1 AC_2 JC_1 JC_2 KC_1 KC_2 QC_1 QC_2 QD_2,210,1,10,1,1,0,0,330,210,0,0,1.0,,,321.4667,-390.0,,0
bid,C,10,600,,,10C_2 10S_1 9C_1 9C_2 9D_1 AC_2 AH_2 AS_1 KH_2 KS_1 KS_2 QH_2,40,3,4,4,0,0,0,300,-590,0,0,0.4867,-135.6667,-4.0667,,,0,
bid,D,600,10,,,10H_2 AD_1 AD_2 AH_1 JD_1 JD_2 JH_1 JS_2 KC_2 QC_2 QD_2 QS_1,60,3,5,3,0,1,0,300,590,0,0,0.7933,165.5333,170.9333,,,0,
bid,H,10,600,,,10D_1 10D_2 9D_2 9H_1 9H_2 AC_1 JC_1 JS_1 KD_1 KD_2 QC_1 QS_2,20,1,2,5,0,0,0,300,-590,0,1,0.0933,-412.6667,-17.3333,,,0,
fold,H,600,10,60,60,10H_1 9S_1 9S_2 AD_1 AS_2 JC_2 JD_1 JD_2 JH_2 KH_1 QD_1 QH_1,40,2,4,4,0,0,0,250,590,0,0,0.1067,,,-374.4,-310.0,,1
bid,D,350,70,,,10C_1 10D_1 10D_2 10S_2 9C_1 9H_1 AD_2 JD_1 KC_2 KH_2 QD_2 QH_1,20,1,5,3,0,0,0,300,280,0,0,0.6,-65.9333,-32.0667,,,0,
bid,C,70,350,,,10C_2 10H_2 9H_2 9S_1 AD_1 JC_2 JD_2 JH_2 KD_1 KS_1 KS_2 QH_2,0,1,2,4,0,0,0,300,-280,0,0,0.1067,-395.0,30.0667,,,0,
bid,H,350,70,,,10H_1 9D_1 AC_1 AC_2 AH_1 AH_2 AS_2 JC_1 JS_1 KC_1 KD_2 QS_2,0,5,3,4,0,0,0,300,280,0,1,0.5533,-83.3333,186.6667,,,0,
fold,S,70,350,230,20,10C_2 10S_1 9D_2 9S_2 AS_1 JD_2 JH_1 JS_2 KS_1 QC_2 QD_1 QS_1,200,1,6,3,1,1,0,250,-280,0,0,1.0,,,250.8,-270.0,,0
bid,S,410,510,,,10D_1 10S_1 9D_1 AC_1 AD_1 AH_2 AS_2 JC_2 JS_1 QD_2 QH_1 QH_2,100,4,3,4,0,0,1,300,-100,0,0,0.82,68.3333,97.6,,,0,
bid,C,510,410,,,10C_2 10S_2 9C_2 9H_1 9S_1 AC_2 AD_2 JS_2 KC_1 QC_2 QD_1 QS_1,50,2,5,4,0,0,0,300,100,0,0,0.8,125.3333,-12.4,,,1,
bid,H,410,510,,,10C_1 10H_1 9D_2 9H_2 9S_2 AH_1 JH_1 JH_2 KD_1 KD_2 KH_2 QC_1,10,1,6,3,0,0,0,300,-100,0,1,0.56,-79.2667,-66.5333,,,0,
fold,S,510,410,520,110,10S_2 9C_1 AS_1 JC_1 JD_1 JD_2 JS_2 KC_2 KS_1 KS_2 QS_1 QS_2,490,1,7,3,1,1,0,250,100,0,0,1.0,,,471.3333,-360.0,,0
bid,H,0,0,,,10H_1 10S_1 9C_2 AH_1 JC_2 JD_2 JS_1 JS_2 KH_2 KS_1 KS_2 QH_1,40,1,4,5,0,0,0,300,0,0,0,0.52,-136.8,-60.1333,,,0,
bid,D,0,0,,,10D_2 10S_2 9D_2 9H_1 9S_2 AD_1 AS_1 JD_1 KC_1 KD_2 KH_1 QC_2,30,2,5,3,0,0,0,310,0,0,0,0.6067,-16.8,-19.7333,,,1,
bid,C,0,0,,,10C_1 10D_1 9C_1 9D_1 9S_1 AC_2 AD_2 JC_1 JH_2 QC_1 QD_1 QH_2,10,2,5,4,0,0,0,320,0,1,0,0.5933,-32.7333,-79.6667,,,1,
bid,H,0,0,,,10C_2 10H_2 9H_2 AC_1 AH_2 AS_2 JH_1 KC_2 KD_1 QD_2 QS_1 QS_2,30,3,4,3,0,0,0,330,0,1,0,0.5533,-38.8,201.1333,,,0,
bid,H,0,0,,,10H_1 10S_1 9C_2 AH_1 JC_2 JD_2 JS_1 JS_2 KH_2 KS_1 KS_2 QH_1,40,1,4,5,0,0,0,340,0,1,0,0.3933,-215.5333,47.5333,,,0,
bid,D,0,0,,,10D_2 10S_2 9D_2 9H_1 9S_2 AD_1 AS_1 JD_1 KC_1 KD_2 KH_1 QC_2,30,2,5,3,0,0,0,340,0,1,0,0.42,-154.1333,51.4,,,0,
bid,C,0,0,,,10C_1 10D_1 9C_1 9D_1 9S_1 AC_2 AD_2 JC_1 JH_2 QC_1 QD_1 QH_2,10,2,5,4,0,0,0,340,0,1,1,0.4933,-103.5333,-10.2667,,,0,
bid,H,0,0,,,10C_2 10H_2 9H_2 AC_1 AH_2 AS_2 JH_1 KC_2 KD_1 QD_2 QS_1 QS_2,30,3,4,3,0,0,0,350,0,1,1,0.4067,-122.0667,248.2,,,0,
bid,C,60,-340,,,10C_1 9C_1 9H_2 9S_2 AH_2 AS_2 JD_1 JS_1 KS_1 QD_1 QD_2 QH_2,10,2,2,4,0,0,0,300,400,0,0,0.0467,-439.9333,14.8667,,,0,
bid,C,-340,60,,,10C_2 10H_2 AC_1 AS_1 JD_2 JS_2 KC_1 KD_1 KH_2 QC_2 QH_1 QS_1,100,2,4,3,0,1,0,300,-400,0,0,0.8067,106.7333,129.4,,,0,
bid,S,60,-340,,,10D_1 10S_2 9C_2 9D_1 9D_2 9S_1 AC_2 AH_1 JH_2 KS_2 QC_1 QS_2,50,2,4,3,0,0,0,300,400,0,1,0.4,-208.7333,33.6667,,,0,
fold,S,-340,60,80,60,10D_2 10S_1 9H_1 AD_1 AD_2 AS_1 JC_1 JC_2 JD_2 JH_1 KD_2 QS_1,40,3,3,5,0,1,0,250,-400,0,0,0.2533,,,-291.6667,-310.0,,0
bid,S,-590,250,,,10S_1 10S_2 9S_2 AD_2 AH_1 AS_2 JC_2 JH_1 JH_2 JS_1 QC_1 QD_2,10,3,5,3,0,0,0,300,-840,0,0,0.38,-199.1333,-1.1333,,,0,
bid,H,250,-590,,,10C_1 10D_1 9C_2 9S_1 JC_1 JD_2 KC_2 KD_1 KH_2 KS_1 KS_2 QH_1,120,0,2,4,0,0,1,300,840,0,0,0.1667,-403.0667,62.2667,,,0,
bid,H,-590,250,,,10H_1 9C_1 9H_1 AC_1 AD_1 AH_2 KC_1 KD_2 KH_1 QC_2 QH_2 QS_1,70,3,5,4,0,0,0,300,-840,0,1,0.9067,259.0667,23.4,,,1,
bid,D,250,-590,,,10C_2 10D_2 10H_2 9D_1 9D_2 9H_2 AC_2 AS_1 JD_1 JS_2 QD_1 QS_2,60,2,5,3,0,1,0,340,840,0,1,0.44,-121.2667,103.2,,,0,
fold,H,-590,250,200,170,10H_1 9C_1 9H_1 AH_1 AH_2 JH_1 JH_2 KC_1 KH_1 QC_2 QH_2 QS_1,180,2,8,3,1,0,0,330,-840,0,0,0.48,,,-239.6667,-500.0,,0
bid,D,490,-210,,,10D_1 10D_2 10H_1 9H_2 JC_1 JS_1 KC_1 KC_2 KD_1 KD_2 KH_1 QD_2,40,0,5,3,0,0,0,300,700,0,0,0.2067,-361.6667,-84.5333,,,0,
bid,S,-210,490,,,10S_2 9H_1 9S_1 AH_1 AS_1 AS_2 JD_1 JS_2 KS_1 QC_2 QH_1 QS_2,200,3,7,3,1,1,0,300,-700,0,0,1.0,378.8,60.2,,,1,
bid,D,490,-210,,,10H_2 10S_1 9C_2 9D_2 AC_2 AD_1 AD_2 JH_2 KS_2 QC_1 QD_1 QS_1,30,3,4,3,0,0,0,340,700,0,1,0.2,-333.1333,218.4667,,,0,
bid,H,-210,490,,,10C_1 10C_2 9C_1 9D_1 9S_2 AC_1 AH_2 JC_2 JD_2 JH_1 KH_2 QH_2,40,2,4,5,0,0,0,340,-700,1,0,0.5667,-73.8,14.8,,,0,
fold,S,-210,490,230,60,10S_2 9S_1 AC_1 AH_2 AS_1 AS_2 JD_1 JD_2 JS_2 KS_1 QC_2 QS_2,200,4,7,2,1,1,0,330,-700,0,0,1.0,,,288.5333,-390.0,,0
bid,H,200,620,,,10C_2 10D_1 10S_1 9H_2 AS_2 JS_2 KD_1 KD_2 KH_1 QD_2 QH_1 QH_2,70,1,4,4,0,0,0,300,-420,0,0,0.3067,-285.0,-45.8667,,,0,
bid,S,620,200,,,10H_2 10S_2 9C_1 9H_1 9S_2 AS_1 JC_1 JD_2 KH_2 KS_1 QD_1 QS_2,90,1,5,3,0,1,0,300,420,0,0,0.7333,33.4,-27.2,,,1,
bid,C,200,620,,,10C_1 10D_2 10H_1 9D_1 9S_1 AD_1 JC_2 JH_2 JS_1 KC_1 QC_1 QS_1,40,1,4,3,0,0,0,340,-420,0,1,0.3867,-225.4,-18.2667,,,0,
bid,C,620,200,,,9C_2 9D_2 AC_1 AC_2 AD_2 AH_1 AH_2 JD_1 JH_1 KC_2 KS_2 QC_2,50,5,5,3,0,0,0,340,420,1,0,0.7733,175.0667,303.0667,,,0,
fold,S,620,200,110,70,10S_2 9H_1 9S_2 AC_1 AS_1 JC_1 JD_1 JD_2 KS_1 KS_2 QD_1 QS_2,90,2,6,3,0,1,0,330,420,0,0,0.1467,,,-389.2,-400.0,,0
bid,S,290,270,,,10D_1 10D_2 10H_1 9C_2 9D_1 9S_2 AC_1 AH_1 AH_2 JC_1 KC_2 QH_2,10,3,1,4,0,0,0,300,20,0,0,0.0467,-445.8667,40.6,,,0,
bid,C,270,290,,,10C_2 10H_2 AC_2 AD_1 AS_2 JC_2 JD_2 KD_1 KD_2 KH_1 KS_1 QC_1,0,3,4,4,0,0,0,300,-20,0,0,0.62,-26.0,65.0667,,,0,
bid,S,290,270,,,10C_1 9D_2 9H_1 9S_1 AD_2 JH_1 JH_2 KS_2 QC_2 QD_1 QD_2 QS_2,50,1,3,4,0,0,0,300,20,0,1,0.12,-406.2667,7.0667,,,0,
fold,S,270,290,230,60,10S_1 10S_2 AS_1 AS_2 JD_1 JD_2 JS_1 JS_2 KH_2 KS_1 QH_1 QS_1,210,2,8,2,1,1,0,250,-20,0,0,1.0,,,246.1333,-310.0,,0
bid,D,660,440,,,10C_2 10H_2 9D_2 9H_2 9S_1 9S_2 AC_1 AC_2 AD_1 JS_2 KH_1 KS_1,10,3,2,4,0,0,0,300,220,0,0,0.0667,-443.2667,-15.4,,,0,
bid,D,440,660,,,10D_1 10H_1 9D_1 AH_1 AS_1 AS_2 KD_2 QC_2 QD_2 QH_1 QS_1 QS_2,110,3,4,4,0,0,1,300,-220,0,0,0.5933,34.9333,230.0,,,0,
bid,H,660,440,,,10C_1 10S_1 9C_1 9C_2 AD_2 AH_2 JC_1 JC_2 JD_2 KC_1 KH_2 QH_2,40,2,3,6,0,0,0,300,220,0,1,0.5267,-112.5333,-1.4,,,0,
fold,D,440,660,150,30,10D_2 10H_1 9H_1 JD_1 JH_2 JS_1 KC_2 KD_1 QC_1 QD_1 QS_1 QS_2,100,0,4,3,0,1,0,250,-220,0,0,0.5867,,,-117.8,-280.0,,0
bid,H,750,780,,,9C_1 9H_2 9S_2 AD_1 AH_1 JC_1 JH_1 JS_2 KH_2 QH_1 QH_2 QS_1,50,2,6,3,0,0,0,300,-30,0,0,0.8533,187.1333,-25.7333,,,1,
bid,D,780,750,,,10D_1 9D_2 AC_1 AD_2 AS_2 JD_1 JH_2 JS_1 KD_1 KD_2 KS_1 QC_1,10,3,6,3,0,0,0,340,30,0,0,0.7,113.0667,90.3333,,,1,
bid,C,750,780,,,10D_2 10S_1 10S_2 9D_1 9S_1 JC_2 JD_2 KC_2 KH_1 QC_2 QD_2 QS_2,80,0,3,4,0,1,0,350,-30,1,0,0.28,-338.2667,107.7333,,,0,
bid,H,780,750,,,10C_1 10C_2 10H_1 10H_2 9C_2 9H_1 AC_2 AH_2 AS_1 KC_1 KS_2 QD_1,10,3,4,5,0,0,0,350,30,1,0,0.3533,-201.0667,94.2667,,,0,
bid,H,750,780,,,9C_1 9H_2 9S_2 AD_1 AH_1 JC_1 JH_1 JS_2 KH_2 QH_1 QH_2 QS_1,50,2,6,3,0,0,0,350,-30,0,1,0.7667,128.2667,114.7333,,,1,
fold,D,780,750,160,90,10D_1 10H_1 9D_2 AD_2 AH_2 JD_1 JH_2 JS_1 KD_1 KD_2 QC_1 QD_1,160,2,7,3,1,0,0,340,30,0,0,0.6533,,,-33.7333,-430.0,,0
bid,S,0,0,,,10C_1 10D_2 10S_2 9S_2 AD_1 AS_2 JH_1 JS_1 KC_2 KH_2 QD_1 QH_1,30,2,4,3,0,0,0,300,0,0,0,0.2133,-324.2,-90.0667,,,0,
bid,D,0,0,,,10D_1 9C_2 9H_1 AC_1 AH_1 JD_1 JH_2 KD_1 KS_2 QD_2 QH_2 QS_1,100,2,4,4,0,1,0,300,0,0,0,0.6267,-1.6667,88.2,,,0,
bid,H,0,0,,,10S_1 9C_1 9D_2 9H_2 9S_1 AD_2 AH_2 JD_2 JS_2 KD_2 QC_2 QS_2,50,2,2,4,0,1,0,300,0,0,1,0.1867,-369.9333,7.4,,,0,
fold,C,0,0,240,70,10C_2 9D_1 AC_1 AC_2 JC_1 JC_2 JD_1 KC_1 KH_1 KS_1 QC_1 QS_1,210,2,7,2,1,1,0,250,0,0,0,1.0,,,202.8,-320.0,,0
bid,D,400,160,,,10D_2 9H_1 AC_2 AD_1 AS_1 JC_2 JD_2 KH_2 KS_1 QC_2 QD_2 QH_2,20,3,4,3,0,0,0,300,240,0,0,0.6667,-0.8667,129.4,,,0,
bid,C,160,400,,,10H_2 9C_1 AH_1 AS_2 JC_1 JH_1 JH_2 JS_2 KC_2 KD_1 QC_1 QD_1,70,2,4,4,0,0,0,300,-240,0,0,0.4267,-187.1333,33.1333,,,0,
bid,S,400,160,,,10C_2 10S_1 10S_2 9S_1 9S_2 AC_1 AH_2 JD_1 KH_1 KS_2 QS_1 QS_2,100,2,7,2,0,1,0,300,240,0,1,0.9,285.4667,69.8,,,1,
bid,D,160,400,,,10C_1 10D_1 10H_1 9C_2 9D_1 9D_2 9H_2 AD_2 JS_1 KC_1 KD_2 QH_1,20,1,5,3,0,0,0,340,-240,0,1,0.08,-402.6667,-62.0,,,0,
fold,S,400,160,420,40,10S_1 10S_2 9S_1 9S_2 AH_2 AS_1 JD_1 JD_2 KS_1 KS_2 QS_1 QS_2,400,2,9,2,0,1,0,330,240,0,0,1.0,,,544.6667,-370.0,,0
bid,H,0,0,,,10C_2 10H_2 9C_2 9D_2 AH_1 AS_1 AS_2 JS_1 KC_1 KH_1 QD_1 QH_1,40,3,4,3,0,0,0,300,0,0,0,0.78,59.2,60.8,,,0,
bid,S,0,0,,,10C_1 10D_1 10S_1 9D_1 9S_1 9S_2 AC_2 AH_2 KC_2 KS_1 QH_2 QS_2,60,2,5,3,0,0,0,300,0,0,0,0.54,-78.0,-20.0667,,,0,
bid,S,0,0,,,10H_1 10S_2 9C_1 9H_2 AC_1 JC_2 JD_1 JH_1 JS_2 KD_2 KS_2 QS_1,120,1,4,3,0,1,1,300,0,0,1,0.62,-54.2667,45.4667,,,0,
fold,D,0,0,240,130,10D_1 10D_2 9H_1 AC_2 AD_1 AD_2 JC_1 JD_2 JH_2 KD_1 QD_2 QS_2,190,3,7,2,1,1,0,250,0,0,0,1.0,,,178.9333,-380.0,,0
bid,S,410,210,,,10C_2 10H_2 10S_1 10S_2 9D_1 9S_2 AC_1 AS_1 JS_2 KH_1 QC_1 QH_2,30,2,5,3,0,0,0,300,200,0,0,0.24,-320.0,-130.0,,,0,
bid,H,210,410,,,9C_1 9C_2 9H_1 9S_1 AH_1 AH_2 JD_1 JH_1 KC_1 KD_1 KH_2 QH_1,50,2,6,3,0,0,0,300,-200,0,0,0.6733,-3.8,-43.4,,,1,
bid,C,410,210,,,AC_2 AD_1 AD_2 JC_1 JD_2 JH_2 JS_1 KC_2 KD_2 KS_1 KS_2 QC_2,80,3,4,4,0,0,1,300,200,0,1,0.7333,64.2,227.4,,,0,
fold,H,210,410,120,100,10H_1 9D_2 9H_2 AH_1 AS_2 JC_2 JD_1 KD_1 QD_1 QD_2 QS_1 QS_2,70,2,3,5,0,1,0,250,-200,0,0,0.6533,,,-115.4,-350.0,,0
bid,S,480,610,,,10C_2 10S_2 9S_2 AC_1 AD_1 AH_2 AS_2 JC_1 JH_1 KD_2 KS_1 QS_2,150,4,5,3,0,0,1,300,-130,0,0,1.0,360.8,190.3333,,,1,
bid,D,610,480,,,10H_1 10H_2 9C_1 9S_1 JC_2 JH_2 JS_1 JS_2 KC_2 KD_1 QD_2 QS_1,40,0,2,4,0,0,0,340,130,0,0,0.1,-440.8,71.8,,,0,
bid,H,480,610,,,10C_1 10D_1 9C_2 9D_1 9H_1 9H_2 AH_1 JD_2 QC_1 QC_2 QD_1 QH_1,20,1,4,4,0,0,0,340,-130,1,0,0.1867,-341.6,29.3333,,,0,
bid,D,610,480,,,10D_2 10S_1 9D_2 AC_2 AD_2 AS_1 JD_1 KC_1 KH_1 KH_2 KS_2 QH_2,30,3,4,3,0,0,0,340,130,0,1,0.2067,-327.9333,208.8,,,0,
fold,S,480,610,210,50,10C_1 10S_2 9S_2 AC_1 AD_1 AH_1 AH_2 AS_2 JD_2 JH_1 KS_1 QS_2,190,5,5,3,0,1,1,330,-130,0,0,0.9933,,,284.8667,-380.0,,0
bid,C,760,840,,,10C_1 10C_2 10D_1 10D_2 10H_1 9H_1 AC_2 JC_1 JD_1 JH_1 JH_2 KH_2,0,1,4,5,0,0,0,300,-80,0,0,0.3067,-266.0667,-31.6667,,,0,
bid,C,840,760,,,9C_1 9D_1 9H_2 AC_1 AD_1 AH_2 JS_1 JS_2 KC_1 KD_2 KS_1 QC_1,50,3,4,3,0,0,0,300,80,0,0,0.68,2.0667,4.2,,,0,
bid,S,760,840,,,10S_2 9C_2 9S_2 AS_2 KH_1 KS_2 QD_1 QD_2 QH_1 QH_2 QS_1 QS_2,70,1,6,3,0,0,0,300,-80,0,1,0.8133,158.0,122.8,,,1,
fold,S,840,760,50,70,10S_1 9D_2 9S_1 AH_2 AS_1 JC_2 JD_2 JS_2 KC_2 KD_1 KS_1 QC_2,30,2,5,3,0,0,0,250,80,0,0,0.1533,,,-338.1333,-320.0,,1
bid,D,590,830,,,10C_2 10D_1 9D_2 9S_1 AD_2 JC_1 JC_2 JH_2 KD_2 KH_1 KS_1 QC_1,10,1,4,4,0,0,0,300,-240,0,0,0.1467,-396.6667,-101.6,,,0,
bid,S,830,590,,,10H_2 10S_2 9H_1 9H_2 AC_1 AD_1 AS_2 JD_2 JS_1 KS_2 QC_2 QD_2,0,3,4,3,0,0,0,300,240,0,0,0.64,20.2,76.2,,,0,
bid,S,590,830,,,10C_1 9C_2 9D_1 9S_2 AC_2 AS_1 JD_1 JS_2 KC_2 QD_1 QS_1 QS_2,50,2,5,4,0,1,0,300,-240,0,1,0.78,163.1333,6.6,,,1,
fold,H,830,590,190,40,10H_1 10H_2 9C_1 AD_1 AH_1 AH_2 JD_2 JH_1 KC_1 KH_2 QH_1 QH_2,150,3,8,2,1,0,0,250,240,0,0,1.0,,,244.4,-290.0,,0
bid,C,0,0,,,10D_1 10S_1 9C_2 9D_1 9S_2 AC_1 AC_2 AS_1 JC_2 KH_1 KS_1 KS_2,10,3,4,5,0,0,0,300,0,0,0,0.2933,-276.4667,59.2667,,,0,
bid,D,0,0,,,10H_2 9C_1 AD_1 AS_2 JD_2 JH_2 JS_2 KC_1 KC_2 QD_1 QS_1 QS_2,40,2,3,4,0,1,0,300,0,0,0,0.5867,-15.1333,220.4667,,,0,
bid,D,0,0,,,10D_2 9H_2 9S_1 AD_2 JC_1 JD_1 JH_1 KD_2 KH_2 QD_2 QH_1 QH_2,170,1,5,5,1,0,0,300,0,0,1,0.9067,131.1333,-11.4,,,1,
bid,H,0,0,,,10C_1 10C_2 10H_1 10S_2 9D_2 9H_1 AH_1 AH_2 JS_1 KD_1 QC_1 QC_2,10,2,4,4,0,0,0,310,0,0,1,0.1133,-391.2,42.0667,,,0,
fold,D,0,0,200,50,10D_1 10D_2 9S_1 AC_1 AD_2 AS_1 JC_1 JD_1 KD_2 KH_2 QD_2 QH_1,170,3,6,2,1,0,0,300,0,0,0,1.0,,,246.6667,-350.0,,0
bid,S,130,370,,,10C_1 10D_1 10D_2 10S_1 9C_1 AD_1 AS_1 JH_2 JS_2 KC_1 KH_1 QD_1,0,2,3,4,0,0,0,300,-240,0,0,0.1667,-352.8667,-60.0667,,,0,
bid,C,370,130,,,10H_1 10S_2 9C_2 9H_1 AC_1 AC_2 AS_2 JH_1 KC_2 KD_1 KH_2 QC_2,50,3,5,4,0,0,0,300,240,0,0,0.6467,-16.5333,58.9333,,,0,
bid,S,130,370,,,9S_2 AD_2 JC_2 JD_1 JD_2 JS_1 KD_2 KS_1 KS_2 QC_1 QH_2 QS_1,90,1,5,4,0,1,0,300,-240,0,1,0.74,158.0667,58.6,,,1,
fold,H,370,130,190,60,10H_1 10H_2 9H_2 9S_1 AH_1 AH_2 JC_1 JH_1 KH_2 QD_2 QH_1 QS_2,160,2,8,2,1,0,0,250,240,0,0,1.0,,,206.0,-310.0,,0
bid,D,760,240,,,10D_2 9C_1 9D_2 AD_1 JD_2 JH_2 JS_2 KC_1 KD_2 KH_1 QH_2 QS_1,70,1,5,3,0,1,0,300,520,0,0,0.6867,22.2,48.7333,,,0,
bid,S,240,760,,,10C_1 10D_1 10H_2 10S_2 9C_2 9S_2 AH_2 AS_1 AS_2 JS_1 QC_1 QH_1,10,3,5,3,0,0,0,300,-520,0,0,0.2,-332.4,11.6667,,,0,
bid,C,760,240,,,10C_2 10H_1 9H_2 AC_1 AC_2 AD_2 JC_2 JD_1 JH_1 QC_2 QD_1 QS_2,40,3,5,3,0,1,0,300,520,0,1,0.7467,115.3333,142.0667,,,0,
fold,D,240,760,130,110,10D_1 9D_1 9H_1 9S_1 AH_2 AS_1 JC_1 KC_2 KD_1 KH_2 KS_2 QD_2,130,2,4,3,0,0,1,250,-520,0,0,0.5667,,,-191.3333,-360.0,,0
bid,D,0,0,,,10S_2 9D_2 9S_2 AD_1 AD_2 JD_1 KC_1 KH_1 KH_2 QC_1 QH_1 QS_2,90,2,4,3,0,1,0,300,0,0,0,0.32,-235.8,285.0667,,,0,
bid,D,0,0,,,10C_2 10D_1 10H_1 10H_2 9C_1 AC_2 AS_2 JH_2 JS_2 KC_2 KS_2 QH_2,0,2,1,4,0,0,0,300,0,0,0,0.0667,-465.2,-125.6667,,,0,
bid,H,0,0,,,10C_1 10D_2 9C_2 9D_1 9S_1 AH_1 AH_2 AS_1 JC_1 JD_2 QD_1 QD_2,0,3,2,5,0,0,0,300,0,0,1,0.1067,-404.8667,176.1333,,,0,
fold,S,0,0,150,100,10S_1 9H_1 9H_2 AS_2 JC_2 JH_1 JS_1 JS_2 KS_1 KS_2 QC_2 QS_1,150,1,7,3,1,0,0,250,0,0,0,0.82,,,16.8,-350.0,,0
bid,H,330,170,,,10D_1 10H_2 10S_2 9C_2 AC_2 AD_2 AH_2 JH_2 KD_2 KH_2 KS_2 QH_1,150,3,5,3,1,0,0,300,160,0,0,0.9933,290.2,-13.1333,,,1,
bid,C,170,330,,,10C_2 9D_2 9H_2 9S_2 JC_1 JC_2 JD_2 KC_2 KH_1 QC_2 QS_1 QS_2,80,0,5,3,0,1,0,340,-160,0,0,0.6,-14.8667,99.7333,,,0,
bid,C,330,170,,,10C_1 10D_2 10S_1 9D_1 9H_1 9S_1 AC_1 AD_1 AH_1 JH_1 QD_2 QH_2,0,3,2,4,0,0,0,350,160,1,0,0.0933,-436.5333,77.8667,,,0,
bid,S,170,330,,,10H_1 9C_1 AS_1 AS_2 JD_1 JS_1 JS_2 KC_1 KD_1 KS_1 QC_1 QD_1,40,2,5,3,0,0,0,350,-160,1,0,0.3533,-212.9333,179.5333,,,0,
bid,H,330,170,,,10D_1 10H_2 10S_2 9C_2 AC_2 AD_2 AH_2 JH_2 KD_2 KH_2 KS_2 QH_1,150,3,5,3,1,0,0,350,160,0,1,0.9533,260.8667,54.2667,,,1,
bid,C,170,330,,,10C_2 9D_2 9H_2 9S_2 JC_1 JC_2 JD_2 KC_2 KH_1 QC_2 QS_1 QS_2,80,0,5,3,0,1,0,360,-160,0,1,0.54,-73.9333,157.8667,,,0,
fold,H,330,170,160,110,10H_2 9C_2 AC_2 AD_2 AH_1 AH_2 JH_1 JH_2 KD_2 KH_2 QH_1 QH_2,150,4,8,2,1,0,0,350,160,0,0,0.72,,,22.0667,-460.0,,0
bid,D,280,740,,,9D_2 9H_1 AD_1 AH_2 JC_1 JD_1 JD_2 JH_1 KC_1 KC_2 KS_1 QD_1,10,2,5,3,0,0,0,300,-460,0,0,0.5133,-71.8667,42.6,,,0,
bid,S,740,280,,,10C_2 10D_2 10H_2 9D_1 AS_2 JS_2 KD_1 KD_2 KH_1 QC_1 QC_2 QH_1,20,1,2,4,0,0,0,300,460,0,0,0.04,-427.6667,-20.7333,,,0,
bid,C,280,740,,,10C_1 9C_1 9S_1 AD_2 AH_1 AS_1 JC_2 JH_2 QD_2 QH_2 QS_1 QS_2,10,3,3,4,0,0,0,300,-460,0,1,0.5733,-61.0,123.6,,,0,
fold,C,740,280,30,10,10C_2 10S_2 9C_2 9H_2 9S_2 AC_1 AC_2 JS_1 KH_2 KS_2 QC_1 QC_2,10,2,6,4,0,0,0,250,460,0,0,0.0867,,,-320.0667,-260.0,,1
bid,D,490,290,,,10D_1 9D_1 9D_2 9H_2 AC_1 AH_2 AS_1 AS_2 KC_2 KH_2 QS_1 QS_2,20,4,3,4,0,0,0,300,200,0,0,0.6067,3.6667,128.1333,,,0,
bid,D,290,490,,,10S_2 9C_2 9S_2 AD_1 JH_1 JS_1 KC_1 KD_1 KH_1 QC_1 QC_2 QD_1,60,1,3,4,0,0,0,300,-200,0,0,0.22,-363.7333,-37.2667,,,0,
bid,H,490,290,,,10C_1 10H_2 AC_2 AH_1 JC_1 JC_2 JD_1 JD_2 JH_2 KS_2 QD_2 QH_2,0,2,4,4,0,0,0,300,200,0,1,0.6267,-4.6,36.2667,,,0,
bid,C,290,490,,,10C_2 10D_2 10H_1 10S_1 9C_1 9H_1 9S_1 AD_2 JS_2 KD_2 KS_1 QH_1,10,1,2,4,0,0,0,310,-200,0,1,0.02,-469.3333,-111.2667,,,0,
fold,H,490,290,310,50,10H_2 AH_1 AH_2 JC_1 JC_2 JD_1 JD_2 JH_2 QD_2 QH_2 QS_1 QS_2,300,2,5,3,0,1,0,300,200,0,0,1.0,,,276.8,-350.0,,0
bid,C,400,990,,,10C_1 10S_1 10S_2 9C_1 9D_2 9S_2 AC_1 KC_2 QC_1 QD_1 QD_2 QH_2,50,1,5,3,0,0,0,300,-590,0,0,0.5933,-81.7333,22.9333,,,0,
bid,S,990,400,,,9H_2 AC_2 AD_2 AH_1 JC_1 JD_1 JD_2 JH_1 KC_1 KH_1 KS_1 QS_1,80,3,2,4,0,1,0,300,590,0,0,0.8,185.0,134.6667,,,1,
bid,D,400,990,,,10C_2 10D_1 10D_2 9H_1 AD_1 AH_2 AS_2 JH_2 JS_1 JS_2 QH_1 QS_2,0,3,3,4,0,0,0,310,-590,0,1,0.28,-290.8,37.9333,,,0,
bid,S,990,400,,,10H_1 10H_2 9C_2 9D_1 9S_1 AS_1 JC_2 KD_1 KD_2 KH_2 KS_2 QC_2,10,1,3,3,0,0,0,310,590,1,0,0.0467,-430.3333,-3.7333,,,0,
fold,S,990,400,110,30,10H_1 9H_2 AH_1 AS_1 JC_1 JD_1 JD_2 JH_1 KH_1 KS_1 KS_2 QS_1,80,2,4,5,0,1,0,300,590,0,0,0.18,,,-318.4,-330.0,,0
bid,C,690,510,,,10H_2 9D_2 9H_1 9H_2 9S_2 AC_1 AC_2 KC_2 KD_2 KH_1 KH_2 QS_1,0,2,3,5,0,0,0,300,180,0,0,0.14,-381.4667,71.0,,,0,
bid,S,510,690,,,10D_1 10H_1 10S_1 10S_2 9C_1 9S_1 JC_1 JD_1 JS_1 JS_2 QD_1 QH_2,10,0,5,3,0,0,0,300,-180,0,0,0.1667,-364.0,-104.2,,,0,
bid,H,690,510,,,10D_2 9D_1 AD_1 AD_2 AH_1 AH_2 AS_2 JC_2 JH_2 KC_1 KS_2 QC_1,20,5,3,4,0,0,0,300,180,0,1,0.56,-77.2667,156.1333,,,0,
fold,S,510,690,170,30,10H_1 10S_1 AS_1 JD_1 JD_2 JH_1 KD_1 KS_1 QC_2 QD_2 QH_1 QS_2,160,1,4,4,0,1,1,250,-180,0,0,0.8867,,,94.2667,-280.0,,0
bid,D,850,800,,,10S_1 9S_2 AC_1 AD_1 AH_1 AH_2 JC_1 JC_2 JD_2 KD_2 KS_2 QD_1,40,4,4,3,0,0,0,300,50,0,0,0.82,123.5333,233.8,,,0,
bid,D,800,850,,,10C_1 10C_2 10D_1 10D_2 9C_2 9D_1 AD_2 AS_1 JD_1 KC_2 QC_2 QS_1,70,2,5,5,0,1,0,300,-50,0,0,0.5733,-55.0,-14.6667,,,0,
bid,D,850,800,,,10S_2 9C_1 9D_2 9H_1 AC_2 JH_2 JS_2 KD_1 KH_1 KS_1 QD_2 QH_1,70,1,3,4,0,0,0,300,50,0,1,0.12,-448.0,-85.9333,,,0,
fold,H,800,850,130,90,10C_2 10H_1 10H_2 9H_2 9S_1 JD_1 JH_1 KC_1 KH_2 QC_1 QH_2 QS_1,110,0,6,3,0,1,0,250,-50,0,0,0.6867,,,-84.5333,-340.0,,0
bid,C,0,0,,,10H_1 9D_1 9D_2 AC_1 AH_2 AS_1 JC_2 JH_1 KC_2 KD_1 KS_1 QC_1,40,3,4,3,0,0,0,300,0,0,0,0.78,68.3333,-37.2,,,1,
bid,D,0,0,,,10C_2 10D_1 10S_2 AC_2 AD_2 AH_1 JC_1 JD_1 JS_2 KD_2 QH_2 QS_2,40,3,4,3,0,1,0,300,0,0,0,0.6933,51.1333,107.6667,,,0,
bid,C,0,0,,,10C_1 10H_2 10S_1 9C_2 9H_2 AD_1 JD_2 JH_2 KH_1 KH_2 QD_1 QS_1,50,1,2,5,0,1,0,300,0,0,1,0.1267,-399.1333,-51.2,,,0,
fold,S,0,0,120,60,10C_2 9C_1 9S_1 9S_2 AS_2 JD_1 JS_1 KC_1 KS_2 QC_2 QD_2 QS_2,120,1,6,4,0,1,0,250,0,0,0,0.8733,,,79.0,-310.0,,0
bid,D,290,140,,,10D_1 10H_2 9C_1 9D_1 AD_2 JC_1 JC_2 JH_2 KD_1 KH_1 QD_1 QD_2,50,1,6,3,0,0,0,300,150,0,0,0.6867,3.2,-97.1333,,,1,
bid,C,140,290,,,10D_2 9S_1 AC_2 JD_1 JD_2 KC_1 KH_2 KS_1 QC_1 QC_2 QH_1 QS_2,120,1,4,3,0,1,0,310,-150,0,0,0.66,33.6667,179.0667,,,0,
bid,C,290,140,,,10C_1 10C_2 10H_1 9D_2 9H_1 9H_2 AC_1 JS_1 JS_2 KD_2 KS_2 QH_2,0,1,3,4,0,0,0,310,150,1,0,0.0933,-414.3333,-44.7333,,,0,
bid,H,140,290,,,10S_1 10S_2 9C_2 9S_2 AD_1 AH_1 AH_2 AS_1 AS_2 JH_1 KC_2 QS_1,0,5,3,6,0,0,0,310,-150,0,1,0.6,-26.4667,115.6,,,0,
bid,D,290,140,,,10D_1 10H_2 9C_1 9D_1 AD_2 JC_1 JC_2 JH_2 KD_1 KH_1 QD_1 QD_2,50,1,6,3,0,0,0,320,150,0,1,0.6,-39.5333,-57.6,,,1,
fold,H,140,290,120,40,10D_2 10S_1 10S_2 9S_2 AH_1 AH_2 AS_1 AS_2 JD_2 JH_1 QS_1 QS_2,40,4,3,7,0,1,0,310,-150,0,0,0.1133,,,-379.4667,-350.0,,1
bid,H,-170,440,,,10D_1 10S_1 9C_1 9C_2 9D_1 9S_1 AC_1 AH_2 JD_2 JS_2 KC_1 KC_2,0,2,1,5,0,0,0,300,-610,0,0,0.12,-395.4,14.4,,,0,
bid,H,440,-170,,,10C_1 10H_1 10H_2 AD_1 AH_1 JC_1 JD_1 JH_2 KD_2 KS_1 QD_1 QH_2,20,2,5,4,0,0,0,300,610,0,0,0.7133,55.8,24.8667,,,1,
bid,S,-170,440,,,10C_2 10S_2 9D_2 9H_1 9S_2 AC_2 AD_2 AS_2 JS_1 KD_1 QC_2 QS_2,10,3,5,3,0,0,0,300,-610,0,1,0.7,61.4667,52.8667,,,1,
fold,H,440,-170,190,10,10C_1 9H_2 AH_1 JD_1 JH_1 KH_1 KH_2 KS_2 QC_1 QD_2 QH_1 QS_1,170,1,6,2,0,1,1,250,610,0,0,1.0,,,218.1333,-260.0,,0
bid,S,780,-60,,,10C_2 9H_2 AD_1 AH_2 AS_1 JD_1 JS_2 KC_1 KH_2 KS_1 QC_1 QS_2,100,3,4,3,0,1,0,300,840,0,0,0.8,130.6667,115.8,,,1,
bid,H,-60,780,,,9C_2 9D_1 9D_2 9H_1 AH_1 JC_2 JH_2 KC_2 KD_1 KH_1 QD_2 QH_2,70,1,5,4,0,0,0,300,-840,0,0,0.6733,-18.6667,-117.5333,,,1,
bid,D,780,-60,,,10C_1 10D_1 10D_2 10H_1 AC_1 AS_2 JD_2 KD_2 KS_2 QC_2 QD_1 QS_1,100,2,5,3,0,1,0,300,840,0,1,0.7067,101.8,46.0667,,,1,
fold,S,-60,780,60,200,10S_1 10S_2 9C_1 9S_1 9S_2 AH_1 JC_1 JC_2 JH_1 JS_1 KC_2 QH_1,20,1,5,4,0,0,0,250,-840,0,0,0.1267,,,-494.8667,-450.0,,1
bid,C,-310,980,,,10D_2 9C_1 9H_1 AS_2 JC_2 JD_1 JS_1 JS_2 KC_1 QC_1 QH_2 QS_1,90,1,4,4,0,1,0,300,-1290,0,0,0.4933,-135.0,-20.0667,,,0,
bid,H,980,-310,,,10C_1 10C_2 10D_1 10H_2 AC_1 AC_2 AH_1 JC_1 JD_2 JH_1 KH_2 QD_1,0,3,4,5,0,0,0,300,1290,0,0,0.7667,142.9333,28.0,,,1,
bid,S,-310,980,,,10H_1 10S_1 9H_2 9S_1 9S_2 AD_2 KC_2 KD_2 KH_1 KS_1 QC_2 QS_2,160,1,5,3,0,0,1,310,-1290,0,1,0.4333,-178.9333,115.2,,,0,
bid,D,980,-310,,,10S_2 9C_2 9D_1 9D_2 AD_1 AH_2 AS_1 JH_2 KD_1 KS_2 QD_2 QH_1,60,3,5,3,0,0,0,310,1290,1,0,0.6467,0.7333,-32.3333,,,1,
fold,H,980,-310,170,200,10C_1 10C_2 10H_2 10S_2 AC_1 AC_2 AH_1 AH_2 JC_1 JH_1 KH_2 QH_1,150,4,6,5,1,0,0,300,1290,0,0,1.0,,,156.8,-500.0,,0
bid,C,0,0,,,10D_2 9C_1 9C_2 9H_1 AC_1 AC_2 AS_1 JC_2 JH_1 JH_2 KC_2 KH_1,20,3,6,4,0,0,0,300,0,0,0,0.5467,-56.6,-89.2667,,,1,
bid,D,0,0,,,9D_1 9D_2 9H_2 AD_1 JD_1 JD_2 KS_1 QC_2 QD_1 QD_2 QH_2 QS_1,140,1,7,2,0,1,1,300,0,0,0,0.8133,233.0667,84.7333,,,1,
bid,S,0,0,,,10C_1 10C_2 10D_1 10S_2 9S_2 AH_1 AH_2 AS_2 JS_1 KD_1 KS_2 QH_1,10,3,5,3,0,0,0,340,0,0,1,0.6,-21.6,92.1333,,,0,
bid,C,0,0,,,10H_1 10H_2 10S_1 9S_1 AD_2 JC_1 JS_2 KC_1 KD_2 KH_2 QC_1 QS_2,40,1,3,4,0,0,0,340,0,1,0,0.2333,-354.8,118.9333,,,0,
fold,D,0,0,460,0,10H_1 9D_1 9D_2 AD_2 JD_1 JD_2 KS_1 QC_2 QD_2 QH_2 QS_1 QS_2,400,1,6,3,0,1,1,330,0,0,0,1.0,,,495.0667,-330.0,,0
bid,S,580,130,,,10C_2 9D_1 9H_2 9S_1 9S_2 AS_1 AS_2 JD_1 JS_2 KS_1 QD_1 QS_1,100,2,7,3,0,1,0,300,450,0,0,0.8933,221.4,-51.4,,,1,
bid,H,130,580,,,10D_1 10D_2 10H_1 10S_2 9C_2 AC_2 JH_2 KH_1 QD_2 QH_1 QH_2 QS_2,40,1,5,3,0,0,0,340,-450,0,0,0.5133,-113.8667,51.0667,,,0,
bid,C,580,130,,,9H_1 AD_1 AD_2 AH_2 JH_1 JS_1 KC_1 KC_2 KD_1 KD_2 KH_2 QC_2,40,3,3,4,0,0,0,340,450,1,0,0.2667,-286.6667,163.8667,,,0,
bid,C,130,580,,,10C_1 10H_2 10S_1 9C_1 9D_2 AC_1 AH_1 JC_1 JC_2 JD_2 KS_2 QC_1,10,2,6,2,0,0,0,340,-450,0,1,0.64,22.6667,10.2667,,,1,
bid,S,580,130,,,10C_2 9D_1 9H_2 9S_1 9S_2 AS_1 AS_2 JD_1 JS_2 KS_1 QD_1 QS_1,100,2,7,3,0,1,0,350,450,0,1,0.7467,132.0667,85.2667,,,1,
bid,C,-210,680,,,10C_1 10D_1 10H_1 10S_1 9H_2 AC_1 AD_1 AH_2 JC_1 KC_2 QH_2 QS_1,0,3,4,4,0,0,0,300,-890,0,0,0.76,95.5333,2.4,,,1,
bid,S,680,-210,,,10D_2 9C_1 9C_2 9H_1 AS_1 JD_1 JH_2 KS_2 QC_1 QC_2 QD_1 QH_1,0,1,2,4,0,0,0,300,890,0,0,0.12,-372.4,-17.7333,,,0,
bid,S,-210,680,,,10C_2 10S_2 9D_1 9D_2 9S_2 AH_1 JS_2 KC_1 KD_2 KS_1 QD_2 QS_2,70,1,5,4,0,0,0,300,-890,0,1,0.6333,-22.4,-96.1333,,,1,
fold,S,680,-210,70,70,9S_1 AD_2 AS_1 AS_2 JC_2 JD_1 JD_2 JH_1 JS_1 KH_1 KH_2 KS_2,50,3,5,3,0,0,1,250,890,0,0,0.3267,,,-243.0,-320.0,,0
bid,S,430,-10,,,10C_1 10D_2 9C_1 9D_2 9H_1 AD_1 AS_2 JC_2 KD_2 KH_1 KH_2 QC_1,0,2,1,4,0,0,0,300,440,0,0,0.0133,-442.8667,-49.8,,,0,
bid,D,-10,430,,,10H_1 10S_1 9D_1 9S_1 AC_1 AH_2 JS_1 KC_1 KC_2 KS_2 QH_1 QH_2,10,2,1,4,0,0,0,300,-440,0,0,0.0267,-475.3333,-29.4667,,,0,
bid,D,430,-10,,,10C_2 10D_1 10H_2 AC_2 AH_1 JC_1 JD_1 JD_2 KD_1 QD_1 QD_2 QS_1,80,2,6,3,0,1,0,300,440,0,1,0.7667,199.8667,51.2,,,1,
bid,S,-10,430,,,10S_2 9C_2 9H_2 9S_2 AD_2 AS_1 JH_1 JH_2 JS_2 KS_1 QC_2 QS_2,160,2,6,3,1,0,0,340,-440,0,1,0.98,263.0,36.8667,,,1,
bid,D,430,-10,,,10C_2 10D_1 10H_2 AC_2 AH_1 JC_1 JD_1 JD_2 KD_1 QD_1 QD_2 QS_1,80,2,6,3,0,1,0,350,440,0,1,0.7667,185.4,128.6667,,,1,
bid,S,-10,430,,,10S_2 9C_2 9H_2 9S_2 AD_2 AS_1 JH_1 JH_2 JS_2 KS_1 QC_2 QS_2,160,2,6,3,1,0,0,360,-440,0,1,0.8733,188.3333,202.0,,,0,
fold,D,430,-10,240,30,10D_1 10D_2 AC_2 AD_1 JC_1 JD_1 JD_2 KD_1 KD_2 QD_1 QD_2 QS_1,230,2,9,2,1,1,0,350,440,0,0,1.0,,,382.1333,-380.0,,0
bid,C,40,900,,,10C_1 AC_2 AH_1 JC_1 JC_2 JS_1 KD_2 KH_2 KS_2 QC_2 QH_1 QS_1,40,2,5,3,0,0,0,300,-860,0,0,0.6267,-5.7333,100.0,,,0,
bid,D,900,40,,,10C_2 10H_2 9D_1 9D_2 9H_1 9H_2 JS_2 KC_2 KD_1 KH_1 QD_1 QS_2,60,0,4,4,0,0,0,300,860,0,0,0.2067,-359.2667,-88.6,,,0,
bid,D,40,900,,,10D_1 10D_2 10H_1 9C_1 9S_1 AC_1 AD_1 JD_1 KC_1 KS_1 QC_1 QD_2,20,2,5,4,0,0,0,300,-860,0,1,0.6867,-4.8,34.1333,,,0,
fold,S,900,40,70,90,10C_2 10S_1 10S_2 9C_2 9S_2 AS_1 AS_2 JD_2 JH_2 JS_2 QH_2 QS_2,50,2,7,2,0,1,0,250,860,0,0,0.36,,,-241.0,-340.0,,0
bid,S,0,0,,,10D_1 10S_1 10S_2 9S_1 AD_2 AS_1 JS_2 KH_2 QC_2 QH_1 QH_2 QS_2,30,2,6,3,0,0,0,300,0,0,0,0.6667,39.6,86.1333,,,0,
bid,H,0,0,,,10H_1 9C_2 9D_2 9H_2 9S_2 AC_1 AH_1 JC_1 JS_1 KD_2 QC_1 QS_1,10,2,3,4,0,0,0,300,0,0,0,0.1533,-369.4,-24.3333,,,0,
bid,D,0,0,,,10C_1 10C_2 9H_1 AH_2 AS_2 JC_2 JD_2 JH_2 KD_1 KH_1 KS_2 QD_1,40,2,3,4,0,0,0,300,0,0,1,0.36,-251.2,-6.2667,,,0,
fold,D,0,0,230,60,10D_2 9C_1 9D_1 AC_2 AD_1 AH_1 JD_1 JH_1 KC_2 KD_2 QD_2 QS_1,200,3,6,3,1,1,0,250,0,0,0,1.0,,,272.0,-310.0,,0
bid,S,390,150,,,10H_1 9C_2 9D_2 9H_2 9S_1 AC_1 AS_2 JH_1 KC_2 KH_2 KS_1 QD_1,10,2,3,4,0,0,0,300,240,0,0,0.1467,-388.4,-53.0667,,,0,
bid,C,150,390,,,10C_1 10C_2 10H_2 10S_2 AC_2 JC_1 JD_1 JH_2 KC_1 KS_2 QD_2 QS_1,60,1,5,3,0,1,0,300,-240,0,0,0.62,-37.0667,-2.2667,,,0,
bid,D,390,150,,,10D_1 9H_1 AD_1 AD_2 AH_1 AS_1 JC_2 JD_2 KD_2 KH_1 QC_2 QS_2,40,4,5,3,0,1,0,300,240,0,1,0.8933,257.6667,143.1333,,,1,
fold,S,150,390,70,50,10H_2 10S_1 9C_1 9D_1 9S_2 JD_1 JS_1 JS_2 QC_1 QH_1 QH_2 QS_1,50,0,5,3,0,1,0,250,-240,0,0,0.0333,,,-427.3333,-300.0,,1
bid,C,-100,440,,,10D_2 10H_2 10S_1 9D_1 9D_2 9S_1 AC_1 JD_2 JH_2 KC_2 KH_2 QC_2,40,1,3,4,0,0,0,300,-540,0,0,0.3133,-294.2,-60.4667,,,0,
bid,D,440,-100,,,10C_1 10D_1 9C_1 9C_2 AD_2 AS_2 JD_1 KH_1 KS_2 QC_1 QD_2 QH_1,20,2,4,4,0,0,0,300,540,0,0,0.5067,-113.5333,44.4,,,0,
bid,H,-100,440,,,10C_2 9H_1 9H_2 AC_2 AH_1 AS_1 JC_2 JH_1 JS_2 KD_2 QD_1 QH_2,40,3,5,3,0,0,0,300,-540,0,1,0.68,17.1333,-62.1333,,,1,
fold,S,440,-100,280,50,10S_2 9S_2 AD_1 AS_2 JC_1 JD_1 JS_1 KC_1 KS_1 KS_2 QS_1 QS_2,240,2,8,2,1,1,0,250,540,0,0,1.0,,,332.2667,-300.0,,0
bid,H,890,30,,,10C_2 10H_1 9D_1 9H_2 9S_2 AC_2 JD_1 JS_1 KH_1 KH_2 QH_1 QH_2,90,1,6,2,0,0,0,300,860,0,0,0.7467,76.0,-54.1333,,,1,
bid,H,30,890,,,10D_1 10D_2 10S_1 10S_2 9D_2 AH_1 JC_1 JC_2 QC_1 QC_2 QD_1 QS_1,0,1,1,4,0,0,0,300,-860,0,0,0.06,-430.6667,100.7333,,,0,
bid,D,890,30,,,10H_2 9C_2 9H_1 AC_1 AD_1 AD_2 AS_2 JD_2 KD_1 KS_2 QD_2 QS_2,100,4,5,3,0,1,0,300,860,0,1,0.9467,306.6667,159.4,,,1,
fold,H,30,890,20,180,10S_1 9C_1 9S_1 AH_1 AH_2 AS_1 JH_1 JH_2 JS_2 KC_1 KC_2 QS_1,0,3,4,5,0,0,0,250,-860,0,0,0.02,,,-507.1333,-430.0,,1
bid,C,0,0,,,10C_2 10H_1 9C_2 9D_1 AC_1 KC_2 KH_1 KS_2 QC_2 QD_1 QH_1 QS_1,150,1,5,3,0,0,1,300,0,0,0,0.6667,-17.2,100.2,,,0,
bid,C,0,0,,,10C_1 10D_2 10S_1 9C_1 9H_2 AC_2 JD_2 JH_1 JS_1 KD_2 KH_2 QH_2,30,1,3,4,0,0,0,300,0,0,0,0.1,-435.2,-25.2667,,,0,
bid,H,0,0,,,9D_2 9H_1 AD_1 AD_2 AH_1 AH_2 JC_1 JH_2 KC_1 QC_1 QD_2 QS_2,30,4,4,4,0,0,0,300,0,0,1,0.4333,-157.4,237.5333,,,0,
fold,S,0,0,40,160,10S_1 10S_2 9S_1 9S_2 AS_1 AS_2 JC_2 JD_1 JD_2 JS_1 JS_2 KS_1,20,2,9,2,0,0,0,250,0,0,0,0.3267,,,-306.4,-410.0,,0
bid,C,250,200,,,10D_2 9C_1 9C_2 AH_1 AS_2 JC_2 JH_1 JS_2 KD_1 KD_2 KS_2 QH_1,20,2,3,3,0,0,0,300,50,0,0,0.06,-426.0,-22.6667,,,0,
bid,S,200,250,,,10S_1 10S_2 9H_2 9S_2 AD_1 JD_1 KH_2 KS_1 QC_1 QH_2 QS_1 QS_2,110,1,6,3,0,1,0,300,-50,0,0,0.84,213.5333,78.4,,,1,
bid,S,250,200,,,10D_1 10H_1 10H_2 9D_1 9S_1 AC_2 AH_2 AS_1 JS_1 KC_1 KC_2 KH_1,10,3,3,4,0,0,0,340,50,0,1,0.0933,-413.8,45.2667,,,0,
bid,C,200,250,,,10C_1 10C_2 9D_2 9H_1 AC_1 AD_2 JC_1 JD_2 JH_2 QC_2 QD_1 QD_2,0,2,5,5,0,0,0,340,-50,1,0,0.5667,-49.6,53.4667,,,0,
fold,S,200,250,370,10,10S_1 10S_2 9S_2 AC_1 AD_2 JD_1 JD_2 KH_2 KS_1 QH_2 QS_1 QS_2,370,2,6,3,0,1,0,330,-50,0,0,1.0,,,390.1333,-340.0,,0
bid,C,730,350,,,10S_1 AC_1 AH_1 JD_1 JD_2 JH_2 KC_2 KD_2 QC_1 QD_1 QH_1 QH_2,60,2,3,4,0,0,0,300,380,0,0,0.4867,-120.4,92.9333,,,0,
bid,S,350,730,,,10D_1 9C_2 9D_2 9S_1 9S_2 AC_2 AD_2 JS_1 JS_2 KD_1 KH_1 QC_2,20,2,4,4,0,0,0,300,-380,0,0,0.18,-360.2667,-43.1333,,,0,
bid,H,730,350,,,10C_1 10D_2 10H_1 10H_2 10S_2 9H_1 9H_2 AS_1 JC_2 JH_1 KS_2 QD_2,20,1,5,3,0,0,0,300,380,0,1,0.18,-346.6,-148.9333,,,0,
fold,S,350,730,60,40,9C_1 9D_1 AC_2 AH_2 AS_2 JC_1 JS_1 JS_2 KC_1 KS_1 QS_1 QS_2,40,3,6,4,0,0,0,250,-380,0,0,0.5933,,,-41.5333,-290.0,,0
bid,C,600,830,,,10S_1 9D_1 AC_2 AD_2 AS_1 JC_1 JD_2 JS_1 KC_1 KS_2 QC_2 QD_2,40,3,4,4,0,0,0,300,-230,0,0,0.88,192.8,55.0,,,1,
bid,H,830,600,,,10C_1 10D_1 10H_2 10S_2 AH_2 AS_2 KH_1 KH_2 KS_1 QD_1 QH_2 QS_2,60,2,5,4,0,0,0,300,230,0,0,0.8733,178.7333,-12.9333,,,1,
bid,S,600,830,,,10H_1 9C_1 9D_2 9S_1 AD_1 JC_2 JD_1 JH_1 JS_2 KC_2 KD_1 KD_2,50,1,2,5,0,0,1,310,-230,0,1,0.0533,-425.8,8.2667,,,0,
bid,H,830,600,,,10C_2 10D_2 9C_2 9H_1 9H_2 9S_2 AC_1 AH_1 JH_2 QC_1 QH_1 QS_1,20,2,5,4,0,0,0,310,230,1,0,0.44,-142.2667,-42.0667,,,0,
fold,H,830,600,80,60,10D_2 10H_2 AH_1 AH_2 AS_2 KH_1 KH_2 KS_1 QD_1 QH_2 QS_1 QS_2,60,3,6,4,0,0,0,300,230,0,0,0.1667,,,-345.7333,-360.0,,0
bid,D,530,660,,,10C_1 10D_1 9C_2 AC_1 AD_1 AS_2 JD_1 JS_1 KD_2 QC_1 QD_1 QS_1,190,3,5,4,1,1,0,300,-130,0,0,1.0,344.4667,69.0,,,1,
bid,D,660,530,,,10C_2 10S_2 9D_1 9D_2 9H_1 AC_2 JC_2 JH_2 KD_1 QD_2 QH_2 QS_2,60,1,4,3,0,0,0,340,130,0,0,0.1733,-350.6667,70.0667,,,0,
bid,H,530,660,,,10D_2 10H_2 10S_1 9H_2 AH_1 AS_1 JD_2 JS_2 KC_1 KH_2 KS_1 QH_1,50,2,5,4,0,0,0,340,-130,1,0,0.7133,84.4,119.6,,,0,
bid,H,660,530,,,10H_1 9C_1 9S_1 9S_2 AD_2 AH_2 JC_1 JH_1 KC_2 KH_1 KS_2 QC_2,20,2,4,4,0,0,0,340,130,0,1,0.4333,-186.0,-40.6667,,,0,
fold,D,530,660,210,80,10D_1 10D_2 10S_1 9C_2 AD_1 JD_1 JD_2 JS_1 KD_2 QC_1 QD_1 QS_1,190,1,7,3,1,1,0,330,-130,0,0,0.74,,,28.6667,-410.0,,0
bid,D,810,920,,,10C_2 9C_1 9S_1 AD_2 JC_2 JD_1 KD_1 KD_2 KS_1 QC_1 QC_2 QD_2,40,1,5,5,0,0,0,300,-110,0,0,0.7133,16.7333,-45.8667,,,1,
bid,C,920,810,,,9H_1 AC_1 AC_2 AH_2 JC_1 JH_2 JS_1 KC_1 KC_2 KH_1 QD_1 QS_1,0,3,5,4,0,0,0,340,110,0,0,0.44,-112.9333,154.6667,,,0,
bid,D,810,920,,,10H_1 10H_2 10S_1 10S_2 9C_2 9D_2 AD_1 AS_1 AS_2 KH_2 KS_2 QH_2,30,3,2,5,0,0,0,340,-110,1,0,0.0133,-463.0667,70.4667,,,0,
bid,D,920,810,,,10C_1 10D_1 10D_2 9D_1 9H_2 9S_2 AH_1 JD_2 JH_1 JS_2 QH_1 QS_2,50,1,4,4,0,1,0,340,110,0,1,0.18,-340.3333,-4.0667,,,0,
bid,S,970,480,,,10D_1 10H_1 10S_2 AD_2 AH_2 JD_1 JH_2 JS_1 JS_2 KD_2 KS_2 QS_2,80,2,5,4,0,1,0,300,490,0,0,0.68,70.4,-28.7333,,,1,
bid,C,480,970,,,10H_2 9C_1 9C_2 9D_2 9H_2 9S_1 AH_1 JC_1 JH_1 KC_2 QC_1 QD_1,60,1,5,4,0,0,0,310,-490,0,0,0.48,-151.0,-198.6667,,,1,
bid,S,970,480,,,10C_1 10C_2 10S_1 9D_1 9S_2 AS_2 JC_2 JD_2 KD_1 KH_1 QC_2 QD_2,30,1,3,4,0,0,0,310,490,1,0,0.1133,-417.4,35.4667,,,0,
bid,S,480,970,,,10D_2 9H_1 AC_1 AC_2 AD_1 AS_1 KC_1 KH_2 KS_1 QH_1 QH_2 QS_1,60,4,3,4,0,0,0,310,-490,0,1,0.5533,-75.6667,278.1333,,,0,
fold,S,970,480,220,90,10C_2 10S_2 AD_2 AS_2 JD_1 JD_2 JH_2 JS_1 JS_2 KD_2 KS_2 QS_2,190,2,6,4,1,1,0,300,490,0,0,1.0,,,197.2,-390.0,,0
bid,C,0,0,,,10C_1 9S_1 AD_2 AH_1 AS_2 JS_1 KC_1 KD_1 KD_2 QC_2 QH_2 QS_1,40,3,3,4,0,0,0,300,0,0,0,0.6133,-2.6667,165.2667,,,0,
bid,D,0,0,,,10S_1 9C_1 9D_2 AC_1 AC_2 AD_1 AH_2 AS_1 JD_2 KC_2 KH_2 QS_2,150,5,3,4,0,1,1,310,0,0,0,0.9267,231.4667,297.7333,,,0,
bid,D,0,0,,,10D_2 10H_1 10S_2 9C_2 9S_2 JC_2 JH_1 JH_2 KS_1 KS_2 QC_1 QH_1,0,0,1,4,0,0,0,310,0,1,0,0.0067,-503.1333,-69.3333,,,0,
bid,S,0,0,,,10C_2 10D_1 10H_2 9D_1 9H_1 9H_2 JC_1 JD_1 JS_2 KH_1 QD_1 QD_2,0,0,1,5,0,0,0,310,0,0,1,0.0333,-455.4667,-111.2667,,,0,
fold,C,0,0,50,150,10C_1 10D_2 9S_1 AD_2 AS_2 JC_2 JS_1 KC_1 QC_1 QC_2 QH_2 QS_1,40,2,5,4,0,0,0,300,0,0,0,0.0067,,,-560.9333,-450.0,,1
bid,C,150,-300,,,10C_2 10D_2 9C_1 9H_1 AC_2 AS_2 JS_1 KS_1 KS_2 QC_1 QC_2 QD_2,10,2,5,4,0,0,0,300,450,0,0,0.4733,-107.4667,-48.2,,,0,
bid,D,-300,150,,,10H_2 9D_2 9H_2 9S_1 AD_1 JC_2 JH_1 KC_2 QD_1 QH_1 QH_2 QS_2,10,1,3,5,0,0,0,300,-450,0,0,0.1267,-385.1333,-30.6667,,,0,
bid,H,150,-300,,,10D_1 10H_1 10S_1 AH_1 JC_1 JD_2 JH_2 JS_2 KC_1 KD_2 KH_1 QS_1,80,1,4,3,0,1,1,300,450,0,1,0.6333,-55.0,41.8,,,0,
fold,S,-300,150,200,80,10H_2 10S_2 9C_2 9D_1 9S_2 AC_1 AD_1 AD_2 AH_2 AS_1 JD_1 QS_2,150,5,4,4,0,1,1,250,-450,0,0,1.0,,,218.5333,-330.0,,0
bid,D,20,360,,,10D_1 10D_2 10S_2 9C_2 9D_1 9H_1 AD_2 AH_1 JH_1 JS_2 KC_1 QD_1,10,2,5,3,0,0,0,300,-340,0,0,0.28,-292.0667,-89.3333,,,0,
bid,D,360,20,,,9D_2 9H_2 AS_2 JD_2 JS_1 KD_1 KH_1 KH_2 QC_1 QD_2 QS_1 QS_2,90,1,4,4,0,1,0,300,340,0,0,0.6733,76.4667,106.4667,,,0,
bid,C,20,360,,,10C_2 10H_1 9S_1 AC_2 AS_1 JC_1 JC_2 JH_2 KD_2 KS_2 QC_2 QH_1,0,2,5,3,0,0,0,300,-340,0,1,0.5867,-59.6667,-60.6667,,,1,
fold,D,360,20,370,10,9C_1 9S_2 AC_1 AD_1 AH_2 JD_1 JD_2 KC_2 KS_1 QH_2 QS_1 QS_2,320,3,3,4,0,1,0,250,340,0,0,1.0,,,398.2667,-260.0,,0
bid,C,820,190,,,10D_2 9C_1 9C_2 9H_2 9S_2 AS_1 AS_2 JD_2 JH_1 KC_1 KS_1 QC_1,60,2,4,4,0,0,0,300,630,0,0,0.34,-223.8667,54.6667,,,0,
bid,H,190,820,,,10H_2 9H_1 9S_1 KC_2 KD_1 KD_2 KH_1 KH_2 QC_2 QH_1 QS_1 QS_2,70,0,5,3,0,0,0,300,-630,0,0,0.48,-118.8,159.3333,,,0,
bid,D,820,190,,,10S_1 9D_1 AC_1 AD_1 AD_2 AH_2 JC_1 JC_2 JD_1 JH_2 JS_1 KS_2,50,4,4,3,0,0,1,300,630,0,1,0.3333,-240.5333,286.9333,,,0,
fold,C,190,820,60,100,10C_1 10C_2 10H_2 9D_2 AC_2 AH_1 JS_2 QD_1 QD_2 QH_2 QS_1 QS_2,0,2,3,3,0,0,0,250,-630,0,0,0.0667,,,-433.9333,-350.0,,1
bid,H,-60,920,,,10D_2 10S_2 9C_2 9H_1 AC_2 JC_2 KC_2 KD_2 KH_1 KS_1 KS_2 QH_1,130,1,3,4,0,0,1,300,-980,0,0,0.1933,-375.1333,36.5333,,,0,
bid,C,920,-60,,,10C_1 9H_2 AD_1 AH_2 AS_2 JC_1 JD_1 JH_1 JH_2 KC_1 QC_2 QD_1,40,3,4,4,0,0,0,300,980,0,0,0.6067,32.1333,50.6,,,0,
bid,D,-60,920,,,10D_1 10H_1 10S_1 9D_1 9D_2 9S_1 9S_2 JS_2 KD_1 QD_2 QH_2 QS_2,60,0,5,5,0,0,0,310,-980,0,1,0.4067,-188.8,-148.3333,,,0,
bid,D,920,-60,,,10C_2 10H_2 9C_1 AC_1 AD_2 AH_1 AS_1 JD_2 JS_1 KH_2 QC_1 QS_1,140,4,2,4,0,1,1,310,980,1,0,0.84,111.9333,194.2,,,0,
fold,C,920,-60,190,130,10C_1 10H_2 9H_2 JC_1 JD_1 JD_2 JH_1 JH_2 KC_1 QC_2 QD_1 QS_1,80,0,4,4,0,1,0,300,980,0,0,0.4533,,,-297.1333,-430.0,,0
bid,S,0,0,,,10D_1 9D_1 9H_2 9S_1 AC_2 AH_1 JC_1 JD_2 KC_2 KS_2 QD_2 QS_2,90,2,3,4,0,1,0,300,0,0,0,0.42,-181.8,12.6,,,0,
bid,S,0,0,,,10C_2 10D_2 10S_1 9H_1 AD_1 AS_2 JC_2 JS_2 KD_2 KH_1 KH_2 QC_2,0,2,3,3,0,0,0,300,0,0,0,0.1667,-332.0,-50.0667,,,0,
bid,D,0,0,,,10C_1 10S_2 9C_2 9D_2 AC_1 AD_2 JD_1 JH_1 KC_1 KD_1 QD_1 QS_1,90,2,5,4,0,1,0,300,0,0,1,0.8133,144.1333,-7.6,,,1,
fold,H,0,0,200,130,10H_1 10H_2 10S_1 9C_1 AH_2 JH_2 JS_1 KH_1 KH_2 QC_1 QH_1 QH_2,190,1,8,2,1,0,0,250,0,0,0,1.0,,,172.4,-380.0,,0
bid,D,390,190,,,10C_2 10H_2 10S_2 9C_1 AD_1 KD_2 KH_2 KS_1 QD_1 QH_2 QS_1 QS_2,80,1,3,4,0,0,0,300,200,0,0,0.4533,-136.5333,40.1333,,,0,
bid,C,190,390,,,10D_2 10H_1 10S_1 9H_2 AC_2 AH_1 AH_2 AS_1 AS_2 KC_1 QC_2 QH_1,40,5,3,5,0,0,0,300,-200,0,0,0.8067,113.3333,84.7333,,,1,
bid,C,390,190,,,10D_1 9C_2 9D_2 9S_1 AC_1 JC_2 JH_2 JS_1 KC_2 KS_2 QC_1 QD_2,50,1,5,3,0,0,0,310,200,0,1,0.5867,-73.4,-82.5333,,,1,
bid,D,190,390,,,10C_1 9D_1 9H_1 9S_2 AD_2 JC_1 JD_1 JD_2 JH_1 JS_2 KD_1 KH_1,50,1,5,3,0,0,1,310,-200,1,0,0.26,-292.3333,-55.4,,,0,
fold,C,190,390,60,120,10C_1 10H_1 10S_1 AC_2 AH_1 AH_2 AS_1 AS_2 JD_1 JD_2 KC_1 QC_2,40,5,4,3,0,0,0,300,-200,0,0,0.0267,,,-461.8,-420.0,,1
bid,S,-110,510,,,10C_1 9S_1 AD_1 JH_1 JS_2 KC_1 KC_2 KS_1 KS_2 QC_1 QD_2 QS_2,70,1,5,4,0,0,0,300,-620,0,0,0.5333,-87.0,-5.4667,,,0,
bid,D,510,-110,,,10D_2 10H_1 10S_1 9D_1 9D_2 9S_2 AS_1 AS_2 JD_2 KD_1 KH_1 QD_1,60,2,6,4,0,0,0,300,620,0,0,0.7267,127.6,65.1333,,,1,
bid,C,-110,510,,,10C_2 10D_1 10H_2 9C_2 9H_1 AC_2 AD_2 JC_1 JH_2 JS_1 QC_2 QH_1,10,2,5,4,0,0,0,300,-620,0,1,0.6133,-49.0,-125.8,,,1,
fold,H,510,-110,110,50,10H_1 9C_1 9H_2 AH_1 AH_2 JC_2 JD_1 JD_2 KH_1 KH_2 QH_2 QS_1,90,2,7,2,0,1,0,250,620,0,0,0.4867,,,-130.4667,-300.0,,0
bid,H,780,30,,,9D_2 9H_1 9H_2 JC_1 JC_2 JH_1 JS_1 KH_1 QC_2 QD_1 QD_2 QH_1,60,0,5,3,0,0,0,300,750,0,0,0.36,-244.2,-141.0,,,0,
bid,S,30,780,,,10D_2 9C_1 9C_2 AC_1 AC_2 AD_1 AH_2 AS_1 JS_2 KH_2 KS_1 QS_1,140,5,4,4,0,0,1,300,-750,0,0,1.0,339.1333,248.1333,,,1,
bid,S,780,30,,,10C_1 10H_1 10S_1 9D_1 9S_1 9S_2 AD_2 JD_2 KC_1 KC_2 KD_1 QH_2,20,1,3,4,0,0,0,300,750,0,1,0.0733,-423.2667,-19.2,,,0,
fold,S,30,780,120,40,10S_2 AH_1 AS_1 AS_2 JD_1 JH_2 KD_2 KS_1 KS_2 QC_1 QS_1 QS_2,120,3,7,2,0,1,0,250,-750,0,0,0.6267,,,-17.3333,-290.0,,0
bid,C,370,850,,,10H_2 9C_1 9C_2 9H_1 9S_2 AC_2 AD_1 AH_1 JC_1 JS_1 KH_2 QD_2,20,3,4,4,0,0,0,300,-480,0,0,0.4,-165.2,-33.6667,,,0,
bid,C,850,370,,,10C_2 10S_1 10S_2 9D_2 9H_2 9S_1 AC_1 AS_1 JH_1 KC_1 KD_2 QC_2,40,2,4,4,0,0,0,300,480,0,0,0.6533,-60.8667,-67.2,,,1,
bid,S,370,850,,,10D_1 10D_2 AH_2 AS_2 JC_2 JD_1 JD_2 JH_2 KC_2 KH_1 QC_1 QD_1,20,2,1,5,0,0,0,310,-480,0,1,0.1333,-362.3333,62.8667,,,0,
bid,S,850,370,,,10C_1 10H_1 9D_1 AD_2 JS_2 KD_1 KS_1 KS_2 QH_1 QH_2 QS_1 QS_2,80,1,5,3,0,0,0,310,480,1,0,0.5467,-55.0,57.2,,,0,
bid,D,550,430,,,9D_1 9H_1 9S_2 AD_2 AH_1 AH_2 JH_1 KC_1 KC_2 KH_1 KH_2 KS_1,10,3,2,6,0,0,0,300,120,0,0,0.1,-404.2667,-4.2667,,,0,
bid,S,430,550,,,10S_2 9D_2 9H_2 AC_1 AC_2 AS_2 JC_2 JS_2 KS_2 QC_2 QD_2 QS_1,150,3,5,4,1,0,0,300,-120,0,0,1.0,285.2,23.1333,,,1,
bid,D,550,430,,,10D_1 10D_2 10H_2 10S_1 JC_1 JD_1 JD_2 JH_2 KD_1 QC_1 QD_1 QS_2,80,0,6,2,0,1,0,340,120,0,1,0.7067,96.4667,20.4667,,,1,
bid,S,430,550,,,10C_1 10C_2 10H_1 9C_1 9C_2 9S_1 AD_1 AS_1 JS_1 KD_2 QH_1 QH_2,10,2,3,4,0,0,0,350,-120,1,0,0.0133,-454.6,52.6667,,,0,
bid,S,430,550,,,10S_2 9D_2 9H_2 AC_1 AC_2 AS_2 JC_2 JS_2 KS_2 QC_2 QD_2 QS_1,150,3,5,4,1,0,0,350,-120,0,1,0.9467,243.3333,163.2,,,1,
bid,D,550,430,,,10D_1 10D_2 10H_2 10S_1 JC_1 JD_1 JD_2 JH_2 KD_1 QC_1 QD_1 QS_2,80,0,6,2,0,1,0,360,120,0,1,0.6467,46.4,107.2,,,0,
fold,S,430,550,180,70,10S_2 9D_2 9H_2 AD_1 AS_1 AS_2 JC_2 JS_1 JS_2 KS_2 QC_2 QS_1,150,3,7,2,1,0,0,350,-120,0,0,0.3533,,,-248.8667,-420.0,,0
bid,D,820,660,,,9D_2 AC_1 AH_1 AS_2 JD_2 JH_1 KD_1 KH_1 QC_1 QD_1 QD_2 QS_1,90,3,5,3,0,1,0,300,160,0,0,0.7667,204.2667,174.3333,,,1,
bid,C,660,820,,,10C_2 10D_2 10H_1 9C_2 9S_2 AS_1 JC_1 JD_1 KC_2 KD_2 KH_2 QC_2,50,1,5,3,0,0,0,340,-160,0,0,0.4933,-131.6667,-3.1333,,,0,
bid,S,820,660,,,10C_1 10D_1 9C_1 AD_1 AD_2 JC_2 JH_2 JS_2 KS_1 KS_2 QH_1 QS_2,40,2,4,3,0,0,0,340,160,1,0,0.3067,-243.7333,273.8667,,,0,
bid,H,660,820,,,10H_2 10S_1 10S_2 9D_1 9H_1 9H_2 9S_1 AC_2 AH_2 JS_1 KC_1 QH_2,20,2,5,4,0,0,0,340,-160,0,1,0.3733,-196.6,38.2667,,,0,
fold,D,820,660,110,30,9D_2 AD_1 AD_2 AH_1 JD_2 JH_1 KD_1 QC_1 QD_1 QD_2 QS_1 QS_2,90,3,7,2,0,1,0,330,160,0,0,0.14,,,-348.3333,-360.0,,0
bid,C,810,490,,,9C_1 9D_1 9D_2 9H_2 AD_1 JC_2 KC_1 KC_2 KD_1 KH_2 QC_2 QS_1,50,1,5,4,0,0,0,300,320,0,0,0.5867,-32.8667,-37.5333,,,1,
bid,D,490,810,,,10D_1 10S_2 9S_2 AC_1 AH_1 JH_1 JH_2 JS_1 JS_2 KD_2 QD_2 QH_1,40,2,3,4,0,0,0,300,-320,0,0,0.38,-250.2,-28.3333,,,0,
bid,S,810,490,,,10C_1 10D_2 10H_1 10H_2 10S_1 9S_1 AH_2 JC_1 JD_1 KH_1 QC_1 QD_1,10,1,2,4,0,0,0,300,320,0,1,0.04,-460.7333,11.6,,,0,
fold,S,490,810,220,30,10S_2 9C_2 9H_1 AS_1 AS_2 JD_2 JS_1 JS_2 KS_1 KS_2 QH_2 QS_2,190,2,8,2,1,1,0,250,-320,0,0,1.0,,,260.5333,-280.0,,0
bid,D,950,850,,,10C_1 10C_2 10D_1 10H_2 9D_2 9H_2 9S_1 AC_1 AD_1 AD_2 KD_1 QH_1,10,3,5,3,0,0,0,300,100,0,0,0.26,-288.1333,12.3333,,,0,
bid,H,850,950,,,10S_1 10S_2 9C_1 9H_1 AH_1 JS_1 KC_1 KH_2 QC_1 QC_2 QH_2 QS_1,70,1,4,4,0,0,0,300,-100,0,0,0.4467,-166.8,83.6,,,0,
bid,D,950,850,,,10D_2 9C_2 AS_1 AS_2 JC_1 JC_2 JD_1 JD_2 KD_2 KH_1 KS_1 QD_1,40,2,5,3,0,0,0,300,100,0,1,0.7,73.2,245.4,,,0,
bid,S,850,950,,,10H_1 9D_1 9S_2 AC_2 AH_2 JH_1 JH_2 JS_2 KC_2 KS_2 QD_2 QS_2,50,2,4,4,0,0,0,310,-100,0,1,0.4133,-186.5333,24.8667,,,0,
fold,D,950,850,180,70,10D_2 10H_2 9C_2 AD_1 AD_2 AS_1 JC_1 JC_2 JD_1 JD_2 KD_2 QD_1,150,3,7,3,1,0,0,300,100,0,0,0.7333,,,36.2667,-370.0,,0
bid,H,0,0,,,10H_1 10S_2 9H_1 9H_2 AC_1 AC_2 AH_1 JD_2 KC_2 KH_1 QD_2 QH_2,60,3,6,3,0,0,0,300,0,0,0,0.8733,232.5333,92.5333,,,1,
bid,S,0,0,,,10H_2 10S_1 9C_2 AS_2 JD_1 JH_2 KS_1 KS_2 QC_1 QD_1 QH_1 QS_1,140,1,5,3,0,1,1,340,0,0,0,0.52,-109.3333,130.3333,,,0,
bid,D,0,0,,,10D_1 9D_1 9S_1 AD_1 AD_2 AH_2 JC_2 JH_1 JS_2 KD_1 KH_2 QS_2,10,3,5,3,0,0,0,340,0,1,0,0.2867,-230.4,158.7333,,,0,
bid,C,0,0,,,10C_1 10C_2 10D_2 9C_1 9D_2 9S_2 AS_1 JC_1 JS_1 KC_1 KD_2 QC_2,50,1,6,3,0,0,0,340,0,0,1,0.5933,-39.8,-111.6667,,,1,
fold,H,0,0,100,140,10H_1 9H_1 9H_2 AC_2 AH_1 AH_2 JD_2 KH_1 KH_2 QD_2 QH_2 QS_2,100,3,8,2,0,1,0,330,0,0,0,0.2267,,,-381.6,-470.0,,0
bid,H,170,-330,,,9D_2 9H_1 AD_1 AH_1 JS_1 JS_2 KC_2 KH_1 KS_2 QC_1 QC_2 QH_1,70,2,4,3,0,0,0,300,500,0,0,0.4067,-203.2,55.0667,,,0,
bid,D,-330,170,,,10C_1 10C_2 9C_2 9H_2 AD_2 JC_2 JD_1 JH_2 KC_1 KD_2 QD_2 QH_2,40,1,4,5,0,0,0,300,-500,0,0,0.48,-166.0667,-13.6667,,,0,
bid,S,170,-330,,,10D_1 10D_2 10H_2 10S_1 9C_1 9D_1 9S_1 AS_2 JD_2 JH_1 KH_2 QS_1,50,1,4,4,0,1,0,300,500,0,1,0.4267,-183.8667,-23.6667,,,0,
fold,S,-330,170,130,90,10C_2 10S_2 9S_2 AC_1 AD_2 AS_1 JC_1 JD_1 KD_1 KS_1 QD_1 QS_2,110,3,5,4,0,1,0,250,-500,0,0,0.8933,,,73.0,-340.0,,0
bid,H,-20,330,,,9H_1 AC_1 AH_1 AS_2 JD_2 JH_2 KC_1 KD_2 KH_2 QC_2 QD_1 QH_1,90,3,5,3,0,0,0,300,-350,0,0,0.9,236.8,99.0,,,1,
bid,S,330,-20,,,10C_2 10D_1 10H_2 10S_1 9C_2 9D_1 9D_2 AS_1 KD_1 KS_1 KS_2 QS_2,40,1,5,4,0,0,0,340,350,0,0,0.3333,-264.9333,-80.5333,,,0,
bid,S,-20,330,,,10C_1 10S_2 9S_2 AD_2 JC_1 JC_2 JS_1 JS_2 KH_1 QC_1 QD_2 QS_1,10,1,5,4,0,0,0,340,-350,1,0,0.24,-312.2,22.6,,,0,
bid,H,330,-20,,,10D_2 10H_1 9C_1 9H_2 9S_1 AC_2 AD_1 AH_2 JD_1 JH_1 KC_2 QH_2,10,3,5,3,0,0,0,340,350,0,1,0.66,43.8667,44.1333,,,0,
bid,H,-20,330,,,9H_1 AC_1 AH_1 AS_2 JD_2 JH_2 KC_1 KD_2 KH_2 QC_2 QD_1 QH_1,90,3,5,3,0,0,0,350,-350,0,1,0.8067,173.7333,169.8667,,,1,
bid,S,-10,70,,,10H_2 10S_1 9C_2 AD_2 AS_1 JH_1 JS_2 KH_1 QD_1 QD_2 QH_2 QS_2,20,2,4,4,0,0,0,300,-80,0,0,0.54,-91.8667,0.0,,,0,
bid,H,70,-10,,,10H_1 10S_2 9D_2 9H_2 AC_1 AH_1 AH_2 AS_2 JC_2 KH_2 QC_2 QS_1,10,4,5,3,0,0,0,300,80,0,0,0.7933,140.0,108.5333,,,1,
bid,C,-10,70,,,10C_1 10D_1 9C_1 9D_1 9S_1 JD_1 JS_1 KC_1 KD_2 KS_1 QC_1 QH_1,50,0,4,4,0,0,0,310,-80,0,1,0.3,-293.3333,-60.6,,,0,
bid,D,70,-10,,,10C_2 10D_2 9H_1 9S_2 AC_2 AD_1 JC_1 JD_2 JH_2 KC_2 KD_1 KS_2,0,2,4,4,0,0,0,310,80,1,0,0.4267,-173.1333,-17.8,,,0,
fold,H,70,-10,60,60,10H_1 9D_2 9H_2 AC_2 AH_1 AH_2 JC_2 JD_2 JH_2 KH_2 QC_2 QS_1,50,3,6,3,0,1,0,300,80,0,0,0.1533,,,-356.5333,-360.0,,0
bid,H,-230,50,,,10D_1 10S_1 10S_2 9D_2 9S_1 AC_1 AH_1 JC_2 JS_1 KC_2 KD_2 KS_2,0,2,1,5,0,0,0,300,-280,0,0,0.0533,-440.6667,-128.7333,,,0,
bid,D,50,-230,,,10C_2 10H_1 9H_2 AC_2 AD_2 JD_1 JD_2 JS_2 KC_1 KS_1 QD_2 QH_2,0,2,4,3,0,0,0,300,280,0,0,0.38,-172.3333,-16.2,,,0,
bid,H,-230,50,,,9H_1 AD_1 AS_1 AS_2 JC_1 JH_1 KD_1 KH_1 KH_2 QC_1 QH_1 QS_2,50,3,5,3,0,0,0,300,-280,0,1,0.6667,82.7333,178.8667,,,0,
fold,H,50,-230,50,50,10H_1 10H_2 9C_1 9D_1 9S_2 AH_2 JD_1 JD_2 JH_2 QC_2 QD_1 QS_1,40,1,4,4,0,1,0,250,280,0,0,0.0467,,,-395.7333,-300.0,,1
bid,D,-200,-180,,,10C_2 9D_1 9H_1 9H_2 9S_2 AC_2 AD_1 JC_1 JC_2 KD_2 QD_2 QH_1,50,2,4,4,0,0,0,300,-20,0,0,0.36,-253.8667,-113.9333,,,0,
bid,D,-180,-200,,,10C_1 10D_2 10S_2 AC_1 AH_2 AS_1 JH_1 KC_1 KD_1 KH_1 KS_1 QD_1,120,3,3,3,0,0,1,300,20,0,0,0.6533,-2.7333,44.8667,,,0,
bid,H,-200,-180,,,10D_1 10H_1 10S_1 9C_1 9D_2 AH_1 JH_2 JS_2 QC_1 QH_2 QS_1 QS_2,0,1,4,4,0,0,0,300,-20,0,1,0.5133,-116.2667,-27.0,,,0,
fold,C,-180,-200,150,30,10C_1 10S_2 9C_2 9S_1 AC_1 AS_2 JD_1 JD_2 JS_1 KC_2 KS_2 QC_2,50,2,5,5,0,0,0,250,20,0,0,0.9333,,,167.7333,-280.0,,0
bid,H,140,-90,,,10C_2 10D_1 10S_1 9C_1 9C_2 9H_2 AH_1 JC_1 JD_1 KS_1 KS_2 QD_2,10,1,2,4,0,0,0,300,230,0,0,0.0667,-429.2,-68.2,,,0,
bid,S,-90,140,,,10C_1 10S_2 9D_1 9D_2 9S_1 AC_1 AS_1 AS_2 JS_1 KD_1 KD_2 QH_1,10,3,5,4,0,0,0,300,-230,0,0,0.3267,-233.2667,44.4667,,,0,
bid,H,140,-90,,,10H_2 9H_1 AC_2 AD_1 AD_2 AH_2 JD_2 KH_2 QC_2 QD_1 QH_2 QS_1,150,4,5,4,0,1,1,300,230,0,1,0.9733,351.6,225.6667,,,1,
bid,C,-90,140,,,10D_2 10H_1 9S_2 JC_2 JH_1 JH_2 JS_2 KC_1 KC_2 KH_1 QC_1 QS_2,40,0,4,4,0,0,0,340,-230,0,1,0.2067,-360.1333,55.5333,,,0,
fold,H,140,-90,160,20,10D_1 10H_2 9H_1 AH_1 AH_2 JD_1 JD_2 KH_2 QC_2 QD_1 QH_2 QS_1,150,2,6,4,0,1,1,330,230,0,0,0.3667,,,-200.4,-350.0,,0
bid,D,30,-190,,,10C_2 10H_2 9C_1 9S_1 AD_2 AS_2 JC_1 KC_1 KD_1 KS_2 QD_2 QH_1,40,2,3,4,0,0,0,300,220,0,0,0.3133,-274.6,-53.2,,,0,
bid,H,-190,30,,,9C_2 9H_2 AC_2 AD_1 AH_1 AH_2 JH_1 KC_2 KD_2 KH_2 QC_1 QH_2,70,4,6,4,0,0,0,300,-220,0,0,0.94,286.1333,43.8667,,,1,
bid,S,30,-190,,,10D_1 10H_1 10S_1 10S_2 9D_1 9S_2 JC_2 JD_1 JS_1 KH_1 KS_1 QS_2,90,0,6,3,0,1,0,340,220,0,1,0.6,-31.4,25.9333,,,0,
bid,H,-190,30,,,10C_1 10D_2 9D_2 9H_1 AC_1 AS_1 JD_2 JH_2 JS_2 QC_2 QD_1 QS_1,50,2,2,4,0,1,0,340,-220,1,0,0.1533,-380.6667,133.2667,,,0,
fold,H,-190,30,140,80,9C_2 9H_2 AH_1 AH_2 JD_2 JH_1 JH_2 KC_2 KH_2 QC_1 QH_2 QS_1,110,2,7,3,0,1,0,330,-220,0,0,0.3133,,,-291.7333,-410.0,,0
bid,H,200,110,,,10D_2 10H_1 10H_2 10S_1 9C_1 9C_2 9S_1 9S_2 AD_2 AH_1 JH_2 KH_1,0,2,5,3,0,0,0,300,90,0,0,0.68,-24.2,-149.1333,,,1,
bid,S,110,200,,,10S_2 9H_2 AD_1 AH_2 AS_1 JD_2 JS_1 KC_1 KC_2 QC_2 QD_1 QS_2,60,3,4,3,0,1,0,310,-90,0,0,0.7333,83.9333,184.6667,,,0,
bid,D,200,110,,,10D_1 9D_1 9D_2 AC_1 AC_2 AS_2 JC_1 JH_1 KH_2 QC_1 QH_2 QS_1,40,3,3,4,0,0,0,310,90,1,0,0.1733,-354.0667,138.2,,,0,
bid,D,110,200,,,10C_1 10C_2 9H_1 JC_2 JD_1 JS_2 KD_1 KD_2 KS_1 KS_2 QD_2 QH_1,40,0,4,3,0,0,0,310,-90,0,1,0.2467,-314.8667,23.8,,,0,
fold,H,200,110,150,100,10H_1 10H_2 9C_1 9C_2 9S_1 9S_2 AH_1 JH_2 KH_1 KH_2 QH_2 QS_1,150,1,7,3,1,0,0,300,90,0,0,0.4133,,,-231.8667,-400.0,,0
bid,D,270,540,,,10C_2 10D_1 10H_1 10H_2 9D_1 9S_1 9S_2 JH_2 KC_1 KD_1 KH_1 QD_2,50,0,4,4,0,0,0,300,-270,0,0,0.2333,-379.8,-113.4,,,0,
bid,S,540,270,,,10C_1 10S_1 10S_2 9C_2 AD_1 AD_2 JD_2 JS_1 KC_2 KH_2 KS_1 QS_1,80,2,5,3,0,1,0,300,270,0,0,0.7133,88.1333,163.5333,,,0,
bid,S,270,540,,,9C_1 AH_1 AH_2 AS_1 JC_1 JD_1 JH_1 JS_2 KD_2 QC_2 QD_1 QH_1,60,3,2,4,0,0,1,300,-270,0,1,0.16,-370.0,139.4667,,,0,
fold,S,540,270,80,100,10S_1 9D_2 9H_1 9H_2 AS_2 JC_2 JD_2 KS_2 QC_1 QH_2 QS_1 QS_2,80,1,5,3,0,1,0,250,270,0,0,0.1667,,,-384.2667,-350.0,,1
bid,S,290,370,,,10H_1 10S_1 10S_2 9D_2 9H_1 AC_2 AD_1 AS_2 JC_1 JS_2 KD_2 KS_2,0,3,5,3,0,0,0,300,-80,0,0,0.6667,9.6,-96.0667,,,1,
bid,D,370,290,,,10D_2 9H_2 AC_1 AD_2 AS_1 JC_2 JD_1 JH_2 QC_2 QH_1 QH_2 QS_1,40,3,3,4,0,1,0,340,80,0,0,0.3067,-235.8667,192.3333,,,0,
bid,C,290,370,,,10C_2 10D_1 9D_1 9S_1 AH_2 JD_2 JH_1 JS_1 KC_1 KD_1 QC_1 QS_2,80,1,3,4,0,1,0,340,-80,1,0,0.3933,-239.8,27.8,,,0,
bid,C,370,290,,,10C_1 10H_2 9C_1 9C_2 9S_2 AH_1 KC_2 KH_1 KH_2 KS_1 QD_1 QD_2,20,1,4,4,0,0,0,340,80,0,1,0.0667,-400.8667,27.7333,,,0,
fold,S,290,370,220,50,10S_1 10S_2 9D_2 9H_1 AS_2 JC_1 JD_2 JS_1 JS_2 KD_2 KS_2 QS_2,190,1,7,3,1,1,0,330,-80,0,0,0.6667,,,0.6667,-380.0,,0
bid,S,480,700,,,10D_1 10H_2 9C_1 AC_2 AS_1 JC_1 JH_1 JH_2 JS_1 KD_1 KH_2 QC_1,0,2,2,4,0,0,0,300,-220,0,0,0.14,-412.0667,-56.0,,,0,
bid,S,700,480,,,10D_2 10S_1 9C_2 9D_1 AD_1 AH_1 AS_2 KC_1 KS_1 QD_2 QH_1 QS_1,40,3,4,4,0,0,0,300,220,0,0,0.8067,104.8,59.2,,,1,
bid,H,480,700,,,10C_1 10C_2 9H_2 JC_2 JD_1 JD_2 JS_2 KD_2 KH_1 KS_2 QC_2 QH_2,50,0,3,4,0,0,0,300,-220,0,1,0.2133,-337.2667,35.5333,,,0,
fold,H,700,480,10,50,10D_2 10H_1 9D_2 9H_1 9S_1 9S_2 AD_2 AH_1 AH_2 QD_1 QS_1 QS_2,10,3,4,4,0,0,0,250,220,0,0,0.02,,,-388.9333,-300.0,,1
bid,S,450,530,,,10C_2 10H_1 9S_2 AD_1 AD_2 AH_1 AS_1 JC_2 JH_2 QC_1 QC_2 QD_1,10,4,2,4,0,0,0,300,-80,0,0,0.1333,-401.8667,74.1333,,,0,
bid,H,530,450,,,10C_1 10D_1 10S_2 9H_1 9H_2 AH_2 JD_1 JD_2 KC_2 QH_1 QH_2 QS_2,60,1,5,3,0,1,0,300,80,0,0,0.5933,-15.4,36.0,,,0,
bid,S,450,530,,,10S_1 9D_1 9D_2 9S_1 AS_2 JC_1 JH_1 JS_2 KD_1 KS_1 QD_2 QS_1,180,1,6,4,1,0,0,300,-80,0,1,0.9933,236.4667,-122.7333,,,1,
bid,C,530,450,,,10D_2 10H_2 9C_1 9C_2 AC_1 AC_2 JS_1 KC_1 KD_2 KH_1 KH_2 KS_2,100,2,5,3,0,0,1,340,80,0,1,0.0333,-440.5333,192.2667,,,0,
fold,S,450,530,190,120,10H_1 10S_1 9S_1 AD_1 AS_1 AS_2 JC_1 JS_2 KD_1 KS_1 QD_2 QS_1,180,3,7,3,1,0,0,330,-80,0,0,0.5267,,,-169.6667,-450.0,,0
bid,D,660,880,,,10D_2 9H_1 AD_1 AH_1 AS_2 JD_1 JS_1 JS_2 KD_1 KH_2 KS_1 QD_1,150,3,5,4,1,0,0,300,-220,0,0,1.0,315.7333,5.8667,,,1,
bid,C,880,660,,,10C_2 10H_1 10S_1 9S_2 AH_2 JC_1 JD_2 KC_1 QC_2 QD_2 QH_1 QS_2,140,1,4,3,0,1,1,340,220,0,0,0.6667,12.4667,209.3333,,,0,
bid,D,660,880,,,10C_1 10D_1 10H_2 9C_2 9D_1 9D_2 9H_2 AD_2 JC_2 KD_2 KH_1 QH_2,40,1,5,4,0,0,0,340,-220,1,0,0.1533,-352.0,-25.2,,,0,
bid,S,880,660,,,10S_2 9C_1 9S_1 AC_1 AC_2 AS_1 JH_1 JH_2 KC_2 KS_2 QC_1 QS_1,70,3,5,5,0,0,0,340,220,0,1,0.7733,130.4,149.5333,,,0,
bid,D,660,880,,,10D_2 9H_1 AD_1 AH_1 AS_2 JD_1 JS_1 JS_2 KD_1 KH_2 KS_1 QD_1,150,3,5,4,1,0,0,350,-220,0,1,0.9333,249.8,142.5333,,,1,
bid,S,880,660,,,10S_2 9C_1 9S_1 AC_1 AC_2 AS_1 JH_1 JH_2 KC_2 KS_2 QC_1 QS_1,70,3,5,5,0,0,0,360,220,0,1,0.58,-26.8,293.0667,,,0,
fold,D,660,880,190,160,10D_1 10D_2 9H_1 AD_1 AD_2 JD_1 JS_1 JS_2 KD_1 KD_2 KS_1 QD_1,150,2,8,3,1,0,0,350,-220,0,0,0.54,,,-181.2667,-510.0,,0
bid,D,0,0,,,10C_1 10D_1 10H_1 10S_2 9D_2 AD_2 JD_2 JS_2 KD_1 KH_1 KS_2 QH_2,30,1,5,3,0,0,0,300,0,0,0,0.4267,-176.9333,-50.6,,,0,
bid,C,0,0,,,9C_1 9C_2 9D_1 9H_1 AC_2 AD_1 AS_1 JD_1 KC_2 QC_1 QD_1 QS_1,100,3,5,4,0,1,0,300,0,0,0,0.92,273.2667,56.0,,,1,
bid,H,0,0,,,10D_2 10H_2 9H_2 9S_1 AH_1 AH_2 AS_2 JC_2 JH_2 KH_2 KS_1 QD_2,10,3,6,3,0,0,0,300,0,0,1,0.7133,72.4,-102.2667,,,1,
bid,C,0,0,,,10C_2 10S_1 9S_2 AC_1 JC_1 JH_1 JS_1 KC_1 KD_2 QC_2 QH_1 QS_2,150,1,5,4,1,0,0,340,0,0,1,0.7733,75.4667,85.2667,,,0,
bid,H,0,0,,,10D_2 10H_2 9H_2 9S_1 AH_1 AH_2 AS_2 JC_2 JH_2 KH_2 KS_1 QD_2,10,3,6,3,0,0,0,350,0,0,1,0.5733,-13.2667,-21.0667,,,1,
bid,C,0,0,,,10C_2 10S_1 9S_2 AC_1 JC_1 JH_1 JS_1 KC_1 KD_2 QC_2 QH_1 QS_2,150,1,5,4,1,0,0,360,0,0,1,0.6,-55.2667,70.4,,,0,
bid,H,0,0,,,10D_2 10H_2 9H_2 9S_1 AH_1 AH_2 AS_2 JC_2 JH_2 KH_2 KS_1 QD_2,10,3,6,3,0,0,0,370,0,0,1,0.5067,-81.2,68.6,,,0,
fold,C,0,0,270,20,10C_2 9S_2 AC_1 AS_1 JC_1 JD_1 JH_1 KC_1 QC_2 QH_1 QS_1 QS_2,190,2,5,4,1,1,0,360,0,0,0,0.9667,,,276.6667,-380.0,,0
bid,C,480,60,,,10C_2 10H_1 9C_1 9C_2 9S_2 AC_2 AH_2 JD_1 KC_2 QC_1 QC_2 QS_1,100,2,7,2,0,1,0,300,420,0,0,0.9667,359.1333,-11.6667,,,1,
bid,H,60,480,,,10C_1 10S_1 9H_1 AH_1 AS_1 JC_2 JH_1 JH_2 JS_1 KH_2 KS_2 QH_1,50,2,6,4,0,0,0,340,-420,0,0,0.72,81.2667,-8.8667,,,1,
bid,D,480,60,,,10D_1 10H_2 9D_1 AC_1 AD_2 AS_2 JC_1 JD_2 KC_1 KD_1 QD_1 QD_2,160,3,7,3,1,0,0,340,420,1,0,0.9933,389.1333,63.2,,,1,
bid,S,60,480,,,10D_2 10S_2 9D_2 9H_2 9S_1 AD_1 JS_2 KD_2 KH_1 KS_1 QH_2 QS_2,70,1,5,4,0,0,0,340,-420,0,1,0.4933,-101.6,3.3333,,,0,
fold,C,480,60,120,60,10C_2 10H_2 9C_1 9C_2 AC_1 AC_2 JD_1 JD_2 KC_2 QC_1 QC_2 QS_1,100,2,8,2,0,1,0,330,420,0,0,0.2267,,,-326.6,-390.0,,0
bid,S,130,840,,,10H_2 9C_1 9C_2 9H_1 9S_1 9S_2 AC_1 AS_2 JD_2 JS_1 KD_1 QH_2,20,2,4,3,0,0,0,300,-710,0,0,0.1067,-394.7333,7.6,,,0,
bid,C,840,130,,,10C_1 10C_2 10S_2 9H_2 JC_1 KC_1 KH_2 KS_2 QC_2 QD_1 QS_1 QS_2,60,0,5,4,0,0,0,300,710,0,0,0.56,-74.8667,8.0667,,,0,
bid,D,130,840,,,10D_1 10D_2 10H_1 9D_1 AC_2 AD_1 AD_2 AH_1 AS_1 KH_1 KS_1 QC_1,110,5,5,3,0,0,1,310,-710,0,1,0.9867,244.2,140.0667,,,1,
bid,D,840,130,,,10S_1 9D_2 AH_2 JC_2 JD_1 JH_1 JH_2 JS_2 KC_2 KD_2 QD_2 QH_1,90,1,4,4,0,0,1,310,710,1,0,0.3133,-281.0,7.7333,,,0,
fold,C,840,130,140,120,10C_1 10C_2 9H_2 JC_1 JC_2 JD_1 KC_1 KC_2 KS_2 QC_2 QD_1 QS_1,100,0,7,2,0,1,0,300,710,0,0,0.42,,,-264.0667,-420.0,,0
bid,C,540,370,,,9C_1 AC_1 AC_2 AD_2 AH_1 AS_1 JD_2 JH_1 KH_2 QC_2 QD_1 QD_2,110,5,4,4,0,0,1,300,170,0,0,0.9733,281.9333,304.7333,,,0,
bid,S,370,540,,,10C_2 10S_1 9C_2 9H_1 9H_2 AH_2 AS_2 KC_1 KD_2 KS_1 QC_1 QS_2,60,2,4,4,0,0,0,300,-170,0,0,0.6333,-69.8,36.4,,,0,
bid,S,540,370,,,10H_1 10S_2 9D_1 9S_1 9S_2 JC_2 JD_1 JH_2 JS_1 JS_2 QH_1 QH_2,60,0,5,4,0,0,1,300,170,0,1,0.22,-339.6667,-87.0,,,0,
fold,S,370,540,140,160,10D_2 10S_1 9D_2 AD_1 AS_2 JC_1 KC_2 KD_1 KH_1 KS_2 QS_1 QS_2,120,2,5,4,0,0,1,250,-170,0,0,0.8267,,,-61.5333,-410.0,,0
bid,D,670,790,,,10C_2 10D_1 AC_1 AC_2 AD_1 JD_1 JH_2 KH_1 KH_2 QC_2 QD_1 QH_2,20,3,4,4,0,0,0,300,-120,0,0,0.5533,-50.0,153.8667,,,0,
bid,S,790,670,,,10C_1 10S_1 9S_2 AH_2 AS_1 JS_2 KC_2 KD_2 KS_2 QD_2 QH_1 QS_2,180,2,6,2,1,0,0,300,120,0,0,0.9933,289.1333,57.7333,,,1,
bid,D,670,790,,,10D_2 10S_2 9C_2 9D_2 9S_1 AD_2 AH_1 AS_2 JC_2 JH_1 QC_1 QS_1,10,3,3,4,0,0,0,340,-120,0,1,0.08,-414.8,51.7333,,,0,
bid,H,790,670,,,10H_1 10H_2 9C_1 9D_1 9H_1 9H_2 JC_1 JD_2 JS_1 KC_1 KD_1 KS_1,20,0,4,3,0,0,0,340,120,1,0,0.0667,-433.2,27.7333,,,0,
fold,S,790,670,220,30,10S_1 9S_2 AS_1 JD_2 JS_1 JS_2 KD_2 KS_1 KS_2 QD_2 QH_1 QS_2,220,1,8,3,1,1,0,330,120,0,0,1.0,,,284.6667,-360.0,,0
bid,D,0,0,,,9D_1 9S_2 AD_1 JC_1 JD_2 JH_2 JS_2 KD_2 KS_2 QC_2 QD_2 QS_1,150,1,5,4,0,1,1,300,0,0,0,0.8333,136.6,35.4,,,1,
bid,H,0,0,,,10S_1 9C_2 9D_2 9S_1 AH_1 AH_2 JD_1 JS_1 KH_2 KS_1 QC_1 QH_2,40,2,4,4,0,0,0,300,0,0,0,0.3333,-258.4,83.6667,,,0,
bid,S,0,0,,,10D_2 10H_1 10S_2 AC_1 AD_2 AS_2 JC_2 JH_1 KC_1 KC_2 KH_1 QD_1,0,3,2,4,0,0,0,300,0,0,1,0.0467,-428.1333,28.1333,,,0,
fold,C,0,0,80,120,10C_1 10C_2 9C_1 9H_1 9H_2 AC_2 AH_2 JD_1 KD_1 QC_1 QH_1 QS_2,50,2,5,4,0,1,0,250,0,0,0,0.3667,,,-273.9333,-370.0,,0
bid,D,-250,250,,,10D_1 10S_2 9C_1 9D_1 9H_1 AC_2 AD_2 AS_1 JC_2 JH_1 JH_2 QS_2,10,3,3,3,0,0,0,300,-500,0,0,0.2,-336.4667,93.7333,,,0,
bid,C,250,-250,,,10C_2 9D_2 9S_2 AC_1 AD_1 JD_1 JD_2 JS_2 KC_1 KH_2 QC_1 QH_2,60,2,4,4,0,0,0,300,500,0,0,0.7667,74.8,25.3333,,,1,
bid,C,-250,250,,,10D_2 10S_1 9H_2 AH_1 AH_2 JC_1 JS_1 KC_2 KH_1 KS_1 QC_2 QD_1,40,2,3,4,0,0,0,310,-500,0,1,0.3267,-271.4667,65.6667,,,0,
bid,S,250,-250,,,10C_1 10H_1 10H_2 9C_2 9S_1 AS_2 KD_1 KD_2 KS_2 QD_2 QH_1 QS_1,70,1,4,3,0,0,0,310,500,1,0,0.2733,-300.8667,79.1333,,,0,
fold,C,250,-250,130,50,10C_1 10C_2 9S_2 AC_1 AS_2 JD_1 JS_2 KC_1 KH_2 QC_1 QH_2 QS_1,100,2,5,4,0,1,0,300,500,0,0,0.32,,,-254.0,-350.0,,0
bid,S,-50,-110,,,10H_2 10S_1 9C_2 9S_2 AH_2 AS_2 JC_2 JS_2 KC_1 KS_1 QC_2 QH_1,30,2,5,4,0,0,0,300,60,0,0,0.5267,-111.4667,-47.2,,,0,
bid,D,-110,-50,,,10C_2 9D_2 AC_1 AD_1 AD_2 AH_1 JH_1 JS_1 KD_2 KH_2 KS_2 QD_2,50,4,5,3,0,0,0,300,-60,0,0,0.68,20.2,19.4,,,1,
bid,C,-50,-110,,,10C_1 10D_1 10D_2 10H_1 9D_1 9H_1 9H_2 AC_2 JD_2 KC_2 QC_1 QS_2,80,1,4,4,0,1,0,300,60,0,1,0.72,27.3333,-10.9333,,,1,
fold,D,-110,-50,150,90,10C_2 9C_1 9S_1 AD_1 AD_2 JD_1 JH_2 KD_1 KH_1 QD_1 QH_2 QS_1,100,2,5,3,0,1,0,250,-60,0,0,0.7533,,,-43.4,-340.0,,0
bid,C,190,140,,,10C_1 9C_1 9D_1 9S_1 JC_1 KC_2 KD_1 KH_1 QC_1 QC_2 QS_1 QS_2,50,0,6,3,0,0,0,300,50,0,0,0.6667,35.6667,-14.2667,,,1,
bid,H,140,190,,,10C_2 10D_1 10H_1 10H_2 10S_2 9D_2 9H_1 AS_1 JH_1 KH_2 QD_2 QH_1,50,1,6,3,0,0,0,300,-50,0,0,0.58,-69.6,-113.9333,,,1,
bid,D,190,140,,,9H_2 9S_2 AC_2 AD_1 AD_2 AH_2 JD_2 JS_1 KC_1 KD_2 KS_2 QH_2,0,4,4,3,0,0,0,310,50,0,1,0.52,-106.2,170.6,,,0,
bid,S,140,190,,,10D_2 10S_1 9C_2 AC_1 AH_1 AS_2 JC_2 JD_1 JH_2 JS_2 KS_1 QD_1,40,3,4,3,0,0,1,310,-50,1,0,0.7533,98.4667,125.9333,,,0,
fold,H,140,190,160,30,10H_1 10H_2 9D_2 9H_1 AH_1 AS_1 JD_1 JH_1 JH_2 KH_2 QD_2 QH_1,160,2,8,3,1,0,0,300,-50,0,0,1.0,,,272.9333,-330.0,,0
bid,C,530,240,,,10C_2 10H_1 9C_2 9H_1 AC_2 AD_1 AS_2 KC_1 KD_1 KD_2 KS_2 QH_2,10,3,4,3,0,0,0,300,290,0,0,0.5333,-92.6,8.4,,,0,
bid,C,240,530,,,10D_1 10S_1 10S_2 9D_1 9S_2 AC_1 AH_1 AH_2 JD_1 JD_2 KC_2 QC_1,40,3,3,4,0,0,0,300,-290,0,0,0.5467,-73.7333,305.4,,,0,
bid,C,530,240,,,10H_2 9C_1 9H_2 JC_1 JC_2 JH_2 JS_1 KH_1 QC_2 QD_2 QS_1 QS_2,10,0,4,4,0,0,0,300,290,0,1,0.2333,-292.8667,-4.8,,,0,
fold,H,240,530,60,20,9D_2 9S_1 AD_2 AH_2 JD_1 JD_2 JH_1 JS_2 KH_2 KS_1 QD_1 QH_1,40,2,4,5,0,0,0,250,-290,0,0,0.1667,,,-281.4667,-270.0,,1
bid,C,-10,550,,,10C_1 10S_2 9D_1 9D_2 AC_2 AD_2 JH_2 JS_2 KD_1 KH_2 QS_1 QS_2,0,2,2,4,0,0,0,300,-560,0,0,0.1667,-337.4,52.0,,,0,
bid,S,550,-10,,,10D_2 10H_1 9H_2 9S_1 AC_1 AH_1 AS_2 JC_2 JD_1 JS_1 KC_1 QD_2,10,3,3,3,0,0,0,300,560,0,0,0.2467,-315.0667,30.2,,,0,
bid,S,-10,550,,,10D_1 10S_1 9C_1 9S_2 AD_1 AS_1 JC_1 JH_1 KS_2 QC_1 QD_1 QH_2,10,2,4,3,0,0,0,300,-560,0,1,0.3067,-248.6,-76.7333,,,0,
fold,H,550,-10,160,0,10H_1 10H_2 9H_1 AH_1 AH_2 JD_1 KC_2 KD_2 KH_1 KS_1 QC_2 QH_1,150,2,7,2,0,0,1,250,560,0,0,0.76,,,92.8,-250.0,,0
bid,S,880,70,,,10C_1 10D_1 9D_1 9D_2 9S_1 9S_2 AH_2 AS_2 JC_1 JD_2 KS_1 QS_2,100,2,5,4,0,1,0,300,810,0,0,0.6733,26.8,1.1333,,,1,
bid,C,70,880,,,10D_2 10S_2 9C_1 AC_1 AC_2 JH_2 JS_1 KC_1 KS_2 QC_1 QD_2 QH_2,50,2,5,3,0,0,0,300,-810,0,0,0.3333,-253.6667,-8.0,,,0,
bid,H,880,70,,,10C_2 10H_1 9H_1 9H_2 AD_1 AD_2 AS_1 KD_1 KD_2 KH_1 QC_2 QH_1,60,3,5,4,0,0,0,300,810,0,1,0.68,70.0667,4.9333,,,1,
fold,H,70,880,250,120,10H_2 9C_2 AC_1 AH_1 JC_2 JD_1 JH_1 JH_2 JS_2 KH_2 QH_2 QS_1,230,2,6,3,1,1,1,250,-810,0,0,1.0,,,199.4667,-370.0,,0
bid,C,0,0,,,10S_2 9C_2 9H_2 AC_1 AC_2 AD_2 JC_2 JD_1 KH_1 QC_1 QH_2 QS_2,70,3,5,3,0,1,0,300,0,0,0,0.6333,16.6667,143.7333,,,0,
bid,D,0,0,,,10D_2 10H_1 9C_1 9D_2 9H_1 9S_2 JC_1 JD_2 JH_1 KC_1 KD_1 QD_2,50,0,5,3,0,0,0,300,0,0,0,0.54,-132.4667,-106.7333,,,0,
bid,S,0,0,,,10C_1 10C_2 10H_2 9D_1 AD_1 AH_2 AS_1 AS_2 JS_1 KH_2 KS_2 QS_1,40,4,5,3,0,0,0,300,0,0,1,0.86,155.7333,166.0667,,,0,
fold,D,0,0,110,90,10D_1 10D_2 10H_1 9S_1 JD_2 JH_2 JS_2 KC_2 KD_2 QC_2 QD_1 QH_1,60,0,5,3,0,0,0,250,0,0,0,0.3,,,-315.7333,-340.0,,0
bid,C,-250,90,,,10H_1 9H_1 9S_1 AC_1 AH_2 AS_2 JC_2 JS_2 KC_2 KS_2 QC_2 QD_1,40,3,4,4,0,0,0,300,-340,0,0,0.8533,138.6667,1.9333,,,1,
bid,C,90,-250,,,10C_2 10H_2 AC_2 AS_1 JC_1 JD_2 JH_1 JS_1 QC_1 QD_2 QS_1 QS_2,80,2,4,4,0,1,1,300,340,0,0,0.7333,112.4,75.5333,,,1,
bid,D,-250,90,,,10S_1 10S_2 9C_1 9C_2 9D_1 AD_1 AD_2 AH_1 KH_2 KS_1 QH_1 QH_2,30,3,3,4,0,0,0,300,-340,0,1,0.0733,-423.5333,65.5333,,,0,
fold,S,90,-250,310,50,9D_2 9H_2 9S_2 JD_1 JD_2 JH_2 KC_1 KD_1 KD_2 KH_1 QS_1 QS_2,310,0,3,5,0,1,0,250,340,0,0,1.0,,,208.4,-300.0,,0
bid,S,470,-20,,,10H_1 10H_2 10S_2 9H_1 9S_1 AC_2 AD_2 KH_2 KS_1 QC_1 QD_1 QS_1,50,2,4,4,0,0,0,300,490,0,0,0.4267,-166.7333,139.8667,,,0,
bid,C,-20,470,,,10C_1 10C_2 10D_2 9D_1 AH_1 AH_2 AS_1 KC_1 KC_2 KH_1 KS_2 QC_2,40,3,5,3,0,0,0,300,-490,0,0,0.7067,67.6667,53.6,,,1,
bid,C,470,-20,,,10D_1 9D_2 9H_2 9S_2 AC_1 JC_1 JD_1 JD_2 JH_1 JH_2 JS_1 QS_2,80,1,2,4,0,1,1,310,490,0,1,0.4667,-176.5333,49.4667,,,0,
bid,D,-20,470,,,10S_1 9C_1 9C_2 AD_1 AS_2 JC_2 JS_2 KD_1 KD_2 QD_2 QH_1 QH_2,40,2,4,3,0,0,0,310,-490,1,0,0.3333,-232.0,-34.8,,,0,
fold,C,-20,470,80,100,10C_1 10C_2 9D_1 AD_1 AH_1 AH_2 AS_2 JC_2 KC_1 KC_2 KH_1 QC_2,40,4,6,3,0,0,0,300,-490,0,0,0.2,,,-342.0667,-400.0,,0
bid,S,-320,640,,,10D_1 10S_2 9S_1 AD_1 AH_1 AH_2 AS_1 AS_2 JC_1 JH_1 KD_2 QH_2,10,5,4,4,0,0,0,300,-960,0,0,0.4933,-118.4,75.6,,,0,
bid,D,640,-320,,,10H_1 9C_2 9D_1 9H_2 9S_2 AC_1 AD_2 JS_1 JS_2 KC_1 KH_1 KH_2,10,2,2,4,0,0,0,300,960,0,0,0.0467,-449.5333,-66.6667,,,0,
bid,C,-320,640,,,10C_1 10C_2 10H_2 9C_1 9H_1 KC_2 KD_1 KS_1 QC_1 QC_2 QD_1 QH_1,70,0,6,3,0,0,0,300,-960,0,1,0.4267,-184.4667,-62.2,,,0,
fold,S,640,-320,390,50,10H_1 10S_1 JC_2 JD_1 JD_2 JH_2 JS_1 JS_2 KS_2 QD_2 QS_1 QS_2,380,0,6,3,0,1,1,250,960,0,0,1.0,,,329.6,-300.0,,0
bid,H,0,0,,,10D_1 10D_2 10H_1 AS_2 JH_1 KD_1 KH_1 KH_2 KS_1 QC_2 QD_2 QH_1,60,1,5,4,0,0,0,300,0,0,0,0.7333,52.6,-18.4667,,,1,
bid,H,0,0,,,10C_2 10H_2 10S_1 9C_1 9C_2 9H_1 AH_1 JC_2 JH_2 KC_2 KD_2 KS_2,10,1,4,5,0,0,0,310,0,0,0,0.1667,-361.0,-153.8667,,,0,
bid,D,0,0,,,10C_1 10S_2 9D_1 9D_2 9S_1 AC_1 AC_2 AD_2 JD_1 JS_1 QC_1 QD_1,20,3,5,4,0,0,0,310,0,1,0,0.36,-197.2,36.6,,,0,
bid,D,0,0,,,9H_2 9S_2 AD_1 AH_2 AS_1 JC_1 JD_2 JS_2 KC_1 QH_2 QS_1 QS_2,40,3,2,5,0,1,0,310,0,0,1,0.52,-82.2667,134.6667,,,0,
fold,H,0,0,60,60,10H_1 10S_2 AC_1 JD_1 JH_1 KD_1 KH_1 KH_2 KS_1 QC_2 QD_2 QH_1,60,1,5,3,0,0,0,300,0,0,0,0.0,,,-481.4,-360.0,,1
bid,D,60,-300,,,10D_2 10S_1 AC_2 AD_1 AH_1 JC_1 JC_2 JD_2 KD_2 QD_1 QD_2 QH_1,150,3,6,3,1,0,0,300,360,0,0,1.0,323.7333,63.8,,,1,
bid,D,-300,60,,,10C_2 10D_1 10H_2 9D_1 9D_2 9H_1 9H_2 JH_1 KC_1 KH_2 QC_2 QS_2,40,0,3,5,0,0,0,340,-360,0,0,0.0467,-442.6,-14.3333,,,0,
bid,S,60,-300,,,10H_1 9C_1 9C_2 9S_1 9S_2 AC_1 AD_2 JS_1 KC_2 KH_1 KS_1 QS_1,60,2,5,4,0,0,0,340,360,1,0,0.34,-223.1333,73.5333,,,0,
bid,S,-300,60,,,10C_1 10S_2 AH_2 AS_1 AS_2 JD_1 JH_2 JS_2 KD_1 KS_2 QC_1 QH_2,0,3,5,3,0,0,0,340,-360,0,1,0.5667,-49.3333,186.1333,,,0,
fold,D,60,-300,190,40,10D_2 10H_1 AD_1 AD_2 JC_1 JC_2 JD_2 KD_2 QD_1 QD_2 QH_1 QS_1,190,2,7,2,1,1,0,330,360,0,0,0.5533,,,-75.6667,-370.0,,0
bid,H,-210,450,,,9H_1 9H_2 9S_2 AS_2 JC_1 JC_2 KC_1 KH_2 KS_1 QD_1 QD_2 QH_2,60,1,4,3,0,0,0,300,-660,0,0,0.2267,-322.6667,59.0,,,0,
bid,C,450,-210,,,10D_2 9C_1 9D_2 AC_2 AH_1 AH_2 JD_2 JS_1 KC_2 KH_1 QC_1 QS_1,90,3,4,3,0,1,0,300,660,0,0,0.7267,78.5333,149.4,,,0,
bid,S,-210,450,,,10C_2 10D_1 10H_1 10S_2 9D_1 AD_1 AD_2 JH_2 JS_2 KD_1 KS_2 QS_2,40,2,4,5,0,0,0,300,-660,0,1,0.6,-36.2,19.6667,,,0,
fold,S,450,-210,70,70,10S_1 9C_2 9S_1 AC_1 AS_1 JD_1 JD_2 JH_1 JS_1 QC_2 QH_1 QS_1,50,2,5,3,0,1,0,250,660,0,0,0.2067,,,-315.1333,-320.0,,0
bid,C,200,-140,,,10H_1 10S_1 AC_1 AC_2 AD_2 AH_2 AS_2 JD_1 KC_1 QD_2 QH_1 QS_2,140,5,3,3,0,1,1,300,340,0,0,0.9867,281.2,343.4667,,,0,
bid,H,-140,200,,,10C_2 10D_2 10H_2 9C_2 9D_1 9H_1 AD_1 JH_1 JS_1 JS_2 KC_2 KD_1,10,1,3,4,0,0,0,340,-340,0,0,0.0733,-438.1333,-14.1333,,,0,
bid,D,200,-140,,,10C_1 10D_1 9D_2 9H_2 AH_1 JD_2 KD_2 KH_1 KH_2 KS_2 QC_2 QD_1,50,1,5,4,0,0,0,340,340,1,0,0.5533,-67.6,111.8667,,,0,
bid,S,-140,200,,,10S_2 9C_1 9S_1 9S_2 AS_1 JC_1 JC_2 JH_2 KS_1 QC_1 QH_2 QS_1,60,1,6,4,0,0,0,340,-340,0,1,0.5867,-38.6667,30.7333,,,0,
fold,C,200,-140,200,40,10C_1 AC_1 AC_2 AD_2 AH_2 AS_2 JD_1 JD_2 KC_1 QC_2 QH_1 QS_2,180,5,5,3,0,1,1,330,340,0,0,0.9733,,,250.8667,-370.0,,0
bid,D,-20,570,,,10H_1 AC_1 AC_2 AD_1 AD_2 KC_2 KD_1 KH_1 KH_2 QC_2 QD_1 QS_1,60,4,4,4,0,0,0,300,-590,0,0,0.5867,-34.1333,292.6667,,,0,
bid,S,570,-20,,,10C_1 10D_2 10S_1 10S_2 9S_1 AH_2 AS_1 AS_2 JD_2 JH_2 KS_2 QD_2,10,3,6,3,0,0,0,300,590,0,0,0.5867,-1.6667,-19.9333,,,1,
bid,H,-20,570,,,10D_1 10H_2 9C_1 9D_1 9H_1 9H_2 AH_1 JD_1 JS_2 KC_1 KS_1 QC_1,40,1,4,3,0,0,0,310,-590,0,1,0.1667,-377.8667,-97.4,,,0,
bid,C,570,-20,,,10C_2 9C_2 9D_2 9S_2 JC_1 JC_2 JH_1 JS_1 KD_2 QH_1 QH_2 QS_2,10,0,4,3,0,0,0,310,590,1,0,0.12,-397.1333,-94.6,,,0,
fold,S,570,-20,210,60,10C_2 10S_1 10S_2 9S_1 AS_1 AS_2 JD_2 JH_2 JS_1 KS_2 QD_2 QS_2,200,2,8,2,1,1,0,300,590,0,0,1.0,,,201.7333,-360.0,,0
bid,C,950,120,,,10C_1 10H_2 10S_2 9C_2 9D_1 AC_1 AH_2 JC_2 KD_2 KH_1 KH_2 QS_2,10,2,4,4,0,0,0,300,830,0,0,0.4133,-178.0,-20.6,,,0,
bid,D,120,950,,,10C_2 9C_1 JD_1 JH_1 JH_2 JS_1 KD_1 KS_1 QC_1 QD_1 QH_1 QH_2,40,0,3,4,0,0,0,300,-830,0,0,0.24,-340.6,-57.9333,,,0,
bid,S,950,120,,,10D_1 10H_1 9D_2 9H_1 9H_2 9S_1 AC_2 AD_1 AD_2 KS_2 QC_2 QS_1,50,3,3,4,0,0,0,300,830,0,1,0.3067,-262.1333,104.7333,,,0,
fold,S,120,950,50,50,10S_1 9S_2 AS_1 AS_2 JC_1 JD_1 JD_2 JS_1 JS_2 KC_1 KS_1 QD_2,10,2,7,3,0,0,0,250,-830,0,0,0.2267,,,-285.1333,-300.0,,0
bid,D,0,0,,,10H_1 10H_2 9C_2 9D_1 9D_2 AC_1 AD_1 AD_2 KC_2 KD_1 KH_2 KS_2,100,3,5,3,0,0,1,300,0,0,0,0.1467,-370.8667,149.9333,,,0,
bid,H,0,0,,,10C_1 10S_1 9H_1 9H_2 9S_1 9S_2 JC_1 JC_2 JD_2 KC_1 QD_1 QS_1,60,0,2,4,0,1,0,300,0,0,0,0.1867,-391.4,-161.4,,,0,
bid,S,0,0,,,10D_2 9C_1 AC_2 AH_2 AS_1 AS_2 JH_2 JS_1 KH_1 KS_1 QD_2 QS_2,40,4,5,3,0,0,0,300,0,0,1,0.8467,154.6667,146.0,,,1,
bid,S,0,0,,,10C_2 10D_1 10S_2 AH_1 JD_1 JH_1 JS_2 KD_2 QC_1 QC_2 QH_1 QH_2,0,1,2,4,0,0,0,340,0,0,1,0.08,-395.8,180.0667,,,0,
fold,S,0,0,140,60,9C_1 AC_1 AD_1 AH_2 AS_1 AS_2 JH_2 JS_1 KS_1 KS_2 QD_2 QS_2,140,5,6,2,0,0,1,330,0,0,0,0.5267,,,-74.0,-390.0,,0
bid,C,90,360,,,10C_1 10C_2 9D_2 9S_1 9S_2 AC_2 AD_1 AH_1 AH_2 KC_2 QC_1 QS_2,40,4,5,3,0,0,0,300,-270,0,0,0.9133,266.1333,128.6667,,,1,
bid,H,360,90,,,10D_1 10D_2 10H_2 AC_1 AD_2 JC_1 JH_1 KD_1 KH_1 QC_2 QH_1 QH_2,40,2,5,4,0,0,0,340,270,0,0,0.5067,-70.1333,-10.0,,,0,
bid,S,90,360,,,10S_1 10S_2 9D_1 9H_1 AS_1 AS_2 JC_2 JS_1 KD_2 KS_1 QD_1 QD_2,20,2,6,4,0,0,0,340,-270,1,0,0.4133,-166.8667,-56.0667,,,0,
bid,S,360,90,,,10H_1 9C_1 9C_2 9H_2 JD_1 JD_2 JH_2 JS_2 KC_1 KH_2 KS_2 QS_1,80,0,3,4,0,1,0,340,270,0,1,0.5133,-125.5333,50.5333,,,0,
fold,C,90,360,170,100,10C_1 10C_2 9D_2 9S_1 9S_2 AC_2 AS_1 AS_2 JC_2 KC_2 QC_1 QS_2,150,3,6,5,1,0,0,330,-270,0,0,0.7533,,,39.2,-430.0,,0
bid,D,510,460,,,9C_1 9C_2 AC_1 AS_1 AS_2 KD_1 KD_2 KH_2 KS_2 QC_1 QC_2 QD_1,40,3,3,5,0,0,0,300,50,0,0,0.3467,-235.2667,115.4667,,,0,
bid,C,460,510,,,10C_2 10D_2 10H_2 9D_1 AC_2 JC_1 JC_2 JS_1 JS_2 KH_1 QH_2 QS_2,20,1,4,3,0,0,0,300,-50,0,0,0.2667,-312.5333,27.2667,,,0,
bid,H,510,460,,,10H_1 10S_1 9H_1 9H_2 9S_1 AD_1 AD_2 AH_1 JD_2 JH_2 KC_1 QD_2,20,3,5,4,0,0,0,300,50,0,1,0.4267,-138.2,51.5333,,,0,
fold,S,460,510,110,30,10D_2 10S_2 9D_2 9S_2 AH_2 JD_1 JH_1 JS_1 KS_1 QH_1 QS_1 QS_2,90,1,6,3,0,1,0,250,-50,0,0,0.6733,,,-23.8667,-280.0,,0
bid,S,210,680,,,10D_1 10D_2 9S_1 9S_2 AC_1 JS_1 JS_2 KH_1 QC_1 QC_2 QH_1 QS_2,40,1,5,3,0,0,0,300,-470,0,0,0.24,-306.9333,102.4667,,,0,
bid,H,680,210,,,10C_1 10H_2 10S_1 9D_1 9D_2 9H_1 9H_2 AC_2 AH_1 JH_2 KC_1 QS_1,20,2,5,3,0,0,0,300,470,0,0,0.4733,-128.0667,-44.4667,,,0,
bid,D,210,680,,,10C_2 10S_2 AH_2 AS_2 JC_1 JC_2 JD_1 JH_1 KD_2 KS_1 QD_1 QD_2,40,2,4,3,0,0,0,300,-470,0,1,0.4867,-136.5333,115.9333,,,0,
fold,H,680,210,200,60,10H_1 10H_2 9C_1 9C_2 AH_1 JD_2 KC_2 KD_1 KH_2 KS_2 QH_2 QS_1,180,1,5,3,0,1,1,250,470,0,0,1.0,,,158.0,-310.0,,0
bid,D,0,0,,,9D_2 9S_1 AC_1 AD_2 JH_1 KC_1 KC_2 KD_1 KH_2 QC_2 QD_2 QS_2,70,2,4,4,0,0,0,300,0,0,0,0.56,-82.7333,63.2667,,,0,
bid,S,0,0,,,10D_1 10H_2 10S_1 9D_1 AC_2 AH_1 AH_2 AS_1 AS_2 JD_2 JS_1 KS_1,0,5,5,3,0,0,0,300,0,0,0,0.8533,191.9333,194.5333,,,0,
bid,C,0,0,,,10C_1 10D_2 10S_2 9C_1 9C_2 JC_2 JD_1 JH_2 KS_2 QC_1 QH_1 QH_2,20,0,5,3,0,0,0,300,0,0,1,0.2867,-279.9333,-72.8,,,0,
fold,D,0,0,200,70,10D_1 9H_1 9H_2 9S_2 AD_1 AH_2 JC_1 JD_2 JS_2 KD_2 QD_1 QS_1,190,2,5,3,1,1,0,250,0,0,0,1.0,,,171.3333,-320.0,,0
bid,S,380,140,,,10C_1 10D_2 AC_1 AS_1 AS_2 JC_1 JH_1 KD_2 KS_1 KS_2 QH_1 QS_2,40,3,5,3,0,0,0,300,240,0,0,0.6467,-2.3333,138.2667,,,0,
bid,H,140,380,,,10C_2 9C_1 9H_1 AD_1 AH_1 JH_2 JS_2 KC_1 KC_2 KH_1 QC_1 QH_2,70,2,5,5,0,0,0,300,-240,0,0,0.7933,90.6,-46.6667,,,1,
bid,D,380,140,,,10D_1 10H_2 9C_2 9D_1 9D_2 9H_2 9S_1 9S_2 JD_1 KD_1 QC_2 QD_2,60,0,6,2,0,0,0,310,240,0,1,0.6067,-73.4,-92.6667,,,1,
bid,C,140,380,,,10H_1 10S_1 10S_2 AC_2 AD_2 AH_2 JC_2 JD_2 JS_1 KH_2 QD_1 QS_1,40,3,2,4,0,1,0,320,-240,1,0,0.3133,-268.4667,169.3333,,,0,
bid,H,140,380,,,10C_2 9C_1 9H_1 AD_1 AH_1 JH_2 JS_2 KC_1 KC_2 KH_1 QC_1 QH_2,70,2,5,5,0,0,0,320,-240,0,1,0.6667,0.2,-78.6,,,1,
bid,D,380,140,,,10D_1 10H_2 9C_2 9D_1 9D_2 9H_2 9S_1 9S_2 JD_1 KD_1 QC_2 QD_2,60,0,6,2,0,0,0,330,240,0,1,0.5467,-102.8,-82.1333,,,0,
bid,H,140,380,,,10C_2 9C_1 9H_1 AD_1 AH_1 JH_2 JS_2 KC_1 KC_2 KH_1 QC_1 QH_2,70,2,5,5,0,0,0,340,-240,0,1,0.6067,-19.6667,-30.4,,,1,
fold,D,380,140,100,80,10D_1 10D_2 9C_2 9D_1 9D_2 9H_2 JD_1 KD_1 KD_2 QC_2 QD_2 QS_2,100,0,8,2,0,1,0,330,240,0,0,0.0533,,,-463.8,-410.0,,1
bid,D,220,50,,,10D_1 10H_1 10H_2 9H_2 AD_2 JC_1 JS_2 KC_1 KC_2 QC_2 QH_1 QS_1,20,1,2,4,0,0,0,300,170,0,0,0.1067,-424.8,-35.6667,,,0,
bid,D,50,220,,,9D_2 9S_1 JC_2 JD_1 JH_1 JS_1 KD_1 KD_2 KH_2 KS_1 QD_2 QS_2,150,0,5,4,0,1,1,300,-170,0,0,0.5867,-66.9333,-22.8,,,0,
bid,C,220,50,,,10D_2 10S_1 10S_2 9D_1 9S_2 AC_1 AD_1 AH_1 AH_2 KH_1 KS_2 QD_1,0,4,1,4,0,0,0,310,170,0,1,0.18,-367.5333,103.2667,,,0,
bid,C,50,220,,,10C_1 10C_2 9C_1 9C_2 9H_1 AC_2 AS_1 AS_2 JD_2 JH_2 QC_1 QH_2,20,3,6,3,0,0,0,310,-170,1,0,0.6667,48.2667,143.6667,,,0,
fold,D,50,220,170,30,9D_2 AC_2 AS_2 JC_2 JD_1 JD_2 JH_1 JS_1 KD_2 KS_1 QD_2 QS_2,150,2,5,4,0,1,1,300,-170,0,0,0.6,,,-59.8667,-330.0,,0
bid,D,350,370,,,10C_1 10D_2 10S_1 9C_1 9C_2 JC_1 JS_1 JS_2 KC_2 KD_1 QD_1 QD_2,40,0,4,5,0,0,0,300,-20,0,0,0.2133,-364.3333,-176.5333,,,0,
bid,H,370,350,,,9H_1 9S_2 AD_2 AH_2 AS_1 JC_2 JD_1 JD_2 KH_1 QC_1 QC_2 QH_1,50,3,4,3,0,0,0,300,20,0,0,0.72,104.0,165.9333,,,0,
bid,H,350,370,,,10D_1 10H_1 10H_2 10S_2 9D_2 9H_2 9S_1 AC_1 AC_2 AH_1 JH_1 KS_2,10,3,5,3,0,0,0,300,-20,0,1,0.4733,-130.0,-24.2667,,,0,
fold,S,370,350,470,30,AS_1 AS_2 JD_1 JD_2 JH_2 KC_1 KD_2 KH_2 KS_1 QH_2 QS_1 QS_2,440,2,5,3,0,1,1,250,20,0,0,1.0,,,454.2667,-280.0,,0
bid,D,990,480,,,10C_1 10C_2 10D_1 10H_1 10S_1 9D_2 9H_1 KC_1 KC_2 KD_1 QD_1 QH_2,50,0,4,4,0,0,0,300,510,0,0,0.2133,-377.0667,-137.8667,,,0,
bid,D,480,990,,,10D_2 9C_2 9S_1 AD_2 AH_1 AS_1 AS_2 JC_2 KD_2 QD_2 QH_1 QS_1,40,4,4,4,0,0,0,300,-510,0,0,0.84,191.2667,157.8,,,1,
bid,D,990,480,,,10S_2 9C_1 9D_1 9H_2 9S_2 JC_1 JD_2 JH_1 JS_1 QC_1 QC_2 QS_2,90,0,2,4,0,1,1,300,510,0,1,0.12,-448.2,-101.0667,,,0,
fold,H,480,990,230,120,10H_2 AH_1 AH_2 JD_1 JH_2 JS_2 KH_1 KH_2 KS_1 KS_2 QH_1 QS_1,210,2,7,4,1,1,0,250,-510,0,0,1.0,,,156.1333,-370.0,,0
bid,C,0,0,,,10C_1 10D_2 10H_1 10H_2 9H_2 9S_1 AC_1 AH_2 AS_2 JD_2 KH_2 QS_2,40,3,2,5,0,1,0,300,0,0,0,0.4267,-187.8,66.2667,,,0,
bid,D,0,0,,,10C_2 10D_1 9C_1 9C_2 9D_1 9S_2 AD_2 AH_1 AS_1 KD_1 KH_1 QD_1,50,3,5,3,0,0,0,300,0,0,0,0.7267,37.1333,-56.8667,,,1,
bid,C,0,0,,,10S_1 10S_2 9H_1 AC_2 JC_2 JH_2 JS_2 KC_2 KS_2 QC_1 QH_1 QH_2,40,1,4,4,0,0,0,340,0,0,1,0.3667,-247.4,51.6,,,0,
bid,D,0,0,,,9D_2 AD_1 JC_1 JD_1 JH_1 JS_1 KC_1 KD_2 KS_1 QC_2 QD_2 QS_1,170,1,5,3,0,1,1,340,0,1,0,0.7067,69.2,109.5333,,,0,
fold,D,0,0,350,60,10D_1 9C_1 9C_2 9D_1 9S_2 AD_1 AD_2 AH_1 JD_1 KD_1 QD_1 QS_1,200,3,7,2,1,1,0,330,0,0,0,1.0,,,375.6,-390.0,,0
bid,D,550,110,,,9C_1 9C_2 9D_1 9D_2 9H_1 AD_1 AH_2 JD_1 JD_2 KH_2 QC_1 QD_2,20,2,6,3,0,0,0,300,440,0,0,0.5667,-37.0,-84.2,,,1,
bid,S,110,550,,,10C_1 AH_1 AS_1 JC_1 JS_1 KC_1 KC_2 KH_1 KS_1 KS_2 QD_1 QS_1,40,2,5,4,0,0,0,300,-440,0,0,0.7133,56.5333,31.4667,,,1,
bid,S,550,110,,,10C_2 10D_1 10D_2 10H_2 9H_2 9S_1 9S_2 AS_2 JS_2 KD_1 QH_2 QS_2,20,1,5,3,0,0,0,300,440,0,1,0.3,-254.4667,-64.2,,,0,
fold,C,110,550,150,20,10C_1 AC_1 AC_2 AD_2 JC_2 JH_1 JH_2 KC_2 KD_2 QC_2 QH_1 QS_1,150,3,6,3,1,0,0,250,-440,0,0,0.8667,,,117.3333,-270.0,,0
bid,D,430,650,,,10C_1 10D_2 9C_1 AD_1 AS_1 JH_1 KC_1 KD_2 KH_1 QC_1 QD_2 QS_1,60,2,4,4,0,0,0,300,-220,0,0,0.68,-5.6667,59.4667,,,0,
bid,C,650,430,,,10C_2 10H_2 9H_2 9S_1 9S_2 AC_2 AD_2 JC_1 JC_2 JD_2 JH_2 KC_2,0,2,5,3,0,0,0,300,220,0,0,0.6467,-14.6,-38.8,,,1,
bid,D,430,650,,,10H_1 10S_1 9C_2 9D_1 9D_2 AH_2 JD_1 KD_1 KH_2 QC_2 QD_1 QS_2,100,1,5,3,0,1,0,300,-220,0,1,0.5667,-59.4,-10.2667,,,0,
fold,S,650,430,20,100,10S_2 9H_1 AC_2 AD_2 AS_2 JD_2 JS_1 JS_2 KS_1 KS_2 QH_1 QH_2,0,3,6,3,0,0,0,250,220,0,0,0.0867,,,-388.8667,-350.0,,1
bid,D,400,530,,,10C_1 10D_2 10H_1 10H_2 AD_1 AH_2 JD_1 JS_2 KD_2 KS_1 QD_2 QH_1,150,2,5,4,1,0,0,300,-130,0,0,0.9733,218.6,19.7333,,,1,
bid,D,530,400,,,10S_1 9C_2 9D_2 9S_2 AD_2 JD_2 KC_1 KD_1 QC_1 QD_1 QH_2 QS_2,170,1,5,3,0,1,1,340,130,0,0,0.6133,-15.0667,114.4,,,0,
bid,C,400,530,,,10C_2 10D_1 9H_1 AC_1 AC_2 AH_1 AS_1 AS_2 JC_1 JH_1 KC_2 QS_1,0,5,5,3,0,0,0,340,-130,1,0,0.7533,144.0,249.6667,,,0,
bid,D,530,400,,,10S_2 9C_1 9D_1 9H_2 9S_1 JC_2 JH_2 JS_1 KH_1 KH_2 KS_2 QC_2,10,0,1,4,0,0,0,340,130,0,1,0.0,-485.8,-102.6,,,0,
fold,D,400,530,210,180,10C_2 10D_1 10D_2 AD_1 AH_2 JD_1 JS_2 KD_2 KS_1 QD_2 QH_1 QS_1,210,2,6,3,1,1,0,330,-130,0,0,0.74,,,-87.0667,-510.0,,0
bid,S,770,800,,,10S_2 9C_2 9D_1 9D_2 AC_2 AS_1 AS_2 JH_1 JH_2 JS_2 QH_1 QS_2,0,3,5,3,0,0,0,300,-30,0,0,0.5733,-91.0667,82.7333,,,0,
bid,C,800,770,,,10C_1 10D_1 9C_1 9H_1 9S_1 JD_1 KC_1 KH_2 KS_2 QC_1 QD_1 QD_2,50,0,4,4,0,0,0,300,30,0,0,0.3533,-257.6,-90.2,,,0,
bid,C,770,800,,,10C_2 10H_1 10H_2 10S_1 9S_2 AC_1 JC_1 JD_2 KC_2 KD_2 KH_1 QS_1,40,1,4,3,0,1,0,300,-30,0,1,0.5933,-67.1333,-5.5333,,,0,
fold,H,800,770,100,40,10C_1 10D_2 9H_2 AD_1 AD_2 AH_1 AH_2 JC_2 JD_1 JS_1 KH_2 QH_2,50,4,5,4,0,0,0,250,30,0,0,0.86,,,107.1333,-290.0,,0
bid,H,0,0,,,10D_1 10H_2 9D_2 9S_2 AC_2 JC_1 JD_1 KC_1 KH_1 KH_2 QH_1 QS_1,80,1,4,3,0,1,0,300,0,0,0,0.5667,-62.8667,2.4667,,,0,
bid,C,0,0,,,10C_1 9C_2 9D_1 AC_1 AD_1 AH_2 JC_2 JD_2 JS_1 KD_1 KD_2 KS_1,10,3,4,5,0,0,0,300,0,0,0,0.5533,-68.4,-3.0,,,0,
bid,S,0,0,,,9H_1 9S_1 AD_2 AS_1 AS_2 JH_1 KC_2 QC_2 QD_1 QD_2 QH_2 QS_2,90,3,4,3,0,0,1,300,0,0,1,0.1933,-324.0667,312.4,,,0,
fold,H,0,0,10,170,10C_1 10H_1 10S_2 9C_1 9H_2 AH_1 AH_2 JD_2 JH_2 JS_2 KS_2 QC_1,10,2,5,3,0,0,0,250,0,0,0,0.04,,,-501.8,-420.0,,1
bid,C,-250,170,,,10C_1 10C_2 9C_2 9D_1 9H_2 AH_1 KC_1 KD_1 QC_2 QD_2 QH_1 QS_2,130,1,5,3,0,0,1,300,-420,0,0,0.6,-51.5333,86.8667,,,0,
bid,C,170,-250,,,10D_1 10S_2 AD_1 AH_2 JC_1 JC_2 KC_2 KD_2 KH_1 KS_1 KS_2 QC_1,120,2,4,3,0,0,1,300,420,0,0,0.36,-232.7333,87.8667,,,0,
bid,C,-250,170,,,10H_1 10H_2 9C_1 9S_1 9S_2 AC_1 AC_2 AS_2 JH_1 JH_2 KH_2 QS_1,10,3,3,5,0,0,0,300,-420,0,1,0.16,-373.5333,68.9333,,,0,
fold,D,170,-250,110,130,10D_1 10D_2 10S_2 9D_2 9H_1 AD_1 AD_2 JD_1 JD_2 JS_2 QD_1 QH_2,10,2,8,2,0,0,0,250,420,0,0,0.5533,,,-160.2,-380.0,,0
bid,H,450,-40,,,10C_1 9D_1 AC_2 AD_2 AH_1 AH_2 JH_1 KD_2 KH_2 KS_2 QH_1 QH_2,40,4,6,3,0,0,0,300,490,0,0,0.9533,330.7333,46.4667,,,1,
bid,S,-40,450,,,10C_2 10S_2 9D_2 9H_1 9S_1 AD_1 AS_1 JC_1 JC_2 KC_1 QD_1 QS_2,10,2,4,4,0,0,0,340,-490,0,0,0.1867,-344.3333,52.0667,,,0,
bid,C,450,-40,,,10D_2 10H_2 9H_2 9S_2 AC_1 JD_1 JH_2 JS_2 KC_2 QC_1 QC_2 QD_2,40,1,4,3,0,0,0,340,490,1,0,0.26,-321.2,96.5333,,,0,
bid,S,-40,450,,,10D_1 10H_1 10S_1 9C_1 9C_2 AS_2 JD_2 JS_1 KD_1 KH_1 KS_1 QS_1,190,1,5,3,1,1,0,340,-490,0,1,0.7267,18.8667,36.0,,,0,
bid,H,450,-40,,,10C_1 9D_1 AC_2 AD_2 AH_1 AH_2 JH_1 KD_2 KH_2 KS_2 QH_1 QH_2,40,4,6,3,0,0,0,350,490,0,1,0.8667,263.7333,71.5333,,,1,
bid,S,-40,450,,,10D_1 10H_1 10S_1 9C_1 9C_2 AS_2 JD_2 JS_1 KD_1 KH_1 KS_1 QS_1,190,1,5,3,1,1,0,360,-490,0,1,0.6333,-26.6667,123.0,,,0,
fold,H,450,-40,180,70,10H_2 9D_1 AD_2 AH_1 AH_2 JD_1 JH_1 JH_2 KD_2 KH_2 QH_1 QH_2,150,3,8,4,1,0,0,350,490,0,0,0.6333,,,5.0667,-420.0,,0
bid,H,60,850,,,10H_2 9D_2 9H_1 9H_2 AC_2 AH_2 JC_2 JD_2 KC_1 KD_2 KS_1 KS_2,20,2,4,3,0,0,0,300,-790,0,0,0.18,-334.1333,105.0,,,0,
bid,C,850,60,,,10C_1 10C_2 10S_1 9D_1 AS_1 JH_2 JS_2 KC_2 KH_2 QC_1 QC_2 QH_2,60,1,5,3,0,0,0,300,790,0,0,0.6133,-47.8667,-40.3333,,,0,
bid,D,60,850,,,10D_2 9C_1 9C_2 9S_2 AC_1 AD_2 JH_1 KD_1 KH_1 QD_1 QS_1 QS_2,40,2,4,3,0,0,0,300,-790,0,1,0.6867,50.4667,121.0667,,,0,
fold,D,850,60,50,50,10C_1 10D_1 10S_1 9S_1 AD_1 AS_1 AS_2 JC_1 JD_1 JS_1 QD_2 QH_1,0,3,4,5,0,0,0,250,790,0,0,0.1733,,,-300.1333,-300.0,,1
bid,C,600,240,,,10C_2 10D_1 9H_1 AD_1 JC_1 JH_1 KC_1 KH_1 KS_2 QC_1 QD_2 QH_2,60,1,4,4,0,0,0,300,360,0,0,0.6267,-58.5333,-34.0,,,0,
bid,H,240,600,,,10C_1 10S_2 9C_2 9S_2 AC_1 AD_2 AH_1 AH_2 AS_2 JC_2 JS_1 KD_1,100,5,2,4,0,0,1,300,-360,0,0,0.7,-48.4667,131.8,,,0,
bid,D,600,240,,,10H_1 10S_1 9C_1 9D_1 9D_2 9S_1 JD_2 KD_2 KH_2 KS_1 QD_1 QH_1,80,0,5,3,0,0,0,300,360,0,1,0.4267,-193.4,-130.9333,,,0,
fold,C,240,600,90,110,10C_1 10S_2 9H_2 AC_1 AC_2 JD_1 JH_2 JS_2 KC_2 QC_2 QS_1 QS_2,80,2,5,4,0,1,0,250,-360,0,0,0.3467,,,-287.3333,-360.0,,0
bid,C,550,740,,,10D_2 AC_1 AD_1 AS_2 JC_2 JS_1 KC_1 KD_2 QC_1 QC_2 QD_1 QH_2,60,3,5,4,0,0,0,300,-190,0,0,0.9267,254.0667,-15.6,,,1,
bid,S,740,550,,,10C_1 10H_1 9D_2 9S_2 AC_2 AH_2 AS_1 KD_1 KH_1 KS_1 QS_1 QS_2,50,3,5,3,0,0,0,340,190,0,0,0.6667,50.2667,130.1333,,,0,
bid,D,550,740,,,10C_2 9C_1 9D_1 9H_2 9S_1 JD_1 JD_2 JH_1 JH_2 JS_2 KC_2 KS_2,10,0,3,3,0,0,0,340,-190,1,0,0.14,-384.8,-21.4667,,,0,
bid,H,740,550,,,10D_1 10H_2 10S_1 10S_2 9C_2 9H_1 AD_2 AH_1 JC_1 KH_2 QD_2 QH_1,50,2,5,3,0,0,0,340,190,0,1,0.5467,-87.2,43.5333,,,0,
fold,C,550,740,180,50,10C_2 AC_1 JC_2 JD_1 JD_2 JS_1 KC_1 KD_2 QC_1 QC_2 QD_1 QH_2,170,1,6,4,1,0,0,330,-190,0,0,0.54,,,-97.4,-380.0,,0
bid,D,870,900,,,10C_2 10H_2 10S_2 9H_1 9S_2 AD_1 JH_2 KC_1 KD_1 KS_1 QD_1 QH_1,40,1,3,4,0,0,0,300,-30,0,0,0.2467,-347.6,-88.0667,,,0,
bid,D,900,870,,,10C_1 10D_1 10S_1 9D_1 9H_2 AD_2 AS_1 AS_2 JC_2 JS_2 QC_2 QH_2,10,3,3,4,0,0,0,300,30,0,0,0.0867,-404.8667,31.8667,,,0,
bid,C,870,900,,,10H_1 9C_1 9C_2 9S_1 AC_1 JC_1 JD_1 JH_1 KC_2 QD_2 QS_1 QS_2,60,1,5,3,0,1,0,300,-30,0,1,0.6,7.4,13.6667,,,0,
fold,C,900,870,0,80,10C_1 9D_2 AC_2 AH_1 JC_2 JD_2 JS_1 KD_2 KH_1 KH_2 QC_1 QC_2,0,2,5,3,0,0,0,250,30,0,0,0.02,,,-422.6,-330.0,,1
bid,H,650,950,,,10S_1 AD_2 AH_2 KC_1 KH_2 KS_2 QC_1 QC_2 QD_1 QH_2 QS_1 QS_2,140,2,3,4,0,0,1,300,-300,0,0,0.4867,-125.7333,279.8667,,,0,
bid,C,950,650,,,10C_1 10D_1 9C_2 9D_1 9D_2 9H_1 9H_2 AC_1 JC_1 JD_1 KD_2 QH_1,10,1,4,5,0,0,0,300,300,0,0,0.34,-256.4,-107.6,,,0,
bid,C,650,950,,,10H_1 10H_2 9C_1 9S_1 9S_2 AC_2 AD_1 AS_1 JH_2 KD_1 KH_1 KS_1,10,3,2,4,0,0,0,300,-300,0,1,0.3933,-246.3333,-31.8667,,,0,
fold,S,950,650,40,160,10C_1 10S_2 AC_1 AS_2 JC_2 JD_1 JD_2 JH_1 JS_1 JS_2 KC_2 QD_2,40,2,4,4,0,0,1,250,300,0,0,0.0267,,,-498.6667,-410.0,,1
bid,H,700,810,,,10H_1 9C_2 9H_1 9S_1 9S_2 AH_2 JD_2 JH_1 KC_1 KC_2 KH_1 QH_2,160,1,6,3,1,0,0,300,-110,0,0,0.9533,211.6,-9.9333,,,1,
bid,D,810,700,,,10C_1 10D_1 10S_2 9C_1 AD_1 JC_2 JD_1 KD_1 KD_2 KS_2 QH_1 QS_2,60,1,5,3,0,1,0,340,110,0,0,0.5467,-67.2667,110.8,,,0,
bid,H,700,810,,,10C_2 10H_2 9D_1 9D_2 AC_2 AH_1 JH_2 KH_2 QC_2 QD_1 QD_2 QS_1,0,2,4,4,0,0,0,340,-110,1,0,0.5133,-92.8667,113.0,,,0,
bid,S,810,700,,,10D_2 10S_1 9H_2 AC_1 AD_2 AS_1 AS_2 JC_1 JS_1 JS_2 KS_1 QC_1,0,4,6,3,0,0,0,340,110,0,1,0.66,50.1333,35.6667,,,1,
bid,H,700,810,,,10H_1 9C_2 9H_1 9S_1 9S_2 AH_2 JD_2 JH_1 KC_1 KC_2 KH_1 QH_2,160,1,6,3,1,0,0,350,-110,0,1,0.7733,105.6667,106.0,,,0,
bid,S,810,700,,,10D_2 10S_1 9H_2 AC_1 AD_2 AS_1 AS_2 JC_1 JS_1 JS_2 KS_1 QC_1,0,4,6,3,0,0,0,360,110,0,1,0.7067,74.6667,102.4667,,,0,
bid,H,700,810,,,10H_1 9C_2 9H_1 9S_1 9S_2 AH_2 JD_2 JH_1 KC_1 KC_2 KH_1 QH_2,160,1,6,3,1,0,0,370,-110,0,1,0.7067,70.8667,168.8667,,,0,
fold,S,810,700,190,40,10S_1 10S_2 9H_2 AS_1 AS_2 JC_1 JD_1 JS_1 JS_2 KS_1 QC_1 QS_2,190,2,8,2,1,1,0,360,110,0,0,0.36,,,-209.8667,-400.0,,0
bid,C,0,0,,,10C_1 10D_1 9H_2 9S_2 AC_1 AH_1 AH_2 AS_2 JC_2 KD_1 QC_1 QH_2,0,4,4,4,0,0,0,300,0,0,0,0.7267,70.8667,17.7333,,,1,
bid,D,0,0,,,10H_2 9C_1 9C_2 9D_1 AD_2 JD_1 JH_1 KC_1 KD_2 QD_1 QD_2 QS_1,90,1,6,3,0,1,0,300,0,0,0,0.8,110.4,17.8667,,,1,
bid,C,0,0,,,10S_1 9H_1 9S_1 AC_2 AD_1 JH_2 JS_2 KC_2 KH_1 QC_2 QH_1 QS_2,60,2,3,4,0,0,0,300,0,0,1,0.4667,-165.3333,-4.4667,,,0,
fold,S,0,0,210,60,10S_2 9D_2 AD_2 AS_1 JC_1 JD_1 JD_2 JS_1 KH_2 KS_1 KS_2 QS_1,190,2,6,4,1,1,0,250,0,0,0,1.0,,,225.8667,-310.0,,0
bid,S,360,160,,,10D_1 9D_2 9H_1 9S_2 AD_1 AH_2 AS_2 JH_1 JS_2 KC_1 KD_1 QH_1,10,3,3,4,0,0,0,300,200,0,0,0.2133,-319.2,-120.0667,,,0,
bid,S,160,360,,,10D_2 10H_1 10H_2 10S_2 9C_2 JH_2 KD_2 KH_1 KS_2 QC_1 QD_1 QS_2,60,0,3,4,0,0,0,300,-200,0,0,0.3467,-269.4667,22.1333,,,0,
bid,C,360,160,,,10C_1 10C_2 10S_1 9C_1 9H_2 9S_1 JC_1 JC_2 JD_1 JS_1 KC_2 KS_1,10,0,6,4,0,0,0,300,200,0,1,0.4533,-141.9333,-200.9333,,,1,
fold,H,160,360,220,20,10H_2 10S_2 AC_2 AD_2 AH_1 AS_1 KH_2 QC_2 QD_2 QH_2 QS_1 QS_2,200,4,4,4,0,0,1,250,-200,0,0,1.0,,,294.6667,-270.0,,0
bid,S,610,400,,,10H_1 10S_1 10S_2 9C_2 9H_2 9S_1 AC_2 AS_1 JD_1 JD_2 KC_1 KH_1,10,2,4,3,0,0,0,300,210,0,0,0.3133,-239.4667,119.6,,,0,
bid,D,400,610,,,9C_1 9D_1 9S_2 AD_2 JH_2 JS_1 KC_2 KD_1 KD_2 KS_1 KS_2 QD_1,50,1,5,4,0,0,0,300,-210,0,0,0.4333,-192.8667,-78.4667,,,0,
bid,H,610,400,,,10C_1 10C_2 10D_1 9D_2 AD_1 AH_2 JH_1 KH_2 QC_1 QC_2 QH_1 QS_2,40,2,4,4,0,0,0,300,210,0,1,0.7667,77.0,65.6667,,,1,
fold,C,400,610,50,30,9H_1 AC_1 AD_2 AH_1 JC_1 JC_2 JS_2 KC_2 KS_1 QD_2 QH_2 QS_1,20,3,4,3,0,0,0,250,-210,0,0,0.0667,,,-340.2667,-280.0,,1
bid,S,150,640,,,10H_2 10S_1 9D_1 AS_2 JC_1 JD_1 KC_1 KC_2 KD_1 KH_1 KH_2 QS_1,40,1,3,3,0,1,0,300,-490,0,0,0.3267,-247.6667,151.0667,,,0,
bid,D,640,150,,,9C_2 9H_1 9H_2 9S_2 AD_2 JC_2 JH_1 JH_2 JS_1 QC_1 QH_1 QS_2,0,1,1,5,0,0,0,300,490,0,0,0.06,-462.1333,-94.9333,,,0,
bid,S,150,640,,,10D_1 10S_2 9C_1 9S_1 AC_2 AD_1 AH_1 AS_1 JS_2 KS_1 KS_2 QD_2,110,4,6,3,0,0,1,300,-490,0,1,0.9933,363.6,39.4,,,1,
bid,D,640,150,,,10C_1 10C_2 10D_2 10H_1 9D_2 AC_1 AH_2 JD_2 KD_2 QC_2 QD_1 QH_2,50,2,5,4,0,0,0,340,490,0,1,0.6733,51.3333,95.6667,,,0,
fold,S,150,640,320,30,10S_2 9S_1 AC_2 AD_1 AH_1 AS_1 AS_2 JD_1 JS_2 KS_1 KS_2 QS_1,300,5,8,2,1,1,1,330,-490,0,0,1.0,,,500.0,-360.0,,0
bid,H,690,700,,,10D_1 9D_1 9H_1 9H_2 9S_1 9S_2 AD_1 AH_2 JD_1 JH_2 JS_2 KC_2,20,2,4,4,0,0,0,300,-10,0,0,0.2533,-296.0667,-100.8,,,0,
bid,D,700,690,,,10C_1 10C_2 10D_2 10S_1 10S_2 AD_2 AH_1 JH_1 KD_2 QC_2 QD_2 QH_1,40,2,4,3,0,0,0,300,10,0,0,0.5067,-157.0667,-14.1333,,,0,
bid,S,690,700,,,10H_2 9C_1 AC_1 AC_2 AS_2 JC_1 KC_1 KD_1 KH_1 KH_2 KS_2 QS_1,120,3,3,5,0,0,1,310,-10,0,1,0.2733,-278.0667,280.8667,,,0,
bid,S,700,690,,,10H_1 9C_2 9D_2 AS_1 JC_2 JD_2 JS_1 KS_1 QC_1 QD_1 QH_2 QS_2,140,1,4,3,0,1,1,310,10,1,0,0.6467,-34.6,105.6,,,0,
fold,D,700,690,260,110,10C_1 10D_2 AD_2 AH_1 JD_2 JH_1 KD_2 QC_2 QD_1 QD_2 QH_1 QS_2,250,2,6,3,1,1,1,300,10,0,0,1.0,,,231.3333,-410.0,,0
bid,S,0,0,,,10D_1 AH_2 JC_1 JC_2 JD_1 JH_2 JS_1 JS_2 KC_2 KD_1 KS_1 QS_1,120,1,4,3,0,1,1,300,0,0,0,0.56,-104.4,50.0,,,0,
bid,S,0,0,,,10H_1 10S_1 9C_2 9D_1 9S_1 AC_2 AD_1 AD_2 AS_2 KD_2 QH_1 QH_2,10,4,3,4,0,0,0,300,0,0,0,0.2333,-305.4,41.4,,,0,
bid,C,0,0,,,10D_2 9C_1 9H_1 9H_2 AC_1 AH_1 AS_1 JD_2 KH_1 KH_2 QD_2 QS_2,50,3,2,5,0,1,0,300,0,0,1,0.28,-289.0,60.2,,,0,
fold,C,0,0,50,150,10C_1 10C_2 9D_2 9S_2 AC_2 AD_2 AS_2 JH_1 KC_1 QC_1 QC_2 QD_1,40,3,6,3,0,0,0,250,0,0,0,0.3467,,,-289.3333,-400.0,,0
bid,H,-250,230,,,10S_2 9C_1 9D_1 AD_1 AH_1 AH_2 JC_2 JD_1 JD_2 JH_1 JS_1 KD_2,40,3,3,5,0,0,1,300,-480,0,0,0.3133,-246.6,182.5333,,,0,
bid,S,230,-250,,,10C_2 10H_1 10H_2 9C_2 9S_1 9S_2 AD_2 JS_2 KS_1 QD_1 QH_1 QS_1,60,1,5,3,0,0,0,300,480,0,0,0.4,-212.6667,-62.8,,,0,
bid,C,-250,230,,,10C_1 10D_1 9H_1 AC_1 JC_1 KC_1 KC_2 KH_1 KS_2 QC_1 QD_2 QH_2,170,1,6,3,1,0,0,300,-480,0,1,1.0,244.9333,-53.7333,,,1,
bid,S,230,-250,,,10D_2 10S_1 9D_2 9H_2 AC_2 AS_1 AS_2 JH_2 KD_1 KH_2 QC_2 QS_2,0,3,4,3,0,0,0,340,480,0,1,0.18,-333.7333,261.9333,,,0,
fold,C,-250,230,200,30,10C_1 10S_2 9H_1 AC_1 JC_1 JD_1 JD_2 KC_1 KC_2 KH_1 QC_1 QH_2,170,1,6,3,1,0,0,330,-480,0,0,0.5733,,,-68.0667,-360.0,,0
bid,D,360,100,,,10D_2 10S_1 9C_1 9D_1 AD_2 AS_1 JD_1 KC_1 KH_2 KS_1 KS_2 QH_2,30,2,4,4,0,0,0,300,260,0,0,0.34,-222.6667,69.8,,,0,
bid,C,100,360,,,10C_2 10S_2 9C_2 9D_2 AC_1 AS_2 JC_2 JH_2 JS_2 QC_2 QD_1 QH_1,10,2,5,3,0,0,0,300,-260,0,0,0.6533,11.8667,-38.8667,,,1,
bid,D,360,100,,,10H_1 10H_2 9H_2 9S_2 AD_1 AH_1 AH_2 JS_1 KC_2 KD_1 QD_2 QS_1,40,3,3,5,0,0,0,340,260,0,1,0.2467,-282.6667,142.9333,,,0,
bid,C,100,360,,,10C_1 10D_1 9H_1 9S_1 AC_2 JC_1 JD_2 JH_1 KD_2 KH_1 QC_1 QS_2,40,1,4,3,0,1,0,340,-260,1,0,0.4267,-174.5333,41.9333,,,0,
fold,C,100,360,110,50,10C_2 9C_2 9D_2 AC_1 AC_2 JC_2 JD_2 JH_2 JS_2 QC_2 QH_1 QS_2,90,2,6,2,0,1,1,330,-260,0,0,0.1,,,-416.1333,-380.0,,1
bid,C,-230,410,,,10C_2 10D_2 9C_1 9S_1 AD_2 AS_2 JC_1 JH_2 JS_2 KD_2 KS_1 QH_1,10,2,3,4,0,0,0,300,-640,0,0,0.2,-356.2,-36.3333,,,0,
bid,H,410,-230,,,10H_1 10H_2 10S_2 9H_1 9H_2 9S_2 AD_1 AH_2 JC_2 JS_1 KC_1 KS_2,20,2,5,4,0,0,0,300,640,0,0,0.2867,-259.6,-111.5333,,,0,
bid,C,-230,410,,,10C_1 9C_2 9D_1 9D_2 AC_1 AC_2 JD_1 JD_2 JH_1 KC_2 QC_2 QD_2,50,2,6,5,0,0,0,300,-640,0,1,0.74,95.7333,31.4,,,1,
fold,H,410,-230,140,20,10H_1 10H_2 AH_1 AH_2 KD_1 KH_1 KH_2 QC_1 QD_1 QH_2 QS_1 QS_2,120,2,7,2,0,0,1,250,640,0,0,0.6,,,-32.1333,-270.0,,0
bid,S,760,-170,,,10C_2 10H_1 10H_2 9C_2 9D_1 9H_1 9S_1 AC_1 AH_1 AS_1 JC_2 KD_1,10,3,2,4,0,0,0,300,930,0,0,0.1067,-411.6667,-37.4,,,0,
bid,S,-170,760,,,10S_2 9D_2 AC_2 AD_1 JH_1 JH_2 KS_2 QC_1 QD_1 QH_1 QH_2 QS_1,100,2,3,4,0,0,1,300,-930,0,0,0.26,-315.9333,169.4667,,,0,
bid,H,760,-170,,,10C_1 10D_1 9C_1 9H_2 9S_2 AH_2 AS_2 JC_1 JD_2 KC_2 KS_1 QD_2,10,2,2,4,0,0,0,300,930,0,1,0.08,-418.0667,-16.0667,,,0,
fold,D,-170,760,260,10,10D_2 AD_1 AD_2 JD_1 JS_1 JS_2 KC_1 KD_2 QC_2 QD_1 QS_1 QS_2,210,2,6,4,1,1,0,250,-930,0,0,1.0,,,260.9333,-260.0,,0
bid,D,250,860,,,10C_2 10D_2 10S_1 AC_1 AH_2 JD_2 JH_2 JS_1 KD_2 QC_1 QD_2 QH_2,40,2,4,3,0,0,0,300,-610,0,0,0.6,-53.8,67.7333,,,0,
bid,H,860,250,,,10C_1 10H_1 10H_2 10S_2 9D_2 9S_1 AH_1 JC_2 JD_1 JH_1 KC_2 QS_1,40,1,4,3,0,1,0,300,610,0,0,0.2933,-289.9333,-0.4667,,,0,
bid,C,250,860,,,10D_1 9C_1 9C_2 9D_1 9H_1 AS_1 JC_1 JS_2 KD_1 KH_1 KS_1 QC_2,20,1,4,3,0,0,0,310,-610,0,1,0.1133,-404.6,-108.4667,,,0,
bid,S,860,250,,,9H_2 9S_2 AC_2 AD_1 AD_2 AS_2 KC_1 KH_2 KS_2 QD_1 QH_1 QS_2,70,4,4,3,0,0,0,310,610,1,0,0.5933,-31.6667,194.5333,,,0,
fold,H,860,250,200,30,10H_1 10H_2 9D_2 9S_1 AH_1 JC_2 JD_1 JH_1 KH_2 QH_1 QS_1 QS_2,190,1,6,3,1,1,0,300,610,0,0,0.8067,,,96.0,-330.0,,0
bid,D,0,0,,,10C_2 10D_2 10H_1 10H_2 9D_1 AD_1 JC_2 JD_1 KC_2 KH_1 KH_2 QD_2,10,1,5,4,0,0,0,300,0,0,0,0.3533,-224.2,-65.8,,,0,
bid,S,0,0,,,10D_1 9S_1 AS_2 JD_2 JH_2 JS_1 JS_2 KC_1 KS_1 QC_1 QD_1 QH_2,30,1,5,3,0,0,0,300,0,0,0,0.44,-158.6667,36.0,,,0,
bid,S,0,0,,,10C_1 10S_2 9C_2 9H_1 AD_2 AH_1 AS_1 JC_1 JH_1 KS_2 QC_2 QS_2,40,3,4,4,0,0,0,300,0,0,1,0.7133,28.2667,39.0,,,0,
bid,C,0,0,,,10S_1 9C_1 9D_2 9H_2 9S_2 AC_1 AC_2 AH_2 KD_1 KD_2 QH_1 QS_1,10,3,3,3,0,0,0,310,0,0,1,0.0867,-398.6667,225.3333,,,0,
fold,S,0,0,80,40,10C_2 10S_2 9C_2 9H_1 AD_1 AS_1 JC_1 JD_1 JH_1 KS_2 QC_2 QS_2,80,2,4,4,0,1,0,300,0,0,0,0.0333,,,-430.0,-340.0,,1
bid,D,40,-300,,,10C_1 10C_2 10D_2 10H_1 AD_2 JD_2 KH_2 KS_1 QC_1 QC_2 QD_1 QS_2,60,1,4,4,0,1,0,300,340,0,0,0.6333,-32.0,64.6,,,0,
bid,S,-300,40,,,10S_2 9D_1 9D_2 AC_2 AD_1 AS_2 JS_2 KD_1 KS_2 QD_2 QH_2 QS_1,170,3,5,5,1,0,0,300,-340,0,0,1.0,321.3333,23.9333,,,1,
bid,H,40,-300,,,10D_1 10H_2 9C_2 9H_2 9S_2 AH_1 AH_2 AS_1 JH_1 JS_1 KH_1 QH_1,160,3,7,3,1,0,0,340,340,0,1,0.9867,309.7333,-85.8,,,1,
bid,S,-300,40,,,10S_1 9C_1 9H_1 9S_1 AC_1 JC_1 JC_2 JD_1 JH_2 KC_1 KC_2 KD_2,10,1,2,6,0,0,0,350,-340,1,0,0.0467,-428.9333,7.4667,,,0,
bid,S,-300,40,,,10S_2 9D_1 9D_2 AC_2 AD_1 AS_2 JS_2 KD_1 KS_2 QD_2 QH_2 QS_1,170,3,5,5,1,0,0,350,-340,0,1,0.9733,324.8667,193.2667,,,1,
bid,H,40,-300,,,10D_1 10H_2 9C_2 9H_2 9S_2 AH_1 AH_2 AS_1 JH_1 JS_1 KH_1 QH_1,160,3,7,3,1,0,0,360,340,0,1,0.9467,276.9333,75.0667,,,1,
bid,S,-300,40,,,10S_2 9D_1 9D_2 AC_2 AD_1 AS_2 JS_2 KD_1 KS_2 QD_2 QH_2 QS_1,170,3,5,5,1,0,0,370,-340,0,1,0.9,251.6,221.8667,,,1,
bid,H,40,-300,,,10D_1 10H_2 9C_2 9H_2 9S_2 AH_1 AH_2 AS_1 JH_1 JS_1 KH_1 QH_1,160,3,7,3,1,0,0,380,340,0,1,0.92,266.2667,81.0667,,,1,
bid,S,-300,40,,,10S_2 9D_1 9D_2 AC_2 AD_1 AS_2 JS_2 KD_1 KS_2 QD_2 QH_2 QS_1,170,3,5,5,1,0,0,390,-340,0,1,0.8267,190.4667,245.0667,,,0,
fold,H,40,-300,200,50,10H_1 10H_2 9C_2 9H_2 AH_1 AH_2 JD_2 JH_1 JS_1 KH_1 QH_1 QS_2,200,2,8,2,1,1,0,380,340,0,0,0.3333,,,-251.3333,-430.0,,0
bid,S,-170,-340,,,9C_1 9H_1 9H_2 9S_1 AC_1 AD_1 AS_2 JC_1 KC_1 KH_1 KS_2 QD_1,10,3,3,4,0,0,0,300,170,0,0,0.2467,-299.4,-55.6667,,,0,
bid,S,-340,-170,,,10C_1 10C_2 10S_1 9D_1 AH_1 AS_1 JH_1 JH_2 JS_1 KD_2 KS_1 QC_2,0,2,4,3,0,0,0,300,-170,0,0,0.5,-150.2,-14.4,,,0,
bid,C,-170,-340,,,10H_1 10S_2 9C_2 AC_2 JC_2 JD_1 KD_1 KH_2 QD_2 QH_1 QH_2 QS_1,90,1,3,4,0,1,0,300,170,0,1,0.2867,-276.2667,71.2,,,0,
fold,D,-340,-170,80,100,10C_2 10D_1 10D_2 9D_2 9S_2 AD_2 AS_1 JD_2 KC_2 KD_2 QC_1 QS_2,70,2,6,3,0,1,0,250,-170,0,0,0.4267,,,-219.0,-350.0,,0
bid,D,-90,10,,,10C_1 10C_2 10D_2 10S_1 9D_1 9H_2 9S_2 AH_2 JC_1 KC_2 KH_2 KS_1,10,1,2,4,0,0,0,300,-100,0,0,0.0733,-463.4,-112.9333,,,0,
bid,D,10,-90,,,10H_1 9C_1 9C_2 JD_1 JD_2 JH_1 JH_2 KD_1 QD_2 QH_1 QH_2 QS_1,80,0,4,5,0,1,0,300,100,0,0,0.5,-108.8,-75.3333,,,0,
bid,D,-90,10,,,10D_1 9D_2 AC_1 AD_1 AD_2 AH_1 AS_2 JC_2 KD_2 QC_1 QC_2 QS_2,110,5,5,4,0,0,1,340,-100,0,1,0.86,207.3333,308.6,,,0,
bid,S,10,-90,,,10H_2 10S_2 9H_1 9S_1 AC_2 AS_1 JS_1 JS_2 KC_1 KH_1 KS_2 QD_1,10,2,6,3,0,0,0,340,100,1,0,0.5,-99.8667,-1.5333,,,0,
fold,D,10,-90,80,120,9C_1 9C_2 AC_2 AS_1 JD_1 JD_2 KD_1 QD_1 QD_2 QH_1 QH_2 QS_1,80,2,5,3,0,1,0,330,100,0,0,0.0,,,-571.4667,-450.0,,1
bid,S,-320,30,,,9C_2 AC_1 AD_1 AS_1 JD_2 JH_1 JS_2 KD_2 KS_2 QC_1 QC_2 QS_1,80,3,4,4,0,1,0,300,-350,0,0,0.9133,225.7333,113.7333,,,1,
bid,D,30,-320,,,10C_1 10H_1 9C_1 9D_1 9S_1 9S_2 JC_1 JD_1 KC_1 KD_1 KH_2 QD_1,50,0,4,4,0,0,0,300,350,0,0,0.2067,-385.5333,-123.8667,,,0,
bid,H,-320,30,,,10C_2 10H_2 10S_1 9D_2 9H_1 AD_2 AH_1 JC_2 KC_2 KS_1 QD_2 QS_2,30,2,3,3,0,0,0,300,-350,0,1,0.16,-365.7333,22.9333,,,0,
fold,H,30,-320,220,90,10H_1 9H_2 AC_2 AH_2 AS_2 JD_1 JH_2 JS_1 KH_1 KH_2 QH_1 QH_2,200,3,8,2,1,0,0,250,350,0,0,1.0,,,291.7333,-340.0,,0
bid,D,440,-170,,,9C_1 9C_2 9D_2 9H_1 AS_1 JC_1 JC_2 JD_1 JD_2 JH_2 KC_1 KS_1,10,1,3,5,0,0,0,300,610,0,0,0.1333,-378.8667,-21.6667,,,0,
bid,C,-170,440,,,10D_2 10H_1 9D_1 9H_2 AC_1 AC_2 JH_1 JS_1 KD_2 KH_1 KH_2 QD_1,20,2,2,5,0,0,0,300,-610,0,0,0.0667,-445.6667,56.5333,,,0,
bid,S,440,-170,,,10C_1 10D_1 10S_1 AH_1 KC_2 KS_2 QC_1 QC_2 QH_1 QH_2 QS_1 QS_2,60,1,4,4,0,0,0,300,610,0,1,0.5,-112.3333,107.1333,,,0,
fold,S,-170,440,60,60,10S_2 9S_1 9S_2 AC_1 AC_2 AD_1 AD_2 AS_2 JS_1 JS_2 KD_1 QD_2,40,5,6,4,0,0,0,250,-610,0,0,0.9067,,,131.5333,-310.0,,0
bid,D,80,560,,,10C_2 10D_1 10H_2 9C_2 AC_1 AC_2 AD_2 AH_1 JD_2 JS_2 KC_1 QH_2,0,4,3,5,0,0,0,300,-480,0,0,0.4,-177.7333,86.4,,,0,
bid,D,560,80,,,10D_2 10S_2 9S_2 AD_1 AH_2 KD_2 KH_1 KS_1 QD_2 QH_1 QS_1 QS_2,80,2,4,5,0,0,0,300,480,0,0,0.66,31.7333,103.0667,,,0,
bid,S,80,560,,,10C_1 10S_1 9C_1 9D_1 9H_2 9S_1 AS_1 JC_1 JC_2 JD_1 KC_2 KH_2,10,1,3,5,0,0,0,310,-480,0,1,0.1333,-404.4667,-47.9333,,,0,
bid,D,560,80,,,10H_1 9D_2 9H_1 AS_2 JH_1 JH_2 JS_1 KD_1 KS_2 QC_1 QC_2 QD_1,50,1,3,4,0,0,0,310,480,1,0,0.0933,-447.8,37.6667,,,0,
fold,D,560,80,130,10,10D_2 10H_1 AD_1 KD_1 KD_2 KH_1 KS_1 QD_1 QD_2 QH_1 QS_1 QS_2,120,1,6,3,0,0,0,300,480,0,0,0.3067,,,-224.8667,-310.0,,0
bid,H,260,180,,,10C_2 9C_2 9H_2 9S_1 9S_2 JH_2 JS_1 JS_2 KD_1 KH_2 QD_2 QH_1,70,0,4,4,0,0,0,300,80,0,0,0.3733,-260.8,-150.8667,,,0,
bid,C,180,260,,,10S_1 AC_1 AC_2 AH_2 AS_2 JC_1 JH_1 KC_1 KD_2 KS_2 QC_2 QH_2,40,4,5,3,0,0,0,300,-80,0,0,0.9333,250.1333,31.7333,,,1,
bid,S,260,180,,,10H_2 10S_2 9D_1 9D_2 AD_1 AH_1 AS_1 JC_2 JD_1 KC_2 KS_1 QS_1,80,3,4,4,0,1,0,340,80,0,1,0.7933,125.3333,192.6667,,,0,
bid,D,180,260,,,10C_1 10D_1 10D_2 10H_1 9C_1 9H_1 AD_2 JD_2 KH_1 QC_1 QD_1 QS_2,40,1,5,3,0,1,0,340,-80,1,0,0.5533,-82.6,106.3333,,,0,
fold,C,180,260,240,110,10C_1 AC_1 AC_2 AH_2 JC_1 JD_2 JH_1 KC_1 KS_2 QC_2 QH_2 QS_2,210,3,6,3,1,1,0,330,-80,0,0,0.9733,,,169.2,-440.0,,0
bid,H,610,430,,,10C_1 10S_2 9C_2 AC_2 AH_1 AH_2 JS_1 KC_2 KH_2 KS_2 QD_1 QH_2,40,3,4,4,0,0,0,300,180,0,0,0.5533,-92.9333,22.6667,,,0,
bid,D,430,610,,,10D_2 9C_1 9D_1 9H_1 AD_1 AS_2 JC_1 JD_1 JH_1 JH_2 JS_2 QH_1,50,2,4,4,0,0,1,300,-180,0,0,0.2267,-335.0,50.2,,,0,
bid,D,610,430,,,10D_1 10H_1 9D_2 9S_1 AD_2 AS_1 KC_1 KD_1 KS_1 QD_2 QS_1 QS_2,70,2,5,5,0,0,0,300,180,0,1,0.76,153.5333,-4.1333,,,1,
fold,C,430,610,10,70,10C_2 9H_2 9S_2 AC_1 AD_1 JC_1 JC_2 JD_1 JD_2 KH_1 QC_1 QC_2,0,2,6,3,0,0,0,250,-180,0,0,0.06,,,-373.4,-320.0,,1
bid,S,180,680,,,10H_1 9D_1 9D_2 9H_1 9S_1 9S_2 AS_1 JH_1 KC_1 KS_1 QD_1 QS_2,60,1,5,3,0,0,0,300,-500,0,0,0.3333,-248.2,-57.8,,,0,
bid,S,680,180,,,10C_1 10S_1 9C_1 9H_2 AD_2 AS_2 JC_2 JD_2 JH_2 KH_1 KH_2 QD_2,0,2,2,4,0,0,0,300,500,0,0,0.04,-424.7333,35.2,,,0,
bid,S,180,680,,,10S_2 AH_1 AH_2 JS_2 KC_2 KD_1 KD_2 KS_2 QC_1 QC_2 QH_1 QS_1,60,2,4,3,0,0,0,300,-500,0,1,0.6533,-0.6,360.6667,,,0,
fold,C,680,180,20,80,10C_1 10C_2 9C_2 AC_1 AC_2 AD_1 JC_1 JC_2 JD_1 JD_2 JS_1 QH_2,10,3,7,3,0,0,0,250,500,0,0,0.1867,,,-313.6,-330.0,,0
bid,D,430,300,,,10H_2 9D_1 9D_2 9H_1 9S_2 AD_1 AS_1 JC_2 JD_2 JH_2 KH_1 KS_1,20,2,4,4,0,0,0,300,130,0,0,0.1533,-363.8667,-81.4667,,,0,
bid,H,300,430,,,10C_1 10C_2 10H_1 9C_1 AH_2 AS_2 JS_1 JS_2 KD_2 KH_2 QH_1 QH_2,40,2,5,3,0,0,0,300,-130,0,0,0.72,21.6,-9.1333,,,1,
bid,D,430,300,,,10D_1 10S_1 9C_2 AC_2 AD_2 AH_1 JC_1 JD_1 QC_1 QD_1 QS_1 QS_2,40,3,4,4,0,1,0,300,130,0,1,0.8533,206.0667,224.2,,,0,
fold,C,300,430,90,50,10C_1 10C_2 9H_2 9S_1 AC_1 AH_2 JH_1 KC_1 KC_2 KD_1 QC_2 QD_2,60,2,6,3,0,0,0,250,-130,0,0,0.4267,,,-162.5333,-300.0,,0
bid,H,550,570,,,10H_2 9C_1 9C_2 9S_1 AD_2 AH_1 AH_2 JH_2 KH_2 KS_1 QC_2 QH_2,150,3,6,3,1,0,0,300,-20,0,0,1.0,269.6,-27.1333,,,1,
bid,S,570,550,,,10D_1 10D_2 9H_1 9S_2 AD_1 AS_2 JS_1 JS_2 KD_2 KH_1 QC_1 QS_1,10,2,5,4,0,0,0,340,20,0,0,0.2867,-225.4,86.5333,,,0,
bid,C,550,570,,,10C_1 10C_2 9D_1 AC_1 AC_2 AS_1 JC_2 JD_1 JD_2 JH_1 KC_1 QD_2,0,3,6,4,0,0,0,340,-20,1,0,0.66,74.6667,134.3333,,,0,
bid,D,570,550,,,10H_1 10S_1 10S_2 9D_2 9H_2 JC_1 KC_2 KD_1 KS_2 QD_1 QH_1 QS_2,70,0,3,4,0,0,0,340,20,0,1,0.1133,-433.3333,59.4,,,0,
fold,H,550,570,150,60,10H_2 9C_1 9S_1 AH_1 AH_2 AS_1 JD_1 JD_2 JH_2 KH_2 QC_2 QH_2,150,3,6,2,1,0,0,330,-20,0,0,0.2533,,,-325.3333,-390.0,,0
bid,S,670,910,,,10C_2 10H_1 9H_2 9S_1 9S_2 AS_1 JD_2 JH_1 JS_2 KD_2 KH_2 QC_2,20,1,4,4,0,0,0,300,-240,0,0,0.0733,-425.8,-70.0667,,,0,
bid,S,910,670,,,10D_1 10S_1 10S_2 9C_1 9C_2 AH_1 JD_1 JH_2 JS_1 KC_2 QD_1 QH_1,0,1,3,3,0,0,0,300,240,0,0,0.1133,-394.2,7.4667,,,0,
bid,C,670,910,,,10C_1 10D_2 10H_2 9D_1 9D_2 AS_2 JC_1 KC_1 KD_1 KH_1 QC_1 QS_1,40,1,4,4,0,0,0,300,-240,0,1,0.5333,-128.4,17.6667,,,0,
fold,C,910,670,80,40,9H_1 AC_1 AC_2 AD_1 AH_1 JC_2 JD_1 KC_2 KS_2 QD_2 QH_2 QS_2,60,4,4,3,0,1,0,250,240,0,0,0.4,,,-171.2,-290.0,,0
bid,C,660,810,,,10C_1 10D_1 9S_1 AC_1 AH_1 AS_1 JC_1 JH_2 KC_1 KD_1 KD_2 KH_1,0,3,4,3,0,0,0,300,-150,0,0,0.68,2.0,-49.2667,,,1,
bid,S,810,660,,,10C_2 10D_2 9D_2 9H_1 AD_1 AS_2 JH_1 KS_1 QC_1 QC_2 QH_2 QS_1,40,2,3,3,0,0,0,340,150,0,0,0.16,-381.6667,146.2667,,,0,
bid,D,660,810,,,10S_1 9C_1 9C_2 9D_1 9S_2 AC_2 AD_2 AH_2 JD_1 KC_2 KH_2 QS_2,50,3,3,4,0,1,0,340,-150,1,0,0.2867,-275.1333,109.2667,,,0,
bid,C,810,660,,,10H_1 10H_2 10S_2 9H_2 JC_2 JD_2 JS_1 JS_2 KS_2 QD_1 QD_2 QH_1,0,0,1,4,0,0,0,340,150,0,1,0.0467,-436.2,21.8,,,0,
bid,C,830,330,,,10C_1 10H_1 AS_2 JC_1 JC_2 JD_1 JD_2 KC_1 KD_1 KS_1 QC_2 QD_1,60,1,5,4,0,0,0,300,500,0,0,0.6333,-9.4,47.2,,,0,
bid,H,330,830,,,10D_1 10H_2 10S_2 9C_2 9D_1 AC_2 AH_1 AH_2 JH_1 JH_2 KH_1 KH_2,0,3,7,2,0,0,0,300,-500,0,0,0.7867,156.0667,-122.7333,,,1,
bid,S,830,330,,,10C_2 9H_1 9S_1 AC_1 AD_2 AS_1 JS_2 KD_2 KS_2 QC_1 QH_1 QS_1,50,3,5,3,0,0,0,300,500,0,1,0.8867,208.7333,90.8667,,,1,
fold,D,330,830,20,80,10D_1 10D_2 9C_1 9D_2 9H_2 AC_2 AD_1 AH_1 JS_1 QD_2 QH_2 QS_2,10,3,5,3,0,0,0,250,-500,0,0,0.06,,,-385.5333,-330.0,,1
bid,H,80,910,,,10H_1 9H_2 AD_2 AH_1 AS_2 JD_2 JS_1 KC_2 KH_1 KH_2 QD_2 QH_2,50,3,6,3,0,0,0,300,-830,0,0,0.9533,347.4,8.2,,,1,
bid,C,910,80,,,10C_2 10S_2 9D_2 9S_1 9S_2 AC_2 AH_2 JC_1 JC_2 JH_1 JH_2 KS_2,0,2,4,4,0,0,0,340,830,0,0,0.14,-395.7333,4.0667,,,0,
bid,D,80,910,,,10D_2 9C_2 9D_1 9H_1 AS_1 JD_1 JS_2 KC_1 KD_2 KS_1 QC_2 QD_1,70,1,5,3,0,0,0,340,-830,1,0,0.52,-108.0667,24.1333,,,0,
bid,C,910,80,,,10C_1 10D_1 10H_2 10S_1 9C_1 AC_1 AD_1 KD_1 QC_1 QH_1 QS_1 QS_2,10,2,4,3,0,0,0,340,830,0,1,0.2933,-240.4,168.4667,,,0,
fold,H,80,910,100,0,10D_2 10H_1 9H_2 AH_1 AS_1 JD_1 JD_2 JS_1 KH_1 KH_2 QD_2 QH_2,50,2,6,4,0,0,0,330,-830,0,0,0.0733,,,-374.0,-330.0,,1
bid,D,910,-250,,,9C_1 9D_2 9H_1 9S_1 AD_1 AS_1 JH_2 KC_1 KH_2 QD_1 QS_1 QS_2,10,2,3,4,0,0,0,300,1160,0,0,0.2467,-266.8,62.6667,,,0,
bid,D,-250,910,,,10D_2 10S_2 9S_2 AC_2 JD_1 JH_1 KD_1 KH_1 KS_2 QC_1 QD_2 QH_1,60,1,4,3,0,0,0,300,-1160,0,0,0.5933,-82.4,-19.4,,,0,
bid,D,910,-250,,,10C_2 10D_1 9C_2 AD_2 AH_2 JC_1 JC_2 JS_1 JS_2 KS_1 QC_2 QH_2,0,2,2,5,0,0,0,300,1160,0,1,0.0467,-453.9333,-96.8667,,,0,
fold,H,-250,910,70,10,10H_1 10H_2 9D_1 9H_2 AC_1 AH_1 JD_1 JD_2 KC_2 KD_2 KH_1 QH_1,50,2,6,4,0,0,0,250,-1160,0,0,0.4067,,,-136.0667,-260.0,,0
bid,S,0,0,,,10C_1 10S_1 9D_2 9S_2 AC_1 AS_2 JC_1 JD_1 JD_2 JS_1 JS_2 QS_1,50,2,6,3,0,1,0,300,0,0,0,0.8267,230.6,44.2,,,1,
bid,D,0,0,,,10C_2 10D_2 9H_1 AC_2 AD_1 AD_2 JC_2 JH_2 KD_2 KH_1 KH_2 QD_2,40,3,5,4,0,0,0,340,0,0,0,0.4267,-167.5333,56.2,,,0,
bid,H,0,0,,,10H_2 9C_2 9D_1 AH_1 AH_2 AS_1 JH_1 KC_1 KC_2 QD_1 QH_1 QS_2,0,3,5,3,0,0,0,340,0,1,0,0.54,-62.0667,205.0,,,0,
bid,H,0,0,,,10D_1 10H_1 10S_2 9C_1 9H_2 9S_1 KD_1 KS_1 KS_2 QC_1 QC_2 QH_2,10,0,3,4,0,0,0,340,0,0,1,0.06,-431.4667,20.5333,,,0,
fold,S,0,0,310,30,10S_1 9S_2 AH_2 AS_1 AS_2 JC_1 JD_1 JD_2 JS_1 JS_2 QS_1 QS_2,310,3,8,2,0,1,0,330,0,0,0,1.0,,,420.1333,-360.0,,0
bid,C,110,480,,,10C_1 10C_2 10D_2 10H_1 10S_1 AH_1 JD_1 JD_2 JH_2 KC_2 KS_1 QC_1,40,1,4,3,0,0,0,300,-370,0,0,0.4267,-168.2667,38.8667,,,0,
bid,D,480,110,,,10S_2 9C_1 9S_1 AC_2 AD_2 JC_1 JH_1 JS_2 KD_2 KH_1 QD_2 QH_1,60,2,3,3,0,0,0,300,370,0,0,0.2933,-314.1333,-36.7333,,,0,
bid,S,110,480,,,10D_1 9C_2 9H_2 9S_2 AD_1 AS_1 JC_2 KC_1 KD_1 KH_2 KS_2 QS_1,130,2,4,3,0,0,1,300,-370,0,1,0.3133,-257.8667,139.1333,,,0,
fold,H,480,110,130,130,10H_2 10S_2 9D_2 9H_1 AH_2 JS_1 KH_1 QC_2 QD_1 QH_1 QH_2 QS_2,110,1,6,3,0,0,1,250,370,0,0,0.7867,,,-55.8667,-380.0,,0
bid,H,780,320,,,10H_1 10S_1 9C_2 9S_1 AC_1 JD_2 JH_2 JS_2 KD_1 KH_1 QD_2 QH_2,60,1,4,3,0,0,0,300,460,0,0,0.6133,-73.3333,-6.6667,,,0,
bid,H,320,780,,,10C_1 10C_2 9H_2 AC_2 AD_1 AS_2 JH_1 JS_1 KD_2 KH_2 QH_1 QS_2,50,3,4,3,0,0,0,300,-460,0,0,0.6333,25.4,148.8667,,,0,
bid,S,780,320,,,10D_1 10S_2 9C_1 9D_2 AH_1 AH_2 AS_1 JD_1 KS_2 QC_1 QD_1 QS_1,80,3,4,4,0,1,0,300,460,0,1,0.78,117.5333,173.6667,,,0,
fold,C,320,780,60,120,9D_1 9H_1 9S_2 AC_2 AD_1 AD_2 JC_1 JC_2 KC_1 KC_2 QC_2 QS_2,40,3,6,3,0,0,0,250,-460,0,0,0.34,,,-270.2,-370.0,,0
bid,D,0,0,,,10S_2 9D_1 9S_1 AC_1 AD_1 AD_2 AH_2 JC_1 JD_1 KC_2 QH_1 QS_1,50,4,4,3,0,1,0,300,0,0,0,0.52,-92.4,228.6,,,0,
bid,D,0,0,,,10C_1 10D_1 10D_2 10H_1 10H_2 AS_2 JC_2 JD_2 JS_2 KD_2 KH_2 QD_1,40,1,5,3,0,0,0,300,0,0,0,0.5467,-124.0667,-24.1333,,,0,
bid,C,0,0,,,10C_2 10S_1 9C_1 9C_2 9H_2 AC_2 AH_1 JH_2 KC_1 QC_2 QD_2 QH_2,60,2,6,4,0,0,0,300,0,0,1,0.84,155.0667,-112.3333,,,1,
bid,S,0,0,,,9D_2 9H_1 9S_2 AS_1 JH_1 JS_1 KD_1 KH_1 KS_1 KS_2 QC_1 QS_2,50,1,6,3,0,0,0,340,0,0,1,0.5067,-105.9333,35.0667,,,0,
bid,C,0,0,,,10C_2 10S_1 9C_1 9C_2 9H_2 AC_2 AH_1 JH_2 KC_1 QC_2 QD_2 QH_2,60,2,6,4,0,0,0,350,0,0,1,0.68,55.0,12.9333,,,1,
bid,S,0,0,,,9D_2 9H_1 9S_2 AS_1 JH_1 JS_1 KD_1 KH_1 KS_1 KS_2 QC_1 QS_2,50,1,6,3,0,0,0,360,0,0,1,0.4867,-108.6,92.1333,,,0,
fold,C,0,0,100,40,10C_2 9C_1 9C_2 9H_2 AC_1 AC_2 JD_1 JH_2 KC_1 QC_2 QD_2 QS_1,100,2,7,2,0,1,0,350,0,0,0,0.1467,,,-384.9333,-390.0,,0
bid,H,70,-350,,,10H_1 10H_2 9D_1 9D_2 9H_1 AC_1 AD_1 AH_2 KH_1 QC_1 QC_2 QH_2,50,3,6,3,0,0,0,300,420,0,0,0.9467,278.4,26.8,,,1,
bid,H,-350,70,,,10C_1 10C_2 10D_1 AH_1 AS_1 JD_2 JH_2 JS_1 JS_2 QD_1 QD_2 QS_1,40,2,2,4,0,1,0,340,-420,0,0,0.18,-362.2,247.1333,,,0,
bid,S,70,-350,,,10S_1 10S_2 9C_1 9S_2 JC_1 JC_2 JH_1 KD_1 KD_2 KH_2 KS_1 QS_2,50,0,5,3,0,0,0,340,420,1,0,0.12,-422.8,212.2667,,,0,
bid,D,-350,70,,,10D_2 9C_2 9H_2 9S_1 AC_2 AD_2 AS_2 JD_1 KC_1 KC_2 KS_2 QH_1,0,3,3,4,0,0,0,340,-420,0,1,0.2067,-323.6,157.1333,,,0,
fold,H,70,-350,160,50,10H_1 10H_2 9D_2 9H_1 AH_2 JH_1 KH_1 KH_2 QC_1 QC_2 QH_2 QS_2,160,1,8,2,1,0,0,330,420,0,0,0.36,,,-216.6,-380.0,,0
bid,H,-250,430,,,10C_1 10S_1 AC_1 AD_2 AH_1 AS_2 JH_2 KD_2 KH_1 QC_1 QH_1 QS_1,140,4,4,3,0,0,1,300,-680,0,0,0.9933,337.8667,236.3333,,,1,
bid,D,430,-250,,,10C_2 10D_1 9S_1 9S_2 AD_1 JC_1 JD_1 JS_1 JS_2 KC_2 KD_1 QD_1,150,1,5,4,1,0,0,340,680,0,0,0.5867,-87.8,31.7333,,,0,
bid,H,-250,430,,,10H_2 9C_1 9D_2 9H_2 AC_2 AH_2 JC_2 JH_1 KC_1 KS_1 QD_2 QS_2,30,2,4,4,0,0,0,340,-680,1,0,0.2333,-295.0667,1.6667,,,0,
bid,H,430,-250,,,10D_2 10H_1 10S_2 9C_2 9D_1 9H_1 AS_1 JD_2 KH_2 KS_2 QC_2 QH_2,50,1,4,3,0,0,0,340,680,0,1,0.28,-291.6,19.4,,,0,
fold,H,-250,430,280,70,10H_2 AC_1 AD_2 AH_1 AH_2 AS_2 JH_2 KH_1 QC_1 QH_1 QS_1 QS_2,250,5,6,3,1,0,1,330,-680,0,0,1.0,,,343.7333,-400.0,,0
bid,S,560,220,,,10S_2 9C_2 9H_1 AH_1 AS_1 AS_2 JC_1 JH_2 JS_2 QD_2 QH_1 QS_1,0,3,5,4,0,0,0,300,340,0,0,0.5267,-86.4667,102.9333,,,0,
bid,D,220,560,,,10C_1 10C_2 10H_1 9S_1 AD_1 AD_2 AH_2 JC_2 KH_1 KS_1 KS_2 QC_2,0,3,2,4,0,0,0,300,-340,0,0,0.0733,-404.2667,160.0667,,,0,
bid,D,560,220,,,10D_1 10D_2 10S_1 9D_1 9H_2 AC_2 JS_1 KC_2 KD_2 KH_2 QC_1 QD_1,70,1,5,3,0,0,0,300,340,0,1,0.3667,-237.0,-78.8,,,0,
fold,C,220,560,90,70,10C_1 10C_2 9C_1 9S_2 AC_1 JD_1 JD_2 JH_1 KC_1 QC_2 QH_2 QS_2,90,1,6,2,0,1,0,250,-340,0,0,0.38,,,-222.3333,-320.0,,0
bid,C,480,710,,,10C_1 10C_2 10S_1 9C_1 9C_2 9D_1 9S_1 9S_2 AC_2 JD_1 KH_1 QS_2,60,1,5,4,0,1,0,300,-230,0,0,0.4533,-151.4,-50.4667,,,0,
bid,C,710,480,,,10H_1 10S_2 9H_1 AC_1 AD_1 AD_2 AS_1 JH_1 KC_2 KD_2 QC_1 QC_2,40,4,4,3,0,0,0,300,230,0,0,0.7667,81.4,25.8,,,1,
bid,H,480,710,,,10D_1 10D_2 10H_2 9H_2 JC_2 JD_2 JH_2 JS_1 KC_1 KD_1 KH_2 QH_1,90,0,5,4,0,0,1,300,-230,0,1,0.5267,-131.2,-70.8,,,0,
fold,S,710,480,170,120,10H_1 10S_2 AS_1 AS_2 JC_1 JS_2 KS_1 KS_2 QD_1 QD_2 QH_2 QS_1,150,2,7,2,1,0,0,250,230,0,0,1.0,,,103.8667,-370.0,,0
bid,H,0,0,,,10D_1 10H_2 9C_1 9D_1 9S_2 AH_2 AS_2 JD_2 JH_1 JH_2 JS_1 QH_1,0,2,5,3,0,0,0,300,0,0,0,0.68,11.7333,-67.5333,,,1,
bid,D,0,0,,,10C_2 10D_2 10S_2 9C_2 9D_2 9H_2 AD_2 JD_1 KC_1 QC_2 QH_2 QS_1,70,1,4,4,0,1,0,310,0,0,0,0.3667,-235.6,-35.4,,,0,
bid,C,0,0,,,10C_1 10H_1 AC_1 AS_1 JC_2 JS_2 KD_1 KH_1 KS_1 QC_1 QD_1 QD_2,20,2,4,3,0,0,0,310,0,1,0,0.5,-130.8,11.3333,,,0,
bid,S,0,0,,,10S_1 9H_1 9S_1 AC_2 AD_1 AH_1 JC_1 KC_2 KD_2 KH_2 KS_2 QS_2,130,3,4,3,0,0,1,310,0,0,1,0.58,-40.3333,160.2,,,0,
fold,H,0,0,170,180,10C_1 10H_1 10H_2 9C_1 9D_1 9S_2 AH_2 JD_2 JH_1 JH_2 KH_1 QH_1,150,1,7,2,1,0,0,300,0,0,0,0.66,,,-146.9333,-480.0,,0
bid,H,240,360,,,10C_1 10C_2 10D_1 10H_2 10S_1 10S_2 9D_2 AH_2 JS_2 KH_1 QH_1 QS_2,40,1,4,4,0,0,0,300,-120,0,0,0.58,-112.2,14.0667,,,0,
bid,S,360,240,,,9C_1 9D_1 9S_2 AC_1 AD_1 AS_1 AS_2 JD_1 JS_1 KC_2 QC_1 QS_1,70,4,5,4,0,1,0,300,120,0,0,0.72,82.0667,107.3333,,,0,
bid,D,240,360,,,10D_2 9H_2 AC_2 AD_2 JC_2 JH_1 KD_2 KH_2 KS_1 QC_2 QD_1 QH_2,60,2,4,4,0,0,0,300,-120,0,1,0.6533,-32.3333,11.0667,,,0,
fold,H,360,240,90,110,10H_1 9H_1 9S_1 AD_1 AH_1 JC_1 JD_1 JD_2 JH_2 KD_1 QD_2 QS_1,70,2,4,5,0,1,0,250,120,0,0,0.3667,,,-271.0,-360.0,,0
bid,S,110,540,,,10S_2 9D_2 AS_1 AS_2 JC_2 JS_1 KC_1 KC_2 KD_2 KH_1 KS_1 QD_2,100,2,5,3,0,0,1,300,-430,0,0,0.42,-201.6667,160.6667,,,0,
bid,H,540,110,,,10D_1 9H_1 AC_1 AH_1 AH_2 JD_1 JD_2 JH_1 JS_2 KD_1 QC_1 QH_2,10,3,5,4,0,0,0,300,430,0,0,0.5267,-57.6667,80.7333,,,0,
bid,H,110,540,,,10C_1 10D_2 10H_1 10S_1 9S_1 9S_2 AD_1 AD_2 JC_1 JH_2 KH_2 QH_1,40,2,4,3,0,0,0,300,-430,0,1,0.5133,-123.6667,15.8667,,,0,
bid,C,540,110,,,10C_2 10H_2 9C_1 9C_2 9D_1 9H_2 AC_2 KS_2 QC_2 QD_1 QS_1 QS_2,40,1,5,3,0,0,0,310,430,0,1,0.4333,-146.8667,34.8,,,0,
fold,H,110,540,60,40,10D_2 10H_1 9S_1 AD_1 AD_2 AS_1 AS_2 JC_1 JH_2 KH_1 KH_2 QH_1,40,4,5,3,0,0,0,300,-430,0,0,0.0867,,,-358.9333,-340.0,,1
bid,D,580,-190,,,10C_1 10C_2 10D_1 9C_2 9H_1 AC_1 AD_1 JD_1 JH_1 JH_2 KC_2 KH_1,0,2,3,5,0,0,0,300,770,0,0,0.24,-324.6,-14.8,,,0,
bid,S,-190,580,,,10H_1 10H_2 10S_2 9C_1 AD_2 AH_1 AS_2 JC_1 JS_1 QC_1 QS_1 QS_2,0,3,5,3,0,0,0,300,-770,0,0,0.76,149.4,104.4667,,,1,
bid,D,580,-190,,,10D_2 9D_2 9H_2 AC_2 AH_2 AS_1 JC_2 KD_1 KS_1 QD_1 QD_2 QH_1,50,3,5,3,0,0,0,300,770,0,1,0.64,23.2,42.7333,,,0,
bid,C,-190,580,,,10S_1 9D_1 9S_1 9S_2 JD_2 JS_2 KC_1 KD_2 KH_2 KS_2 QC_2 QH_2,140,0,2,5,0,0,1,310,-770,0,1,0.1867,-393.2667,-3.5333,,,0,
fold,D,580,-190,160,130,10D_1 10D_2 9D_2 9H_2 AD_1 AH_2 JC_2 JD_1 KD_1 QD_1 QD_2 QH_1,160,2,8,3,1,0,0,300,770,0,0,0.9933,,,177.6,-430.0,,0
bid,C,-20,950,,,10C_1 10C_2 9S_1 AC_1 AH_2 JC_1 JH_1 JS_2 KC_1 KD_2 KH_1 QS_1,0,2,5,3,0,0,0,300,-970,0,0,0.64,-4.5333,-22.3333,,,1,
bid,H,950,-20,,,10D_1 10H_2 10S_2 9D_2 9H_1 9H_2 AC_2 AD_2 AH_1 JC_2 JH_2 QS_2,20,3,5,3,0,0,0,300,970,0,0,0.6067,-21.0,4.8,,,0,
bid,D,-20,950,,,10D_2 10H_1 9C_1 9C_2 JD_1 JS_1 KC_2 KD_1 KH_2 KS_2 QC_2 QD_1,140,0,4,4,0,0,1,300,-970,0,1,0.4133,-232.8667,-6.5333,,,0,
fold,S,950,-20,50,130,10D_1 10S_1 10S_2 9D_1 9S_2 AS_1 AS_2 KS_1 QC_1 QH_1 QH_2 QS_2,50,2,7,2,0,0,0,250,970,0,0,0.2467,,,-349.4,-380.0,,0
bid,D,0,0,,,10H_1 9D_1 AH_2 AS_1 JC_1 KC_1 KC_2 KD_1 KS_2 QC_1 QD_2 QH_2,70,2,3,4,0,0,0,300,0,0,0,0.2,-356.8667,40.3333,,,0,
bid,S,0,0,,,10C_1 10C_2 10D_1 9D_2 9H_1 9S_1 AC_1 AH_1 JD_2 KS_1 QC_2 QS_2,90,2,3,4,0,1,0,300,0,0,0,0.4333,-193.8,-19.3333,,,0,
bid,C,0,0,,,10D_2 9C_2 9H_2 AC_2 AD_2 AS_2 JC_2 JD_1 JH_1 JH_2 JS_2 QS_1,90,3,3,3,0,1,1,300,0,0,1,0.4067,-204.6667,146.4,,,0,
fold,D,0,0,110,150,10C_1 9C_1 9S_2 AD_1 JD_2 JS_1 KD_2 KH_1 KH_2 QD_1 QH_1 QS_2,100,1,4,3,0,1,0,250,0,0,0,0.2867,,,-383.4667,-400.0,,0
bid,C,-250,300,,,10C_1 10D_1 10S_2 AC_1 AH_2 AS_1 JH_1 KC_2 KD_1 QC_2 QD_1 QS_2,60,3,4,3,0,0,0,300,-550,0,0,0.86,159.7333,160.0,,,0,
bid,D,300,-250,,,10H_1 10H_2 9D_1 9D_2 9H_1 9S_1 AH_1 JC_1 KD_2 KS_2 QD_2 QH_1,60,1,4,5,0,0,0,300,550,0,0,0.2133,-347.2,-118.2667,,,0,
bid,H,-250,300,,,10D_2 9C_1 9C_2 9H_2 9S_2 AC_2 JD_2 JS_2 KC_1 KH_2 QH_2 QS_1,90,1,3,4,0,1,0,300,-550,0,1,0.3933,-222.5333,-2.5333,,,0,
fold,S,300,-250,90,110,10H_1 10S_1 AD_1 AH_1 AS_2 JC_2 JD_1 JH_2 JS_1 KS_1 KS_2 QC_1,40,3,5,3,0,0,1,250,550,0,0,0.6133,,,-125.1333,-360.0,,0
bid,C,550,-50,,,10D_2 9C_2 9D_1 AS_1 JC_1 JS_1 KC_1 KC_2 KH_1 KH_2 QC_1 QD_1,50,1,5,3,0,0,0,300,600,0,0,0.4667,-168.4,-62.8667,,,0,
bid,H,-50,550,,,10C_1 10H_2 10S_1 9C_1 9D_2 9H_1 AH_2 AS_2 JD_2 JH_1 QC_2 QH_1,10,2,5,3,0,0,0,300,-600,0,0,0.68,21.4667,-36.2,,,1,
bid,S,550,-50,,,10C_2 10H_1 9H_2 9S_1 9S_2 AD_1 AD_2 JD_1 KD_2 KS_1 QH_2 QS_1,100,2,4,4,0,1,0,300,600,0,1,0.5133,-100.6,60.4,,,0,
fold,S,-50,550,250,120,10S_1 10S_2 AC_2 AS_2 JC_2 JD_2 JH_2 JS_2 KD_1 KS_2 QD_2 QS_2,250,2,6,3,1,1,1,250,-600,0,0,1.0,,,191.0667,-370.0,,0
bid,H,340,780,,,10H_1 10H_2 9C_1 AC_1 AS_1 JC_1 JC_2 JD_1 JH_2 KC_1 KH_2 QH_2,40,2,5,5,0,0,0,300,-440,0,0,0.6733,69.1333,4.8,,,1,
bid,D,780,340,,,10D_1 9C_2 9D_1 9H_2 AD_2 AH_2 AS_2 JD_2 JS_1 KD_1 QC_2 QH_1,10,3,5,3,0,0,0,310,440,0,0,0.56,-43.1333,-11.6,,,0,
bid,S,340,780,,,10C_2 10S_1 10S_2 9S_2 AH_1 JH_1 KC_2 KH_1 KS_2 QC_1 QD_1 QS_2,70,1,5,3,0,0,0,310,-440,1,0,0.4133,-181.1333,112.3333,,,0,
bid,D,780,340,,,10C_1 10D_2 9D_2 9H_1 9S_1 AC_2 AD_1 JS_2 KD_2 KS_1 QD_2 QS_1,70,2,5,4,0,0,0,310,440,0,1,0.6667,8.6667,1.1333,,,1,
fold,H,340,780,210,60,10C_2 10H_1 10H_2 9C_1 AH_1 JC_1 JC_2 JD_1 JH_2 KH_2 QH_2 QS_2,190,1,6,4,1,1,0,300,-440,0,0,0.84,,,97.2667,-360.0,,0
bid,C,950,690,,,10H_1 9C_1 9S_1 AS_1 KC_1 KC_2 KD_1 KH_1 QC_2 QD_1 QH_2 QS_1,150,1,4,3,0,0,1,300,260,0,0,0.56,-85.3333,155.1333,,,0,
bid,D,690,950,,,10C_2 10S_1 9H_1 9S_2 AD_1 AH_1 AH_2 JC_1 JS_1 JS_2 KH_2 KS_2,0,3,1,5,0,0,0,300,-260,0,0,0.0533,-442.0667,-40.3333,,,0,
bid,C,950,690,,,10C_1 10D_2 9D_1 9H_2 AC_2 AD_2 AS_2 JC_2 JD_1 JH_2 KS_1 QC_1,0,3,4,4,0,0,0,300,260,0,1,0.7133,46.6667,-26.7333,,,1,
fold,D,690,950,200,150,10C_2 10D_1 9C_2 9D_2 AD_1 AH_1 JD_2 JH_1 KD_2 QD_2 QH_1 QS_2,200,2,6,3,1,1,0,250,-260,0,0,1.0,,,117.0667,-400.0,,0
bid,C,0,0,,,AC_1 AC_2 AH_1 AH_2 JC_1 JD_1 KC_1 KC_2 KD_2 KH_1 QC_2 QS_2,80,4,6,3,0,1,0,300,0,0,0,0.9467,351.3333,115.9333,,,1,
bid,S,0,0,,,10C_1 10D_1 10H_2 10S_2 9D_2 AS_1 AS_2 JD_2 JS_1 KH_2 QD_2 QH_2,20,2,4,4,0,0,0,340,0,0,0,0.18,-332.2,181.2,,,0,
bid,D,0,0,,,10C_2 10H_1 9C_1 9H_2 9S_1 AD_2 JH_1 JH_2 JS_2 KS_2 QC_1 QH_1,0,1,1,5,0,0,0,340,0,1,0,0.0,-477.6667,-139.7333,,,0,
bid,D,0,0,,,10D_2 10S_1 9C_2 9D_1 9H_1 9S_2 AD_1 JC_2 KD_1 KS_1 QD_1 QS_1,70,1,5,4,0,0,0,340,0,0,1,0.5,-118.5333,70.0667,,,0,
fold,C,0,0,260,70,10C_2 AC_1 AC_2 AD_2 AH_2 JC_1 JD_1 KC_1 KC_2 QC_1 QC_2 QS_2,230,4,8,2,1,1,0,330,0,0,0,1.0,,,344.4,-400.0,,0
bid,C,120,460,,,10C_1 10D_2 10H_2 9C_1 9D_2 9S_2 JC_1 JD_1 JS_1 KC_2 QC_2 QD_1,50,0,5,4,0,0,0,300,-340,0,0,0.5867,-96.2667,-172.0,,,1,
bid,C,460,120,,,10D_1 10S_1 9H_1 9H_2 AC_1 AC_2 JD_2 JH_1 JS_2 KH_1 KS_1 QD_2,0,2,2,4,0,0,0,310,340,0,0,0.0467,-442.0667,134.7333,,,0,
bid,H,120,460,,,10C_2 10S_2 9D_1 AD_2 AH_1 AH_2 KD_2 KH_2 KS_2 QH_1 QH_2 QS_2,60,3,5,3,0,0,0,310,-340,1,0,0.7133,39.5333,155.8667,,,0,
bid,S,460,120,,,10H_1 9C_2 9S_1 AD_1 AS_1 AS_2 JC_2 JH_2 KC_1 KD_1 QC_1 QS_1,30,3,4,4,0,0,0,310,340,0,1,0.2,-336.4667,147.2667,,,0,
fold,C,120,460,130,50,10C_1 10C_2 9C_1 9D_2 9S_2 AH_1 JC_1 JD_1 JS_1 KC_2 QC_2 QS_2,90,1,6,3,0,1,0,300,-340,0,0,0.2667,,,-296.8667,-350.0,,0
bid,S,640,-180,,,10D_2 10S_1 9S_1 9S_2 AD_1 AH_1 AS_2 JC_1 JC_2 JS_1 KD_2 KH_1,20,3,5,3,0,0,0,300,820,0,0,0.5,-108.1333,-57.2667,,,0,
bid,D,-180,640,,,10C_2 10D_1 10S_2 9C_1 9D_1 AD_2 AH_2 AS_1 JD_2 JH_1 KD_1 QD_1,160,3,6,2,1,0,0,310,-820,0,0,1.0,316.5333,93.4,,,1,
bid,C,640,-180,,,10C_1 10H_2 9D_2 9H_1 9H_2 JH_2 JS_2 KC_1 KS_2 QC_1 QC_2 QH_1,40,0,4,5,0,0,0,320,820,1,0,0.2667,-332.3333,-113.7333,,,0,
bid,S,-180,640,,,10H_1 9C_2 AC_1 AC_2 JD_1 KC_2 KH_2 KS_1 QD_2 QH_2 QS_1 QS_2,100,2,3,4,0,1,0,320,-820,1,0,0.5067,-72.6667,289.1333,,,0,
bid,S,640,-180,,,10D_2 10S_1 9S_1 9S_2 AD_1 AH_1 AS_2 JC_1 JC_2 JS_1 KD_2 KH_1,20,3,5,3,0,0,0,320,820,0,1,0.2933,-239.8667,19.8667,,,0,
fold,D,-180,640,480,30,10D_1 9C_1 9D_1 AD_2 AH_2 JD_1 JD_2 JH_1 KD_1 QD_1 QS_1 QS_2,460,2,7,2,1,1,0,310,-820,0,0,1.0,,,533.3333,-340.0,,0
bid,D,470,750,,,10D_1 9D_2 9H_2 AD_1 JH_1 JS_1 KD_2 QC_2 QD_1 QD_2 QH_1 QS_1,110,1,6,3,0,0,1,300,-280,0,0,0.6667,36.8667,59.2,,,0,
bid,S,750,470,,,10C_1 10H_1 10H_2 9C_2 9D_1 9S_2 AC_2 AH_2 AS_2 JS_2 KC_2 KD_1,10,3,3,4,0,0,0,300,280,0,0,0.2133,-352.4667,-47.2,,,0,
bid,H,470,750,,,10C_2 9C_1 9H_1 AD_2 AH_1 JC_1 JD_1 JD_2 JH_2 KH_1 QH_2 QS_2,90,2,5,3,0,1,0,300,-280,0,1,0.9267,299.0,53.3333,,,1,
fold,C,750,470,160,150,10C_1 9S_1 AC_1 AC_2 AS_1 JC_2 KC_1 KC_2 KH_2 KS_1 KS_2 QC_1,150,3,7,4,1,0,0,250,280,0,0,1.0,,,67.3333,-400.0,,0
bid,S,0,0,,,10C_1 10S_1 9C_1 9C_2 AH_1 AS_1 JS_1 KC_1 KC_2 QD_1 QH_2 QS_1,0,2,4,5,0,0,0,300,0,0,0,0.42,-177.8667,22.4667,,,0,
bid,C,0,0,,,9S_2 AC_1 AC_2 JC_1 JC_2 JH_1 JS_2 KD_1 KD_2 KH_1 KS_2 QC_1,0,2,5,3,0,0,0,300,0,0,0,0.2133,-329.0,-13.2667,,,0,
bid,D,0,0,,,10C_2 10D_2 9D_1 9S_1 AD_1 AD_2 AS_2 JD_1 JD_2 KH_2 KS_1 QC_2,10,3,6,3,0,0,0,300,0,0,1,0.54,-49.6,73.8,,,0,
fold,H,0,0,190,0,10H_1 10H_2 9H_1 9H_2 AH_2 JH_1 JH_2 KD_1 KH_1 QD_2 QH_1 QS_2,190,1,9,2,1,0,0,250,0,0,0,1.0,,,318.0,-250.0,,0
bid,C,360,80,,,10C_2 10D_2 10S_1 9C_1 9H_2 AC_2 JC_1 JS_1 KH_1 QD_1 QH_1 QS_1,30,1,4,3,0,0,0,300,280,0,0,0.3267,-278.8667,-62.9333,,,0,
bid,C,80,360,,,10C_1 10H_2 10S_2 9S_1 AH_1 JD_1 JD_2 JH_1 KC_2 KD_2 QC_1 QC_2,40,1,4,3,0,0,0,300,-280,0,0,0.5333,-73.8,1.6667,,,0,
bid,C,360,80,,,10H_1 9C_2 9D_1 9D_2 9H_1 9S_2 AC_1 JC_2 JH_2 JS_2 KD_1 QH_2,10,1,3,4,0,0,0,300,280,0,1,0.0533,-449.4,-182.5333,,,0,
fold,S,80,360,130,30,10D_1 10S_2 AD_1 AD_2 AS_1 AS_2 JD_1 JD_2 KS_1 KS_2 QD_2 QS_2,80,4,6,6,0,1,0,250,-280,0,0,1.0,,,309.2,-280.0,,0
bid,S,430,420,,,10S_2 9C_1 9C_2 9S_1 9S_2 AD_2 AH_1 AH_2 JD_2 KC_1 QD_2 QH_1,20,3,3,3,0,0,0,300,10,0,0,0.1933,-320.7333,127.2667,,,0,
bid,C,420,430,,,10C_2 10H_1 9D_1 AC_2 JC_2 JH_2 KD_1 KD_2 KH_1 QC_1 QD_1 QS_2,20,1,4,4,0,0,0,300,-10,0,0,0.5533,-106.4,21.4,,,0,
bid,C,430,420,,,10D_1 10S_1 9H_2 AC_1 JC_1 JD_1 JH_1 JS_1 KC_2 KS_1 QC_2 QH_2,80,1,4,3,0,0,1,300,10,0,1,0.5333,-127.0,22.4667,,,0,
fold,S,420,430,60,80,10H_1 9D_2 9H_1 AC_2 AD_1 AS_1 AS_2 JS_2 KH_2 KS_2 QS_1 QS_2,40,4,6,3,0,0,0,250,-10,0,0,0.46,,,-156.1333,-330.0,,0
bid,S,170,600,,,10D_1 10S_1 9D_2 9H_1 9S_1 AC_1 AC_2 AD_1 AS_1 JD_1 QC_1 QH_2,10,4,3,4,0,0,0,300,-430,0,0,0.4267,-165.6,132.0667,,,0,
bid,H,600,170,,,9C_2 9S_2 AH_1 AS_2 JC_2 KC_1 KC_2 KD_1 KD_2 KH_1 QD_1 QH_1,60,2,3,4,0,0,0,300,430,0,0,0.3867,-250.3333,72.6667,,,0,
bid,D,170,600,,,10C_2 10H_1 10H_2 10S_2 9D_1 AD_2 JD_2 JH_2 JS_1 JS_2 KS_1 QC_2,10,1,3,4,0,0,0,300,-430,0,1,0.0933,-408.2667,-93.2667,,,0,
fold,S,600,170,90,10,9C_1 9H_2 AH_1 AS_2 JC_1 JH_1 KC_1 KH_2 KS_2 QD_2 QS_1 QS_2,40,2,4,4,0,0,0,250,430,0,0,0.3933,,,-158.8667,-260.0,,0
bid,S,350,300,,,10D_1 10H_1 9H_2 9S_1 AC_2 JC_2 JD_1 JH_1 KC_1 KS_1 QH_1 QS_1,90,1,3,4,0,1,0,300,50,0,0,0.42,-195.6667,40.5333,,,0,
bid,D,300,350,,,10S_1 10S_2 9D_2 9S_2 AC_1 AD_2 AH_2 AS_1 AS_2 JC_1 KH_2 KS_2,110,5,2,6,0,0,1,300,-50,0,0,0.8733,93.9333,54.6,,,1,
bid,D,350,300,,,10C_2 10D_2 AD_1 AH_1 JD_2 JS_2 KC_2 KD_1 KH_1 QC_1 QD_2 QH_2,190,2,5,3,1,0,0,300,50,0,1,1.0,239.0667,55.0667,,,1,
fold,D,300,350,60,250,9C_1 9C_2 9D_1 9H_1 AD_2 AH_2 AS_2 JH_2 JS_1 KD_2 QD_1 QS_2,50,3,4,3,0,0,0,250,-50,0,0,0.14,,,-523.0,-500.0,,1
bid,H,50,740,,,10H_1 10S_1 9C_2 9D_2 9H_1 AH_1 AS_2 JD_1 JH_1 JS_1 QH_1 QS_1,50,2,5,4,0,1,0,300,-690,0,0,0.7667,137.2667,-20.8,,,1,
bid,S,740,50,,,10D_1 10H_2 10S_2 9S_1 AD_1 AS_1 JC_1 JC_2 JD_2 KC_2 KH_1 QH_2,30,2,3,3,0,0,0,300,690,0,0,0.12,-401.9333,85.6667,,,0,
bid,D,50,740,,,10D_2 9C_1 9H_2 9S_2 AC_1 JH_2 KC_1 KD_1 KD_2 KS_1 KS_2 QD_2,40,1,4,3,0,0,0,300,-690,0,1,0.3067,-280.0,-38.4667,,,0,
fold,D,740,50,70,90,10D_1 9D_1 AC_2 AD_1 AD_2 JD_2 JS_2 KH_2 QC_1 QC_2 QD_1 QS_2,50,3,6,3,0,1,0,250,690,0,0,0.3,,,-283.6,-340.0,,0
bid,S,490,230,,,10S_2 9D_1 9H_2 AS_1 JD_2 JH_1 JS_1 JS_2 KD_2 KH_1 QH_1 QS_2,60,1,5,4,0,1,0,300,260,0,0,0.6133,-53.0667,38.7333,,,0,
bid,C,230,490,,,10C_2 10D_2 9C_2 AC_1 AC_2 AD_2 AH_2 JC_2 KC_2 QC_1 QD_1 QH_2,160,4,7,3,1,0,0,300,-260,0,0,1.0,399.0667,-29.1333,,,1,
bid,S,490,230,,,10D_1 9H_1 9S_2 AS_2 JC_1 JH_2 KC_1 KH_2 KS_2 QC_2 QD_2 QS_1,70,1,4,3,0,0,0,340,260,0,1,0.16,-379.9333,35.0667,,,0,
bid,H,230,490,,,10C_1 10H_1 10H_2 10S_1 9C_1 9D_2 9S_1 AD_1 AH_1 JD_1 KD_1 KS_1,0,2,3,4,0,0,0,340,-260,1,0,0.0667,-440.8667,61.0667,,,0,
fold,C,230,490,170,120,10C_1 10C_2 9C_2 AC_1 AC_2 AD_1 JC_2 JD_1 KC_2 QC_1 QD_1 QH_2,160,3,8,3,1,0,0,330,-260,0,0,0.6533,,,-25.2,-450.0,,0
bid,S,630,630,,,10C_2 10D_1 9H_1 AC_1 AC_2 JD_1 JD_2 JS_2 KH_2 KS_2 QS_1 QS_2,340,2,4,3,0,1,0,300,0,0,0,1.0,457.8667,505.6,,,0,
bid,H,630,630,,,10H_2 10S_1 9C_1 9D_1 9S_2 AD_2 AH_1 JH_1 JH_2 KD_1 KS_1 QC_1,0,2,4,3,0,0,0,300,0,0,0,0.34,-248.3333,-97.2,,,0,
bid,H,630,630,,,10D_2 10H_1 9D_2 9H_2 9S_1 AH_2 AS_2 JC_2 JS_1 KH_1 QD_2 QH_2,50,2,5,3,0,0,0,300,0,0,1,0.7733,58.6,-84.2667,,,1,
bid,C,630,630,,,10C_1 10S_2 9C_2 AD_1 AS_1 JC_1 KC_1 KC_2 KD_2 QC_2 QD_1 QH_1,70,2,6,3,0,0,0,310,0,0,1,0.6867,94.4,9.6,,,1,
fold,H,630,630,100,40,10H_1 9D_2 9H_2 AH_2 JC_2 JD_1 JS_1 KH_1 QD_2 QH_2 QS_1 QS_2,90,1,5,3,0,1,0,300,0,0,0,0.0733,,,-408.1333,-340.0,,1
bid,C,670,330,,,10C_2 10H_1 9D_1 9H_2 9S_1 AD_1 AH_1 KC_1 KH_2 QC_1 QD_1 QS_1,40,2,3,4,0,0,0,300,340,0,0,0.5533,-91.7333,38.3333,,,0,
bid,S,330,670,,,10C_1 10D_2 10S_1 9C_1 9C_2 9D_2 AS_2 JS_1 KD_1 KS_1 QH_1 QH_2,0,1,4,3,0,0,0,300,-340,0,0,0.4467,-161.6667,-8.0,,,0,
bid,C,670,330,,,10D_1 10H_2 10S_2 9H_1 9S_2 AC_2 AH_2 JD_2 JS_2 KC_2 QC_2 QD_2,40,2,3,3,0,0,0,310,340,0,1,0.42,-208.1333,36.8667,,,0,
bid,S,330,670,,,AC_1 AD_2 AS_1 JC_1 JC_2 JD_1 JH_1 JH_2 KD_2 KH_1 KS_2 QS_2,80,3,3,3,0,1,0,310,-340,1,0,0.54,-90.9333,208.0667,,,0,
fold,S,330,670,190,60,10S_1 9C_1 9C_2 9D_2 AD_2 AS_2 JD_1 JS_1 KS_1 QH_1 QH_2 QS_2,190,2,5,3,1,1,0,300,-340,0,0,0.8467,,,94.0667,-360.0,,0
bid,D,690,810,,,10D_1 9H_2 JC_2 JD_1 JD_2 JH_1 JS_1 KD_2 KS_1 QD_2 QH_2 QS_1,140,0,5,3,0,1,1,300,-120,0,0,0.7733,119.4667,61.1333,,,1,
bid,D,810,690,,,10D_2 10H_2 10S_2 9H_1 9S_1 AD_1 AD_2 AS_1 JH_2 KH_1 KH_2 QS_2,0,3,3,5,0,0,0,340,120,0,0,0.0333,-415.8,122.6,,,0,
bid,C,690,810,,,10C_1 10C_2 9C_1 9S_2 AC_1 AC_2 AH_2 AS_2 JS_2 KS_2 QC_2 QH_1,10,4,6,4,0,0,0,340,-120,1,0,0.6867,66.2667,19.2667,,,1,
bid,C,810,690,,,10H_1 10S_1 9C_2 9D_1 9D_2 AH_1 JC_1 KC_1 KC_2 KD_1 QC_1 QD_1,70,1,5,4,0,0,0,340,120,0,1,0.3533,-237.6667,-10.3333,,,0,
fold,D,690,810,140,80,AC_2 AH_2 AS_2 JC_2 JD_1 JD_2 JH_1 JS_1 KD_2 KS_1 QD_2 QS_1,140,3,4,4,0,1,1,330,-120,0,0,0.12,,,-437.8,-410.0,,1
bid,D,0,0,,,10H_2 10S_1 9C_1 9D_2 9H_2 9S_2 AC_1 AD_2 AH_1 AS_2 KH_1 KS_1,110,4,2,4,0,0,1,300,0,0,0,0.7267,-44.0667,42.5333,,,0,
bid,H,0,0,,,10C_2 10D_1 9H_1 AD_1 AH_2 AS_1 JD_2 JH_2 JS_1 KC_1 QC_2 QS_2,70,3,3,3,0,1,0,300,0,0,0,0.4333,-178.0,109.6667,,,0,
bid,D,0,0,,,10D_2 10S_2 9C_2 9S_1 JC_2 JD_1 KC_2 KD_2 QD_1 QH_1 QH_2 QS_1,80,0,4,3,0,1,0,300,0,0,1,0.6067,-80.6667,-11.5333,,,0,
fold,C,0,0,140,180,10C_1 10D_1 9D_1 AC_2 JC_1 JD_2 JH_1 JS_2 KD_1 QC_1 QD_2 QS_2,100,1,4,5,0,1,1,250,0,0,0,0.8067,,,-108.9333,-430.0,,0
bid,C,260,310,,,10D_2 10H_1 10H_2 9D_1 AC_1 AH_1 AS_2 KC_2 KD_2 KH_2 QS_1 QS_2,0,3,2,4,0,0,0,300,-50,0,0,0.4267,-144.4,144.0667,,,0,
bid,S,310,260,,,10S_2 9C_1 9H_2 AD_1 AH_2 AS_1 JC_2 JH_2 JS_2 KS_2 QD_1 QD_2,0,3,4,3,0,0,0,300,50,0,0,0.6733,0.2667,2.3333,,,0,
bid,C,260,310,,,10C_1 10S_1 9H_1 9S_1 AC_2 AD_2 JC_1 JH_1 JS_1 KH_1 QC_2 QH_2,20,2,4,4,0,0,0,310,-50,0,1,0.5267,-117.1333,-68.2,,,0,
bid,C,310,260,,,10C_2 10D_1 9C_2 9D_2 9S_2 JD_1 JD_2 KC_1 KD_1 KS_1 QC_1 QH_1,50,0,4,5,0,0,0,320,50,1,0,0.3667,-220.7333,5.4667,,,0,
bid,S,310,260,,,10S_2 9C_1 9H_2 AD_1 AH_2 AS_1 JC_2 JH_2 JS_2 KS_2 QD_1 QD_2,0,3,4,3,0,0,0,320,50,0,1,0.6267,-18.7333,-21.0,,,1,
bid,C,260,310,,,10C_1 10S_1 9H_1 9S_1 AC_2 AD_2 JC_1 JH_1 JS_1 KH_1 QC_2 QH_2,20,2,4,4,0,0,0,330,-50,0,1,0.46,-163.3333,-79.5333,,,0,
fold,S,310,260,90,30,10C_2 10S_2 9C_1 9H_2 AS_1 JC_2 JD_1 JD_2 JH_2 JS_2 KS_2 QD_2,40,1,4,3,0,0,1,320,50,0,0,0.0133,,,-455.2,-350.0,,1
bid,C,-10,290,,,10C_2 10D_2 AC_1 AC_2 AH_1 AH_2 AS_1 AS_2 JC_1 JC_2 KH_1 KS_2,0,6,5,3,0,0,0,300,-300,0,0,0.8333,217.4667,147.7333,,,1,
bid,D,290,-10,,,10D_1 10H_1 9C_1 9C_2 AD_2 JD_2 JS_2 KC_2 KD_1 KD_2 KS_1 QC_1,20,1,5,4,0,0,0,300,300,0,0,0.5067,-117.8,-69.9333,,,0,
bid,S,-10,290,,,10H_2 10S_1 10S_2 9D_1 9H_1 9H_2 9S_2 JD_1 KH_2 QC_2 QD_1 QS_2,50,0,4,4,0,1,0,300,-300,0,1,0.3267,-255.8667,-31.2667,,,0,
fold,D,290,-10,70,50,10H_1 9D_2 9S_1 AD_1 AD_2 JD_2 JH_1 JH_2 JS_1 QD_2 QH_2 QS_1,50,2,5,4,0,1,0,250,300,0,0,0.2333,,,-285.2,-300.0,,0
bid,H,40,40,,,10S_2 AH_1 AH_2 JC_1 JD_2 JH_1 KD_2 KH_1 KH_2 QC_1 QH_1 QH_2,80,2,7,2,0,0,0,300,0,0,0,0.9533,291.6,3.6667,,,1,
bid,C,40,40,,,10C_1 10H_1 9H_1 AC_2 JC_2 JD_1 JS_1 JS_2 KC_1 KS_2 QC_2 QD_2,150,1,5,3,1,0,0,340,0,0,0,0.7267,31.1333,141.4667,,,0,
bid,D,40,40,,,10C_2 10D_1 10H_2 10S_1 9D_1 9D_2 9S_2 AC_1 AD_1 KC_2 QD_1 QS_2,20,2,5,3,0,0,0,340,0,1,0,0.2467,-261.7333,75.0,,,0,
bid,S,40,40,,,10D_2 9C_1 9C_2 9H_2 9S_1 AD_2 AS_1 AS_2 JH_2 KD_1 KS_1 QS_1,50,3,5,3,0,0,0,340,0,0,1,0.3867,-203.2667,154.8667,,,0,
fold,H,40,40,270,60,10H_2 AC_1 AH_1 AH_2 JC_1 JD_2 JH_1 KH_1 KH_2 QH_1 QH_2 QS_2,230,3,8,2,1,1,0,330,0,0,0,1.0,,,344.8,-390.0,,0
bid,H,150,510,,,10C_1 10H_2 AH_2 JD_1 JH_2 JS_1 KC_1 KS_1 QD_1 QD_2 QH_2 QS_2,60,1,4,3,0,1,0,300,-360,0,0,0.58,-65.3333,90.0667,,,0,
bid,S,510,150,,,10S_1 10S_2 9C_1 9H_2 9S_2 AD_2 JC_1 KC_2 KD_1 KD_2 KS_2 QS_1,50,1,5,3,0,0,0,300,360,0,0,0.38,-216.2667,15.2667,,,0,
bid,S,150,510,,,10D_1 10D_2 9D_2 AC_1 AC_2 AH_1 AS_1 AS_2 JH_1 JS_2 QC_1 QH_1,0,5,3,3,0,0,0,300,-360,0,1,0.3333,-258.0,241.4,,,0,
fold,D,510,150,130,70,9C_2 9D_1 9H_1 9S_1 AD_1 AD_2 JC_2 JD_2 KD_1 KH_1 QC_2 QS_1,50,2,5,3,0,1,0,250,360,0,0,0.6333,,,-102.0667,-320.0,,0
bid,S,260,380,,,10D_1 10S_1 10S_2 AD_2 JC_1 JC_2 JS_2 KC_1 KH_1 KH_2 KS_1 QS_2,40,1,5,3,0,0,0,300,-120,0,0,0.56,-94.9333,73.6667,,,0,
bid,D,380,260,,,10C_1 10D_2 10H_1 9D_2 9H_1 AC_2 AD_1 AS_1 JD_1 KC_2 KD_2 QH_2,10,3,5,3,0,0,0,300,120,0,0,0.5933,-9.1333,42.6667,,,0,
bid,S,260,380,,,10C_2 9S_1 9S_2 AC_1 AH_1 JD_2 JH_2 KD_1 KS_2 QC_1 QD_1 QS_1,120,2,4,3,0,1,0,300,-120,0,1,0.5133,-106.2,77.0667,,,0,
fold,H,380,260,20,100,10H_1 10H_2 9D_1 9H_2 AH_2 JD_1 JH_1 JS_1 QC_2 QD_2 QH_1 QH_2,10,1,7,3,0,0,0,250,120,0,0,0.0867,,,-396.3333,-350.0,,1
bid,D,130,360,,,10D_1 10H_1 10S_2 9C_1 AC_2 AD_2 AH_2 AS_2 JC_1 JD_1 JH_2 KD_1,100,4,4,3,0,0,1,300,-230,0,0,0.9,179.2,144.6,,,1,
bid,S,360,130,,,10C_2 10D_2 10H_2 9H_1 9H_2 AD_1 JH_1 KH_1 KH_2 KS_2 QC_2 QS_2,40,1,2,6,0,0,0,300,230,0,0,0.16,-399.1333,-28.5333,,,0,
bid,C,130,360,,,10C_1 9D_1 9D_2 9S_2 JD_2 JS_2 KC_2 QC_1 QD_1 QD_2 QH_1 QH_2,40,0,3,5,0,0,0,300,-230,0,1,0.2133,-351.6667,-32.1333,,,0,
fold,S,360,130,200,130,10S_1 9C_2 9S_1 AD_1 AS_1 JC_2 JS_1 KC_1 KS_1 KS_2 QS_1 QS_2,200,2,8,3,1,0,0,250,230,0,0,1.0,,,193.6,-380.0,,0
bid,S,750,320,,,10C_1 9C_2 9D_1 9H_2 9S_2 AS_2 JS_2 KC_1 KH_2 KS_2 QH_2 QS_1,70,1,5,3,0,0,0,300,430,0,0,0.56,-105.9333,-44.6667,,,0,
bid,H,320,750,,,10H_2 10S_1 9D_2 AC_2 AD_1 AH_2 JC_1 JH_1 JS_1 KH_1 KS_1 QC_2,0,3,4,3,0,0,0,300,-430,0,0,0.6733,-7.4667,-16.2,,,1,
bid,S,750,320,,,10D_1 10D_2 10H_1 9H_1 9S_1 AD_2 AS_1 JC_2 QC_1 QD_1 QD_2 QH_1,10,2,2,5,0,0,0,300,430,0,1,0.04,-435.5333,-88.0,,,0,
fold,H,320,750,60,80,10H_2 9C_1 AC_1 AH_1 AH_2 JD_1 JD_2 JH_2 KD_1 KD_2 KH_1 QS_2,40,3,5,4,0,1,0,250,-430,0,0,0.2533,,,-301.0,-330.0,,0
bid,H,70,930,,,10C_1 10D_2 10H_2 10S_2 9H_1 AC_2 AH_2 JC_2 JH_1 KC_1 KS_1 QH_1,10,2,5,4,0,0,0,300,-860,0,0,0.64,-12.6667,-90.9333,,,1,
bid,D,930,70,,,10D_1 10H_1 9C_1 9D_1 9H_2 AD_1 AS_1 JC_1 KD_1 KH_2 KS_2 QD_1,50,2,5,3,0,0,0,340,860,0,0,0.54,-100.2,-9.2,,,0,
bid,D,70,930,,,9C_2 AC_1 AS_2 JS_2 KD_2 KH_1 QC_1 QC_2 QD_2 QH_2 QS_1 QS_2,120,2,2,4,0,0,1,340,-860,1,0,0.3,-235.0,330.3333,,,0,
bid,D,930,70,,,10C_2 10S_1 9D_2 9S_1 9S_2 AD_2 AH_1 JD_1 JD_2 JH_2 JS_1 KC_2,10,2,4,4,0,0,0,340,860,0,1,0.1333,-356.8,174.5333,,,0,
fold,H,70,930,90,30,10H_2 9H_1 AC_1 AC_2 AH_2 JC_2 JH_1 KC_1 KS_1 QH_1 QS_1 QS_2,30,3,5,4,0,0,0,330,-860,0,0,0.0067,,,-441.8,-360.0,,1
bid,H,960,-260,,,9C_1 9D_2 9H_1 9H_2 AD_2 AH_1 JD_2 JS_1 JS_2 KC_1 KC_2 QD_1,20,2,3,4,0,0,0,300,1220,0,0,0.0867,-400.6,86.2667,,,0,
bid,S,-260,960,,,10C_2 10H_1 10S_1 9S_2 AC_2 AS_1 JC_2 JD_1 KS_2 QC_2 QS_1 QS_2,90,2,6,4,0,1,0,300,-1220,0,0,0.98,359.1333,58.6667,,,1,
bid,H,960,-260,,,10C_1 10D_1 9C_2 9S_1 AD_1 JH_2 KH_1 KH_2 KS_1 QC_1 QD_2 QH_1,40,1,4,3,0,0,0,340,1220,0,1,0.26,-296.2667,-0.6667,,,0,
bid,H,-260,960,,,10D_2 10H_2 10S_2 9D_1 AC_1 AH_2 AS_2 JC_1 JH_1 KD_1 KD_2 QH_2,0,3,4,4,0,0,0,340,-1220,1,0,0.4933,-128.9333,69.4,,,0,
fold,S,-260,960,90,30,10S_1 10S_2 9S_2 AC_1 AS_1 AS_2 JC_2 JD_1 KS_2 QC_2 QS_1 QS_2,90,3,8,3,0,1,0,330,-1220,0,0,0.2933,,,-217.5333,-360.0,,0
bid,D,0,0,,,10D_1 10D_2 AC_2 AS_1 JD_1 JD_2 JH_2 KD_1 KS_1 KS_2 QD_1 QS_2,100,2,6,4,0,1,0,300,0,0,0,0.84,286.7333,67.8,,,1,
bid,S,0,0,,,10C_2 10S_2 9C_1 9D_2 9H_1 9S_1 9S_2 AD_2 AH_2 AS_2 JS_2 QC_2,20,3,5,3,0,0,0,340,0,0,0,0.2,-337.7333,-12.7333,,,0,
bid,C,0,0,,,10C_1 10H_2 AC_1 JC_1 JS_1 KC_1 KD_2 KH_1 KH_2 QD_2 QH_1 QS_1,40,1,4,4,0,0,0,340,0,1,0,0.4067,-195.3333,116.6667,,,0,
bid,H,0,0,,,10H_1 10S_1 9C_2 9D_1 9H_2 AD_1 AH_1 JC_2 JH_1 KC_2 QC_1 QH_2,30,2,5,4,0,0,0,340,0,0,1,0.5333,-113.6667,-16.0667,,,0,
fold,D,0,0,420,40,10D_1 10D_2 JD_1 JD_2 JH_2 KD_1 KD_2 KS_2 QD_1 QD_2 QS_1 QS_2,400,0,8,3,0,1,0,330,0,0,0,1.0,,,453.8667,-370.0,,0
bid,S,110,600,,,10D_1 10H_1 10S_2 9S_1 9S_2 AH_1 JH_1 KS_1 QC_2 QD_1 QD_2 QS_2,60,1,5,3,0,0,0,300,-490,0,0,0.4067,-179.2,-26.2667,,,0,
bid,C,600,110,,,10C_1 10D_2 10H_2 9D_1 AC_2 AH_2 AS_2 JC_1 JD_1 KC_2 KD_1 QS_1,40,3,4,4,0,1,0,300,490,0,0,0.8267,155.7333,17.2,,,1,
bid,D,110,600,,,9C_1 9H_2 AD_1 AD_2 JD_2 JH_2 JS_1 JS_2 KC_1 KH_2 KS_2 QC_1,20,2,3,3,0,0,0,340,-490,0,1,0.0333,-457.4,317.4,,,0,
bid,C,600,110,,,10C_2 10S_1 9C_2 9D_2 9H_1 AC_1 AS_1 JC_2 KD_2 KH_1 QH_1 QH_2,30,2,4,4,0,0,0,340,490,1,0,0.22,-324.9333,39.4667,,,0,
bid,D,270,180,,,9C_1 9D_1 AC_2 AD_2 AS_1 AS_2 JC_1 JH_1 KH_2 QH_1 QS_1 QS_2,30,4,2,4,0,0,0,300,90,0,0,0.24,-277.0,185.9333,,,0,
bid,H,180,270,,,10H_1 9D_2 9H_1 9H_2 AH_1 JC_2 JH_2 JS_2 KD_1 KD_2 QC_1 QC_2,20,1,5,3,0,0,0,300,-90,0,0,0.2533,-259.3333,-36.1333,,,0,
bid,D,270,180,,,10C_1 10D_1 10H_2 10S_1 AC_1 AD_1 AH_2 JD_1 JS_1 KC_1 KC_2 KH_1,0,3,3,4,0,0,0,300,90,0,1,0.2733,-290.8667,77.0667,,,0,
fold,C,180,270,10,30,10C_2 10H_1 9C_2 9S_1 9S_2 JD_2 KS_2 QC_1 QC_2 QD_1 QD_2 QH_2,10,0,4,3,0,0,0,250,-90,0,0,0.0,,,-436.6667,-280.0,,1
bid,D,-70,300,,,10C_2 10S_1 10S_2 9C_1 9S_2 AD_1 AD_2 JH_2 JS_1 KC_2 KS_2 QC_1,20,2,2,5,0,0,0,300,-370,0,0,0.0133,-475.2667,27.4,,,0,
bid,D,300,-70,,,10D_1 9D_1 9D_2 9S_1 AH_1 AS_2 JD_2 JH_1 KD_1 KH_2 QS_1 QS_2,60,2,5,4,0,1,0,300,370,0,0,0.7267,142.8,42.5333,,,1,
bid,H,-70,300,,,10C_1 10H_2 9H_1 9H_2 JS_2 KC_1 KH_1 QC_2 QD_1 QD_2 QH_1 QH_2,80,0,6,3,0,0,0,300,-370,0,1,0.54,-104.2667,-48.4,,,0,
fold,C,300,-70,70,110,10D_1 9C_2 AC_1 AC_2 AS_1 JC_1 JC_2 JD_1 JD_2 KD_2 KS_1 QS_2,70,3,5,4,0,1,0,250,370,0,0,0.5333,,,-156.2667,-360.0,,0
bid,H,50,160,,,10C_2 10D_1 10H_1 AC_2 AD_1 JD_1 JH_1 JS_2 KC_1 KH_2 KS_2 QH_1,40,2,4,3,0,0,0,300,-110,0,0,0.5667,-64.2,91.4,,,0,
bid,D,160,50,,,10D_2 10H_2 9D_1 9H_2 9S_2 AD_2 JC_1 KH_1 QD_1 QD_2 QS_1 QS_2,10,1,5,3,0,0,0,300,110,0,0,0.3933,-147.0667,37.9333,,,0,
bid,H,50,160,,,9C_1 9C_2 9H_1 9S_1 AH_1 AS_2 JC_2 JS_1 KC_2 KD_1 KS_1 QH_2,10,2,3,4,0,0,0,300,-110,0,1,0.22,-330.8667,-103.8667,,,0,
fold,S,160,50,70,30,10S_1 10S_2 9D_2 AC_1 AD_2 AS_1 JD_2 JH_2 QC_1 QC_2 QS_1 QS_2,40,3,5,3,0,1,0,250,110,0,0,0.4333,,,-141.9333,-280.0,,0
bid,D,-90,200,,,9D_1 9H_1 9H_2 9S_1 9S_2 AD_2 JH_1 JS_2 KC_1 QC_2 QH_2 QS_1,30,1,2,4,0,0,0,300,-290,0,0,0.0467,-476.8667,-53.2667,,,0,
bid,C,200,-90,,,10C_2 10D_1 10D_2 10H_1 9C_1 9C_2 JC_1 JD_1 KH_1 KS_1 QD_2 QH_1,40,0,4,4,0,0,0,300,290,0,0,0.1267,-401.4667,-68.2,,,0,
bid,S,-90,200,,,10H_2 10S_2 9D_2 AC_1 AD_1 AH_2 AS_1 AS_2 JH_2 KS_2 QC_1 QS_2,140,5,5,3,0,0,1,300,-290,0,1,1.0,381.3333,236.2,,,1,
bid,C,200,-90,,,10C_1 10S_1 AC_2 AH_1 JC_2 JD_2 JS_1 KC_2 KD_1 KD_2 KH_2 QD_1,20,2,4,4,0,0,0,340,290,0,1,0.3867,-211.7333,110.6667,,,0,
fold,S,-90,200,290,40,10S_2 AC_1 AD_1 AD_2 AH_2 AS_1 AS_2 JH_2 JS_2 KS_2 QS_1 QS_2,250,6,7,2,1,0,1,330,-290,0,0,1.0,,,452.2667,-370.0,,0
bid,D,260,430,,,10C_2 10D_2 10S_1 10S_2 9C_1 9D_2 9H_2 JD_1 JH_1 JH_2 QC_1 QH_2,10,0,3,4,0,0,0,300,-170,0,0,0.0867,-447.2,-98.2,,,0,
bid,S,430,260,,,10D_1 10H_2 9S_1 9S_2 AH_1 AH_2 AS_2 JD_2 KC_1 KC_2 KD_2 QC_2,40,3,3,3,0,0,0,300,170,0,0,0.1867,-334.1333,197.2667,,,0,
bid,S,260,430,,,10C_1 9C_2 AC_1 AC_2 AD_1 AD_2 AS_1 JS_1 KD_1 KS_2 QD_2 QS_1,60,5,4,4,0,0,0,300,-170,0,1,0.8933,225.2,194.6667,,,1,
bid,H,430,260,,,10H_1 9D_1 9H_1 JC_1 JC_2 JS_2 KH_1 KH_2 KS_1 QD_1 QH_1 QS_2,70,0,5,3,0,0,0,340,170,0,1,0.2733,-305.0667,61.7333,,,0,
fold,S,260,430,210,100,10C_1 10S_1 10S_2 AC_1 AC_2 AS_1 JD_1 JS_1 KD_1 KS_2 QD_2 QS_1,210,3,6,3,1,1,0,330,-170,0,0,1.0,,,212.4,-430.0,,0
bid,S,570,680,,,10C_2 10D_2 10H_1 10S_2 9C_1 9S_2 AD_1 AS_1 JS_2 KH_1 QC_1 QD_1,10,2,4,3,0,0,0,300,-110,0,0,0.1267,-375.2,-70.6,,,0,
bid,H,680,570,,,10S_1 AD_2 AH_1 JC_1 JH_1 KC_1 KH_2 QD_2 QH_1 QH_2 QS_1 QS_2,40,2,5,3,0,0,0,300,110,0,0,0.7533,126.6667,124.8,,,1,
bid,H,570,680,,,10D_1 10H_2 9C_2 9D_2 AC_2 AH_2 JD_1 JH_2 KD_2 KS_1 KS_2 QC_2,0,2,3,4,0,0,0,300,-110,0,1,0.3333,-240.9333,92.4667,,,0,
fold,C,680,570,80,20,10C_1 10S_1 9D_1 9H_1 9H_2 AC_1 JC_2 JD_2 JS_1 KC_2 QS_1 QS_2,40,1,4,4,0,1,0,250,110,0,0,0.16,,,-308.8,-270.0,,1
bid,S,430,590,,,10D_1 10S_1 9H_1 9S_2 AH_2 AS_1 AS_2 JC_2 KC_1 KH_1 QS_1 QS_2,10,3,6,3,0,0,0,300,-160,0,0,0.5867,10.0,41.2,,,0,
bid,H,590,430,,,10C_2 10S_2 AC_2 AH_1 JH_1 JS_1 KH_2 KS_1 QC_1 QC_2 QD_1 QD_2,0,2,3,4,0,0,0,300,160,0,0,0.2267,-296.8,83.6,,,0,
bid,S,430,590,,,10D_2 10H_2 9C_1 9D_1 AC_1 JC_1 JD_1 JD_2 JS_2 KC_2 KD_1 QH_1,0,1,1,5,0,0,0,300,-160,0,1,0.14,-374.4667,-3.1333,,,0,
fold,D,590,430,50,10,9C_2 9D_2 9H_2 9S_1 AD_1 AD_2 AH_1 JH_2 KD_2 QD_1 QD_2 QH_2,50,3,6,4,0,0,0,250,160,0,0,0.3,,,-182.4667,-260.0,,0
bid,H,340,440,,,10C_2 10H_2 9S_1 AC_1 AC_2 AH_1 AS_1 JD_1 JD_2 JS_1 KC_1 QS_1,40,4,2,4,0,1,0,300,-100,0,0,0.62,0.9333,292.0667,,,0,
bid,C,440,340,,,10H_1 10S_2 9C_1 9C_2 AD_2 AS_2 JC_1 JC_2 JH_2 KH_2 QD_1 QS_2,20,2,4,3,0,0,0,300,100,0,0,0.3,-268.1333,56.6,,,0,
bid,H,340,440,,,10C_1 10D_2 9D_1 9H_1 AD_1 JH_1 KD_1 KH_1 KS_1 KS_2 QC_1 QH_2,50,1,4,4,0,0,0,300,-100,0,1,0.32,-262.7333,54.7333,,,0,
fold,D,440,340,130,70,10D_1 9D_2 9H_2 AD_2 JS_2 KC_2 KD_2 QC_2 QD_1 QD_2 QH_1 QS_2,130,1,6,2,0,0,1,250,100,0,0,0.6733,,,-68.2,-320.0,,0
bid,S,690,540,,,10C_2 10D_1 9S_1 9S_2 AC_1 AD_1 JC_2 JD_2 JS_2 KS_1 KS_2 QS_2,100,2,6,3,0,1,0,300,150,0,0,0.7,82.0,2.2,,,1,
bid,C,540,690,,,10C_1 10D_2 10S_1 9C_1 9D_2 AC_2 AS_2 JC_1 KH_1 QC_2 QD_1 QS_1,10,2,5,3,0,0,0,310,-150,0,0,0.6667,20.5333,14.7333,,,1,
bid,H,690,540,,,10H_1 10S_2 9C_2 9H_2 AH_1 AH_2 JH_1 KC_2 KD_1 KD_2 QD_2 QH_1,30,2,6,3,0,0,0,310,150,1,0,0.68,13.8,-12.6667,,,1,
bid,H,540,690,,,10H_2 9D_1 9H_1 AD_2 AS_1 JD_1 JH_2 JS_1 KC_1 KH_2 QC_1 QH_2,70,2,5,3,0,0,0,310,-150,0,1,0.6933,70.4,43.1333,,,1,
bid,S,690,540,,,10C_2 10D_1 9S_1 9S_2 AC_1 AD_1 JC_2 JD_2 JS_2 KS_1 KS_2 QS_2,100,2,6,3,0,1,0,320,150,0,1,0.64,44.4,92.4667,,,0,
bid,H,540,690,,,10H_2 9D_1 9H_1 AD_2 AS_1 JD_1 JH_2 JS_1 KC_1 KH_2 QC_1 QH_2,70,2,5,3,0,0,0,330,-150,0,1,0.5733,-27.6667,35.5333,,,0,
bid,S,690,540,,,10C_2 10D_1 9S_1 9S_2 AC_1 AD_1 JC_2 JD_2 JS_2 KS_1 KS_2 QS_2,100,2,6,3,0,1,0,340,150,0,1,0.5467,-10.8,129.3333,,,0,
bid,S,210,780,,,10C_2 10D_1 10H_1 10S_2 9C_2 9D_1 9H_1 9H_2 AS_2 JD_2 JS_1 KH_2,0,1,3,4,0,0,0,300,-570,0,0,0.1733,-369.2667,-99.6,,,0,
bid,S,780,210,,,AC_1 AC_2 AH_1 AS_1 JC_1 JH_1 JH_2 KC_2 KS_1 KS_2 QD_1 QS_1,40,4,4,4,0,0,0,300,570,0,0,0.82,135.0667,228.0,,,0,
bid,D,210,780,,,10D_2 9D_2 9S_1 AD_1 AD_2 JC_2 JD_1 KC_1 KH_1 QC_2 QD_2 QH_1,50,2,6,3,0,0,0,310,-570,0,1,0.56,-76.8,84.2,,,0,
bid,H,780,210,,,10C_1 10H_2 10S_1 9C_1 9S_2 AH_2 JS_2 KD_1 KD_2 QC_1 QH_2 QS_2,0,1,3,4,0,0,0,310,570,1,0,0.2933,-280.0,41.8667,,,0,
fold,S,780,210,220,50,10S_1 AC_2 AS_1 JC_1 JH_1 JH_2 JS_2 KS_1 KS_2 QD_1 QS_1 QS_2,190,2,7,2,1,0,0,300,570,0,0,1.0,,,246.5333,-350.0,,0
bid,S,0,0,,,10S_1 AH_1 AS_2 JC_1 JD_2 JH_1 JS_2 KC_2 KD_2 QC_1 QC_2 QS_1,100,2,4,4,0,1,1,300,0,0,0,0.5867,-53.6,172.8667,,,0,
bid,D,0,0,,,10D_2 10H_2 10S_2 9D_1 9H_1 9S_1 9S_2 AD_1 AD_2 JD_1 KC_1 QD_1,10,2,6,3,0,0,0,300,0,0,0,0.5267,-109.9333,-66.6667,,,0,
bid,H,0,0,,,10C_2 9C_1 AH_2 JC_2 JS_1 KH_1 KH_2 KS_1 KS_2 QH_1 QH_2 QS_2,100,1,5,4,0,0,0,300,0,0,1,0.5,-133.3333,22.6667,,,0,
fold,D,0,0,170,160,10C_1 10D_1 10H_2 9C_2 9D_2 9H_2 AC_1 AC_2 AD_2 JD_1 KD_1 QD_2,160,3,6,4,1,0,0,250,0,0,0,1.0,,,134.1333,-410.0,,0
bid,S,350,230,,,10D_1 10S_1 AC_2 AD_1 AS_2 JC_1 JH_2 JS_2 KD_2 QC_2 QH_2 QS_1,0,3,4,3,0,0,0,300,120,0,0,0.6067,-18.6,81.3333,,,0,
bid,D,230,350,,,10C_2 10D_2 9D_1 9D_2 9S_2 AC_1 AD_2 AH_1 JC_2 KH_2 KS_2 QD_2,20,3,5,3,0,0,0,300,-120,0,0,0.5333,-77.5333,-29.0,,,0,
bid,H,350,230,,,10H_2 10S_2 9C_1 9H_2 AH_2 AS_1 JD_2 JH_1 KC_1 KC_2 KH_1 QC_1,30,2,5,4,0,0,0,300,120,0,1,0.6533,18.2,19.5333,,,0,
bid,S,230,350,,,10C_1 10H_1 9C_2 9H_1 9S_1 JD_1 JS_1 KD_1 KS_1 QD_1 QH_1 QS_2,110,0,4,3,0,1,0,310,-120,0,1,0.4533,-171.6,4.3333,,,0,
fold,H,350,230,240,90,10D_1 10H_2 9C_1 9H_2 AH_2 JD_2 JH_1 KC_1 KH_1 QC_1 QH_2 QS_1,220,1,6,3,1,1,0,300,120,0,0,1.0,,,191.2,-390.0,,0
bid,C,410,750,,,10C_1 9H_1 9H_2 AD_1 JC_2 JS_1 JS_2 KC_1 KD_2 QC_2 QD_2 QH_2,60,1,4,3,0,0,0,300,-340,0,0,0.5667,-114.2667,-109.6,,,0,
bid,D,750,410,,,10H_1 9C_1 9S_2 AC_1 AD_2 AH_1 JC_1 JD_1 KD_1 KH_1 QD_1 QS_1,80,3,4,3,0,1,0,300,340,0,0,0.8133,122.1333,93.6667,,,1,
bid,C,410,750,,,9C_2 9D_1 AC_2 AH_2 AS_2 JH_1 JH_2 KC_2 KS_2 QC_1 QH_1 QS_2,70,3,4,4,0,0,0,310,-340,0,1,0.7067,51.7333,53.8,,,0,
bid,S,750,410,,,10C_2 10D_1 10D_2 10H_2 10S_1 10S_2 9D_2 9S_1 AS_1 JD_2 KH_2 KS_1,10,1,5,4,0,0,0,310,340,1,0,0.4133,-173.2667,-27.7333,,,0,
fold,D,750,410,200,110,10D_1 10D_2 9C_1 9S_2 AD_2 AH_1 JC_1 JD_1 JD_2 KD_1 QD_1 QS_1,190,2,7,2,1,1,0,300,340,0,0,1.0,,,194.5333,-410.0,,0
bid,C,0,0,,,10D_2 10S_2 9S_1 AS_1 JC_2 JH_1 JH_2 KD_1 KD_2 KH_2 KS_1 KS_2,0,1,1,5,0,0,0,300,0,0,0,0.0133,-459.1333,-37.5333,,,0,
bid,H,0,0,,,10H_1 10S_1 9C_1 9S_2 AC_2 AD_2 AH_1 KC_2 KH_1 QD_1 QH_2 QS_1,40,3,4,3,0,0,0,300,0,0,0,0.8467,145.4667,41.8667,,,1,
bid,D,0,0,,,10C_2 10D_1 9D_2 9H_1 JD_1 JD_2 JS_1 JS_2 QC_1 QC_2 QD_2 QH_1,10,0,5,3,0,0,0,300,0,0,1,0.4067,-190.9333,43.2667,,,0,
fold,C,0,0,140,0,10C_1 10S_1 9C_2 9D_1 AC_1 AC_2 AD_1 AH_2 AS_2 JC_1 KC_1 QS_1,110,5,6,3,0,0,1,250,0,0,0,1.0,,,291.4667,-250.0,,0
bid,S,350,40,,,10C_1 10H_1 10H_2 9C_1 AC_1 AD_2 JD_2 KH_1 KS_2 QC_1 QD_1 QS_2,80,2,2,4,0,1,0,300,310,0,0,0.3467,-238.8,86.1333,,,0,
bid,S,40,350,,,10S_1 10S_2 9D_2 9H_1 9H_2 9S_2 AS_2 JC_2 JD_1 KD_1 KS_1 QH_2,10,1,5,3,0,0,0,300,-310,0,0,0.3467,-217.6,-54.7333,,,0,
bid,H,350,40,,,10C_2 9S_1 AD_1 AH_1 AH_2 AS_1 JH_1 JS_1 JS_2 KC_1 KD_2 QS_1,0,4,3,5,0,0,0,300,310,0,1,0.4067,-195.4667,183.1333,,,0,
fold,C,40,350,70,70,10S_2 9C_2 AC_2 JC_1 JC_2 JD_1 JH_2 KC_2 KH_2 QC_2 QD_2 QH_1,70,1,6,3,0,0,0,250,-310,0,0,0.26,,,-287.3333,-320.0,,0
bid,C,-210,420,,,10C_1 9C_1 9D_1 9D_2 9S_1 AC_2 JC_2 JH_2 KD_2 QC_2 QD_1 QH_1,30,1,5,4,0,0,0,300,-630,0,0,0.5867,-85.4667,-125.7333,,,1,
bid,H,420,-210,,,10H_2 9H_1 AH_2 AS_1 JH_1 KD_1 KH_1 KS_1 QC_1 QD_2 QS_1 QS_2,50,2,5,4,0,0,0,300,630,0,0,0.66,43.9333,89.6667,,,0,
bid,C,-210,420,,,10C_2 10D_2 10H_1 10S_1 9C_2 9H_2 AC_1 AD_1 AD_2 AS_2 JS_2 QH_2,10,4,3,3,0,0,0,300,-630,0,1,0.4733,-150.8,32.8667,,,0,
fold,D,420,-210,360,60,10D_1 10H_2 9S_2 JC_1 JD_1 JD_2 JS_1 KC_1 KC_2 KS_2 QS_1 QS_2,320,0,3,5,0,1,0,250,630,0,0,1.0,,,231.7333,-310.0,,0
bid,D,830,50,,,10H_2 10S_1 9C_1 9D_2 9H_2 AD_1 AD_2 KC_1 KC_2 KD_1 KD_2 QS_1,10,2,5,3,0,0,0,300,780,0,0,0.2,-308.3333,106.8,,,0,
bid,S,50,830,,,10C_1 10D_1 10D_2 10H_1 10S_2 9C_2 9H_1 9S_1 AS_1 JD_2 KH_2 QH_1,30,1,3,4,0,0,0,300,-780,0,0,0.12,-415.0,0.0,,,0,
bid,S,830,50,,,10C_2 9S_2 AH_1 JC_2 JD_1 JS_2 KS_1 KS_2 QD_1 QD_2 QH_2 QS_2,90,1,5,3,0,1,0,300,780,0,1,0.5467,-57.8667,64.6,,,0,
fold,S,50,830,70,90,10S_2 9D_1 AC_2 AS_1 AS_2 JC_1 JD_2 JH_1 JH_2 JS_1 QC_1 QC_2,40,3,4,4,0,0,1,250,-780,0,0,0.2333,,,-316.4667,-340.0,,0
bid,S,0,0,,,10C_2 10D_1 10S_1 9D_1 9H_1 9S_1 AS_1 JD_1 JS_1 KC_1 KD_1 KH_2,10,1,4,4,0,0,0,300,0,0,0,0.2267,-322.8,-97.4667,,,0,
bid,H,0,0,,,10H_2 10S_2 9C_2 AD_1 AD_2 JC_1 JH_2 KD_2 KH_1 QH_1 QH_2 QS_2,40,2,5,3,0,0,0,300,0,0,0,0.6867,56.0667,164.4,,,0,
bid,H,0,0,,,10C_1 10H_1 9D_2 AH_1 AH_2 JC_2 JD_2 JS_2 QC_2 QD_1 QD_2 QS_1,40,2,3,4,0,1,0,300,0,0,1,0.1933,-355.4667,187.5333,,,0,
fold,C,0,0,100,40,9C_1 9H_2 9S_2 AC_1 AC_2 AD_2 JC_1 JH_1 KC_2 KS_1 QC_1 QS_2,70,3,6,3,0,0,0,250,0,0,0,0.48,,,-128.2,-290.0,,0
bid,D,260,130,,,10H_2 9C_1 9D_1 9H_2 9S_1 AC_2 JD_1 JH_1 KH_2 QC_1 QS_1 QS_2,50,1,2,4,0,1,0,300,130,0,0,0.3333,-263.7333,35.4,,,0,
bid,C,130,260,,,10H_1 10S_1 9D_2 AD_2 JC_1 JC_2 JH_2 KC_1 KC_2 KS_1 KS_2 QC_2,40,1,5,3,0,0,0,300,-130,0,0,0.4867,-135.4,-69.4667,,,0,
bid,S,260,130,,,10C_1 10D_2 9C_2 9H_1 9S_2 AC_1 AH_2 AS_1 AS_2 JD_2 KD_1 QH_2,10,4,3,3,0,0,0,300,130,0,1,0.3267,-251.8667,146.8667,,,0,
fold,D,130,260,90,50,10D_1 10H_1 10S_1 AD_1 AD_2 JS_1 JS_2 KD_2 KH_1 QD_1 QD_2 QH_1,60,2,6,3,0,0,0,250,-130,0,0,0.3667,,,-215.7333,-300.0,,0
bid,S,390,390,,,10C_2 9C_2 9S_1 AC_2 AD_1 AD_2 AH_2 AS_2 JH_2 KC_1 KD_2 KH_1,110,5,2,4,0,0,1,300,0,0,0,0.92,146.5333,143.6667,,,1,
bid,D,390,390,,,10S_1 10S_2 9D_2 9S_2 AC_1 JC_1 KC_2 KD_1 KH_2 KS_2 QD_2 QH_1,150,1,3,4,0,0,1,300,0,0,0,0.2267,-357.9333,14.3333,,,0,
bid,H,390,390,,,10C_1 10H_1 10H_2 9C_1 9H_2 JD_2 JH_1 JS_1 JS_2 QC_1 QD_1 QS_2,50,0,4,3,0,1,0,300,0,0,1,0.2533,-337.1333,-6.6667,,,0,
fold,S,390,390,210,150,10S_1 10S_2 9D_1 9H_1 AC_1 AS_1 JC_2 JD_1 KS_1 QC_2 QH_2 QS_1,80,2,5,3,0,1,0,250,0,0,0,1.0,,,96.2667,-400.0,,0
bid,S,750,640,,,10C_1 10D_2 10S_1 9C_2 9H_1 9S_1 AS_1 JD_1 JD_2 JS_2 KC_2 KH_1,10,1,4,3,0,0,0,300,110,0,0,0.3,-259.7333,-22.7333,,,0,
bid,S,640,750,,,10H_1 10H_2 9D_2 9S_2 AC_1 JC_2 JS_1 KD_1 KS_2 QD_1 QH_1 QS_1,70,1,4,3,0,0,0,300,-110,0,0,0.4,-218.4667,24.5333,,,0,
bid,C,750,640,,,10C_2 10D_1 10S_2 9C_1 9D_1 AC_2 AD_1 AD_2 KC_1 KS_1 QC_2 QH_2,50,3,5,4,0,0,0,300,110,0,1,0.92,235.6667,36.2667,,,1,
bid,H,640,750,,,9H_2 AH_1 AH_2 AS_2 JC_1 JH_1 JH_2 KD_2 KH_2 QC_1 QD_2 QS_2,30,3,6,2,0,0,0,340,-110,0,1,0.5933,6.4667,156.6667,,,0,
fold,C,750,640,80,60,10C_2 10D_1 10D_2 9C_1 9D_1 AC_2 AD_1 AD_2 JD_1 JD_2 KC_1 QC_2,50,3,5,7,0,0,0,330,110,0,0,0.0533,,,-390.8667,-390.0,,1
bid,S,740,420,,,10C_1 10S_2 9C_2 9H_1 9S_1 AC_2 AD_2 AS_2 KS_2 QC_1 QC_2 QS_1,50,3,5,5,0,0,0,300,320,0,0,0.8267,149.8,48.7333,,,1,
bid,C,420,740,,,9C_1 9D_1 AC_1 AH_1 JC_1 JD_1 KC_1 KC_2 KH_2 KS_1 QD_1 QD_2,10,2,5,4,0,0,0,300,-320,0,0,0.5,-68.6,51.5333,,,0,
bid,H,740,420,,,10C_2 10D_1 10D_2 10S_1 AD_1 AH_2 AS_1 JH_2 KH_1 QH_1 QH_2 QS_2,40,3,5,3,0,0,0,300,320,0,1,0.92,237.6667,55.6,,,1,
bid,S,420,740,,,10H_1 10H_2 9D_2 9H_2 9S_2 JC_2 JD_2 JH_1 JS_1 JS_2 KD_1 KD_2,50,0,3,4,0,0,1,310,-320,0,1,0.0533,-473.6,11.8,,,0,
fold,H,740,420,150,50,10D_1 AC_2 AD_1 AH_2 AS_1 AS_2 JH_2 KH_1 QH_1 QH_2 QS_1 QS_2,140,5,5,4,0,0,1,300,320,0,0,0.9533,,,221.2667,-350.0,,0
bid,C,0,0,,,10D_1 9C_1 9D_1 9H_1 AC_1 AS_1 JC_2 JD_1 JH_2 KC_2 KD_1 QC_2,50,2,5,4,0,0,0,300,0,0,0,0.7667,73.8,-86.7333,,,1,
bid,S,0,0,,,10D_2 9D_2 9S_2 AC_2 AD_1 AS_2 JC_1 KS_1 KS_2 QC_1 QS_1 QS_2,90,3,6,3,0,0,0,310,0,0,0,0.9667,329.7333,86.2667,,,1,
bid,H,0,0,,,10H_2 10S_1 9C_2 9S_1 AD_2 AH_2 JH_1 KC_1 KD_2 QD_1 QD_2 QH_2,20,2,4,4,0,0,0,320,0,1,0,0.5,-123.4,-2.5333,,,0,
bid,H,0,0,,,10C_1 10C_2 10H_1 10S_2 9H_2 AH_1 JD_2 JS_1 JS_2 KH_1 KH_2 QH_1,50,1,6,3,0,0,0,320,0,1,0,0.74,67.6667,65.1333,,,1,
bid,C,0,0,,,10D_1 9C_1 9D_1 9H_1 AC_1 AS_1 JC_2 JD_1 JH_2 KC_2 KD_1 QC_2,50,2,5,4,0,0,0,320,0,0,1,0.7733,87.4,-53.4,,,1,
fold,S,0,0,260,50,10S_2 9D_2 9S_2 AS_2 JC_1 JD_2 JS_2 KS_1 KS_2 QC_1 QS_1 QS_2,240,1,8,2,1,1,0,310,0,0,0,1.0,,,288.9333,-360.0,,0
bid,C,450,110,,,10H_2 9C_1 9C_2 9H_2 AC_1 AS_1 JD_1 JD_2 JS_1 KD_2 KH_1 QH_2,40,2,3,4,0,0,0,300,340,0,0,0.2267,-299.9333,61.7333,,,0,
bid,C,110,450,,,10C_2 10D_1 9S_2 AC_2 AH_1 AH_2 JC_1 KD_1 KS_1 QC_1 QD_1 QD_2,20,3,4,4,0,0,0,300,-340,0,0,0.66,0.6667,88.3333,,,0,
bid,S,450,110,,,10C_1 10S_1 10S_2 9H_1 9S_1 AD_1 AS_2 JC_2 JH_1 KH_2 KS_2 QS_1,50,2,6,3,0,0,0,300,340,0,1,0.8133,123.6667,-62.0,,,1,
fold,D,110,450,160,40,10D_1 10D_2 9D_1 9D_2 AD_2 JH_2 KC_1 KD_1 QC_2 QD_1 QH_1 QS_2,140,1,7,2,0,0,1,250,-340,0,0,0.8733,,,108.4667,-290.0,,0
bid,H,470,540,,,10H_2 9C_1 9H_1 AD_1 AD_2 AH_1 AS_2 JH_1 KD_2 KH_1 KH_2 QH_1,160,4,7,3,1,0,0,300,-70,0,0,1.0,438.6667,-30.6,,,1,
bid,H,540,470,,,10C_1 10H_1 9H_2 9S_2 AH_2 AS_1 JC_2 JD_1 JD_2 JS_1 QD_1 QS_2,50,2,3,4,0,1,0,340,70,0,0,0.44,-134.8,160.0667,,,0,
bid,C,470,540,,,10C_2 10S_1 10S_2 9C_2 9D_1 9D_2 AC_1 AC_2 JC_1 KD_1 KS_1 QH_2,10,2,5,3,0,0,0,340,-70,1,0,0.16,-361.2667,45.2667,,,0,
bid,C,540,470,,,10D_1 10D_2 9S_1 JH_2 JS_2 KC_1 KC_2 KS_2 QC_1 QC_2 QD_2 QS_1,100,0,4,4,0,0,0,340,70,0,1,0.22,-363.4,86.6667,,,0,
fold,H,470,540,200,110,10H_2 9C_1 9H_1 AC_1 AC_2 AH_1 JH_1 KD_2 KH_1 KH_2 QH_1 QH_2,200,3,8,3,1,0,0,330,-70,0,0,1.0,,,252.9333,-440.0,,0
bid,H,680,890,,,10H_2 9H_1 9S_2 AH_2 AS_1 JC_1 JD_1 KH_2 QD_1 QH_1 QS_1 QS_2,90,2,5,4,0,1,0,300,-210,0,0,0.9,296.0,103.5333,,,1,
bid,D,890,680,,,10C_2 10D_2 10H_1 10S_2 9C_2 9D_1 AH_1 JH_1 JS_1 KD_2 KS_1 QD_2,50,1,4,3,0,0,0,340,210,0,0,0.1533,-398.0667,-31.2667,,,0,
bid,H,680,890,,,10C_1 10D_1 9H_2 9S_1 AC_1 AC_2 AS_2 JD_2 KD_1 KH_1 KS_2 QH_2,50,3,3,3,0,0,0,340,-210,1,0,0.26,-288.4667,260.2,,,0,
bid,C,890,680,,,10S_1 9C_1 9D_2 AD_1 AD_2 JC_2 JH_2 JS_2 KC_1 KC_2 QC_1 QC_2,90,2,6,3,0,0,0,340,210,0,1,0.48,-105.8667,108.4667,,,0,
fold,H,680,890,160,60,10H_2 9H_1 AH_2 JC_1 JD_1 JD_2 KH_1 KH_2 QD_1 QH_1 QH_2 QS_2,130,1,7,3,0,1,0,330,-210,0,0,0.38,,,-220.8667,-390.0,,0
bid,C,0,0,,,10D_2 AD_2 AS_2 JH_1 JS_1 KC_1 KC_2 QC_1 QC_2 QD_2 QH_1 QS_1,140,2,4,3,0,0,1,300,0,0,0,0.6933,33.8667,145.0667,,,0,
bid,H,0,0,,,10S_2 9C_1 9D_2 9S_2 AS_1 JC_1 JD_2 JH_2 KD_2 KH_1 KS_1 QH_2,40,1,3,4,0,0,0,310,0,0,0,0.2933,-304.5333,-7.8,,,0,
bid,H,0,0,,,10H_1 10H_2 9D_1 9H_1 9H_2 AC_1 AC_2 AD_1 AH_2 JD_1 KD_1 QS_2,60,4,5,4,0,1,0,310,0,1,0,0.8133,182.3333,215.6,,,0,
bid,C,0,0,,,10C_1 10C_2 10D_1 10S_1 9C_2 9S_1 AH_1 JC_2 JS_2 KH_2 KS_2 QD_1,10,1,4,4,0,0,0,310,0,0,1,0.1333,-384.2667,-77.5333,,,0,
fold,C,0,0,280,40,AC_2 JD_1 JH_1 JS_1 KC_1 KC_2 QC_1 QC_2 QD_2 QH_1 QS_1 QS_2,180,1,5,3,0,1,1,300,0,0,0,1.0,,,247.7333,-340.0,,0
bid,D,130,440,,,10C_1 10H_2 9D_1 9D_2 9H_2 AC_1 JD_1 JH_2 KD_1 QC_1 QD_2 QS_2,100,1,5,3,0,1,0,300,-310,0,0,0.5867,-43.8,-29.8667,,,0,
bid,S,440,130,,,10D_2 10H_1 9H_1 AS_1 AS_2 JC_1 JC_2 JH_1 KD_2 KH_1 KH_2 KS_1,0,2,3,5,0,0,0,310,310,0,0,0.06,-435.6667,136.0,,,0,
bid,C,130,440,,,10C_2 9C_1 9C_2 AD_1 JS_2 KC_1 KC_2 KS_2 QC_2 QH_1 QH_2 QS_1,80,1,6,3,0,0,0,310,-310,1,0,0.5733,-15.0667,117.8,,,0,
bid,D,440,130,,,10D_1 10S_1 10S_2 9S_1 9S_2 AC_2 AD_2 AH_1 AH_2 JD_2 JS_1 QD_1,0,4,4,5,0,0,0,310,310,0,1,0.6533,2.0,234.2,,,0,
fold,D,130,440,120,0,10C_2 9D_1 9D_2 9H_2 AD_1 JD_1 JH_2 KD_1 QC_1 QD_2 QS_1 QS_2,100,1,6,2,0,1,0,300,-310,0,0,0.1867,,,-289.4667,-300.0,,0
bid,C,580,-170,,,10C_1 10C_2 10H_1 10H_2 9C_1 AC_2 AD_2 AH_1 AS_2 KH_1 QD_2 QS_2,110,4,4,4,0,0,1,300,750,0,0,0.9867,312.3333,262.4,,,1,
bid,D,-170,580,,,10D_1 10S_2 9D_1 AC_1 AS_1 JC_1 KC_1 KD_1 KD_2 KH_2 KS_2 QD_1,130,2,5,3,0,0,1,300,-750,0,0,0.5,-115.2,24.4,,,0,
bid,D,580,-170,,,10D_2 9C_2 9D_2 9H_1 9H_2 AD_1 JD_1 JD_2 JS_1 KC_2 KS_1 QS_1,70,1,5,3,0,1,0,300,750,0,1,0.6533,8.4667,-56.2667,,,1,
fold,S,-170,580,140,180,10D_1 10S_1 10S_2 9S_1 9S_2 AS_1 JC_2 JH_1 JS_2 QC_1 QC_2 QH_1,20,1,6,3,0,0,0,250,-750,0,0,0.8067,,,-89.1333,-430.0,,0
bid,D,120,860,,,10C_1 10D_2 9D_2 AD_1 AD_2 AS_1 JC_1 JD_1 JH_1 KC_2 KS_1 QD_1,10,3,6,3,0,0,0,300,-740,0,0,0.6533,15.2667,88.1333,,,0,
bid,S,860,120,,,10H_2 9D_1 9H_2 9S_1 9S_2 AC_2 AS_2 JC_2 JS_1 JS_2 QC_1 QS_2,20,2,6,3,0,0,0,300,740,0,0,0.4333,-143.1333,-49.2667,,,0,
bid,H,120,860,,,10H_1 10S_1 AH_1 AH_2 JH_2 KC_1 KD_2 KH_2 KS_2 QD_2 QH_1 QS_1,270,2,6,3,1,0,1,300,-740,0,1,0.9867,221.2667,252.6,,,0,
fold,C,860,120,80,140,10C_2 10H_2 9C_1 9C_2 9H_1 AC_1 AC_2 JD_2 KH_1 QC_2 QH_2 QS_2,80,2,6,4,0,1,0,250,740,0,0,0.2933,,,-342.6,-390.0,,0
bid,H,610,380,,,10H_1 9D_1 9H_1 AC_2 AD_2 AH_1 JD_1 JS_2 KS_2 QC_1 QD_1 QS_1,70,3,3,4,0,1,0,300,230,0,0,0.4733,-142.2,84.1333,,,0,
bid,S,380,610,,,10C_1 10C_2 10D_2 10S_1 10S_2 9C_2 AS_1 AS_2 JC_2 JH_1 KC_1 QH_2,0,2,4,5,0,0,0,300,-230,0,0,0.0933,-431.4,22.5333,,,0,
bid,H,610,380,,,10H_2 9C_1 9H_2 9S_1 AC_1 JH_2 JS_1 KC_2 KD_2 KH_2 QC_2 QH_1,70,1,5,4,0,0,0,300,230,0,1,0.66,1.1333,-32.3333,,,1,
bid,D,380,610,,,10D_1 9D_2 9S_2 AD_1 AH_2 JC_1 JD_2 KD_1 KH_1 KS_1 QD_2 QS_2,220,2,6,3,1,1,0,310,-230,0,1,1.0,351.7333,119.2,,,1,
bid,H,610,380,,,10H_2 9C_1 9H_2 9S_1 AC_1 JH_2 JS_1 KC_2 KD_2 KH_2 QC_2 QH_1,70,1,5,4,0,0,0,320,230,0,1,0.6667,17.6667,-74.4667,,,1,
fold,D,380,610,240,110,10D_1 10D_2 10S_1 9D_2 AD_1 AS_2 JC_1 JD_2 KD_1 KS_1 QD_2 QS_2,220,2,7,4,1,1,0,310,-230,0,0,1.0,,,247.6,-420.0,,0
bid,C,840,750,,,10C_1 10C_2 10H_1 9H_2 AC_1 JC_1 JS_1 KC_2 KD_1 KS_1 KS_2 QS_2,20,1,5,4,0,0,0,300,90,0,0,0.46,-157.0,43.0,,,0,
bid,C,750,840,,,10S_2 9C_1 9C_2 9D_1 9H_1 AC_2 AD_2 JC_2 KH_1 KH_2 QC_2 QS_1,20,2,5,3,0,0,0,300,-90,0,0,0.4533,-128.0667,31.8667,,,0,
bid,D,840,750,,,10D_1 10H_2 9S_1 AD_1 AH_1 AH_2 AS_1 JD_2 JH_1 KC_1 QC_1 QD_2,20,4,4,4,0,0,0,300,90,0,1,0.7,57.4,172.9333,,,0,
fold,D,750,840,230,40,10D_2 9D_2 9S_2 AC_2 AD_2 JD_1 JH_2 JS_2 KD_2 QD_1 QH_2 QS_1,200,2,6,3,1,1,0,250,-90,0,0,1.0,,,266.1333,-290.0,,0
bid,S,0,0,,,10H_2 9C_1 9D_2 9H_2 9S_2 AH_2 AS_1 AS_2 JD_1 KS_2 QC_2 QS_1,90,3,5,3,0,1,0,300,0,0,0,0.72,54.7333,107.2667,,,0,
bid,D,0,0,,,10D_1 9C_2 9H_1 AD_2 JC_1 JH_1 JS_2 KC_1 KD_1 KD_2 KS_1 QD_1,40,1,5,3,0,0,0,300,0,0,0,0.5333,-135.2667,-98.9333,,,0,
bid,C,0,0,,,10C_1 10H_1 9D_1 AC_2 JD_2 JH_2 JS_1 KC_2 KH_1 QC_1 QH_1 QS_2,100,1,4,4,0,1,0,300,0,0,1,0.7,0.2667,13.8667,,,0,
fold,H,0,0,70,170,10C_2 10D_1 9S_1 AC_1 AD_1 AD_2 AH_1 JC_2 JH_1 KH_2 QD_2 QH_2,40,4,4,4,0,0,0,250,0,0,0,0.5467,,,-211.6667,-420.0,,0
bid,C,-250,280,,,10C_2 10S_1 9C_2 9D_1 9H_1 9S_1 AD_1 AS_1 KC_1 KC_2 QC_2 QD_2,50,2,5,3,0,0,0,300,-530,0,0,0.62,-19.4,-106.4667,,,1,
bid,H,280,-250,,,10D_2 10S_2 9S_2 AC_2 AH_1 AH_2 JC_1 JD_1 JD_2 KD_1 KS_1 QS_2,60,3,2,4,0,1,0,300,530,0,0,0.38,-199.6,301.4,,,0,
bid,H,-250,280,,,10H_1 9H_2 AD_2 AS_2 JC_2 JH_1 JH_2 JS_2 KH_2 QD_1 QH_1 QH_2,50,2,7,2,0,0,0,300,-530,0,1,0.72,129.1333,-38.4667,,,1,
fold,S,280,-250,350,50,9C_1 9D_2 AC_1 JD_1 JD_2 JS_1 KD_2 KH_1 KS_2 QC_1 QS_1 QS_2,340,1,4,4,0,1,0,250,530,0,0,1.0,,,274.5333,-300.0,,0
bid,D,740,-60,,,10C_2 9C_2 9D_1 AD_1 AD_2 JC_1 JD_2 JS_1 JS_2 KS_1 QC_2 QD_2,10,2,5,4,0,0,0,300,800,0,0,0.34,-234.7333,69.0667,,,0,
bid,S,-60,740,,,10S_2 9S_1 AH_2 AS_1 AS_2 JD_1 KC_2 KD_1 KD_2 KS_2 QH_1 QS_1,90,3,6,3,0,1,0,300,-800,0,0,0.8733,214.7333,180.3333,,,1,
bid,C,740,-60,,,10C_1 10D_2 10H_2 9D_2 9H_1 AC_2 JC_2 JH_1 JH_2 KH_1 KH_2 QD_1,0,1,3,6,0,0,0,340,800,0,1,0.14,-373.4,-82.6667,,,0,
bid,C,-60,740,,,10D_1 10H_1 10S_1 9C_1 9H_2 9S_2 AC_1 AH_1 KC_1 QC_1 QH_2 QS_2,50,2,4,4,0,0,0,340,-800,1,0,0.3133,-264.7333,95.0667,,,0,
fold,S,-60,740,120,0,10S_1 10S_2 9S_1 AC_1 AS_1 AS_2 JD_1 KD_1 KS_2 QH_1 QS_1 QS_2,90,3,8,2,0,1,0,330,-800,0,0,0.3667,,,-141.5333,-330.0,,0
bid,C,-390,830,,,10C_1 10H_1 10S_2 9C_2 9D_2 AD_1 JC_2 JS_2 KC_1 KD_1 QC_1 QH_1,50,1,5,3,0,0,0,300,-1220,0,0,0.6333,-35.3333,-108.1333,,,1,
bid,S,830,-390,,,9D_1 9H_1 9S_2 AC_2 AS_1 JD_2 JH_1 JH_2 KC_2 QD_1 QD_2 QS_2,50,2,3,4,0,1,0,300,1220,0,0,0.2,-343.5333,115.3333,,,0,
bid,S,-390,830,,,10S_1 9C_1 9H_2 9S_1 AD_2 AH_2 AS_2 JC_1 JD_1 JS_1 KH_2 KS_2,10,3,5,3,0,0,0,310,-1220,0,1,0.72,98.8667,-20.2667,,,1,
bid,H,830,-390,,,10C_2 10D_1 10D_2 10H_2 AC_1 AH_1 KD_2 KH_1 KS_1 QC_2 QH_2 QS_1,60,2,4,3,0,0,0,310,1220,1,0,0.6533,-21.8,150.7333,,,0,
fold,S,830,-390,130,30,9H_1 9S_2 AH_1 AS_1 JD_2 JH_1 JH_2 KS_1 QD_1 QD_2 QS_1 QS_2,90,2,5,4,0,1,0,300,1220,0,0,0.4467,,,-143.6667,-330.0,,0
bid,S,530,-210,,,10C_2 10S_1 9D_2 AD_1 AS_1 AS_2 JD_1 JS_1 KC_1 QC_2 QD_2 QS_2,60,3,5,4,0,1,0,300,740,0,0,0.7333,63.7333,38.6667,,,1,
bid,D,-210,530,,,10D_2 10H_1 9D_1 9S_1 AC_2 AD_2 JC_1 JD_2 KD_1 KD_2 KH_1 KS_1,10,2,6,2,0,0,0,340,-740,0,0,0.54,-52.9333,28.4,,,0,
bid,S,530,-210,,,10D_1 10S_2 9C_1 9C_2 9S_2 AC_1 JH_2 JS_2 KC_2 KS_2 QD_1 QS_1,50,1,5,4,0,0,0,340,740,1,0,0.4933,-121.5333,38.8,,,0,
bid,H,-210,530,,,10C_1 10H_2 9H_1 9H_2 AH_1 AH_2 JC_2 JH_1 KH_2 QC_1 QH_1 QH_2,170,2,9,3,1,0,0,340,-740,0,1,1.0,421.6667,-175.3333,,,1,
bid,S,530,-210,,,10C_2 10S_1 9D_2 AD_1 AS_1 AS_2 JD_1 JS_1 KC_1 QC_2 QD_2 QS_2,60,3,5,4,0,1,0,350,740,0,1,0.6133,-11.3333,235.4,,,0,
fold,H,-210,530,210,80,10H_1 10H_2 9H_1 9H_2 AH_1 AH_2 JD_2 JH_1 KH_1 KH_2 QH_1 QH_2,210,2,11,1,1,0,0,340,-740,0,0,1.0,,,329.3333,-420.0,,0
bid,C,230,630,,,10D_1 10S_2 9C_2 AC_1 AC_2 AD_1 AH_2 JH_2 JS_1 QC_1 QD_2 QS_2,10,4,4,3,0,0,0,300,-400,0,0,0.6,-25.0,122.4667,,,0,
bid,H,630,230,,,10C_2 10D_2 10H_2 9H_1 9H_2 9S_2 AH_1 JC_2 KH_2 KS_2 QC_2 QH_2,60,1,6,3,0,0,0,300,400,0,0,0.76,61.2,-142.0,,,1,
bid,H,230,630,,,10C_1 10H_1 9D_2 9S_1 JH_1 JS_2 KC_1 KD_1 KD_2 KH_1 KS_1 QH_1,120,0,4,3,0,0,1,300,-400,0,1,0.3467,-296.8,-12.2,,,0,
fold,D,630,230,90,110,10C_2 10D_2 10S_1 9D_1 AD_2 AH_1 AS_1 AS_2 JD_1 JD_2 QD_1 QS_1,50,4,6,4,0,1,0,250,400,0,0,0.96,,,112.4667,-360.0,,0
bid,S,900,410,,,10C_2 10H_2 10S_1 9S_1 JC_2 JD_1 JD_2 JS_2 KH_1 KS_1 QC_2 QS_1,90,0,5,3,0,1,0,300,490,0,0,0.6867,58.0667,-1.3333,,,1,
bid,H,410,900,,,10D_1 10D_2 10S_2 9D_2 9H_1 9H_2 AC_2 AD_2 AH_2 JS_1 KD_1 QC_1,20,3,3,5,0,0,0,300,-490,0,0,0.24,-303.8667,-28.6667,,,0,
bid,H,900,410,,,10C_1 10H_1 9C_1 9C_2 AS_2 JH_1 JH_2 KC_1 KH_2 QD_1 QH_1 QS_2,40,1,5,4,0,0,0,300,490,0,1,0.6267,-15.8667,22.8667,,,0,
fold,D,410,900,180,80,10D_1 10D_2 9D_1 AC_1 AD_1 AD_2 AH_1 AS_1 JC_1 KD_2 QD_2 QH_2,150,5,7,2,0,0,1,250,-490,0,0,1.0,,,264.6667,-330.0,,0
bid,D,840,980,,,10C_1 10D_2 10S_1 10S_2 9H_2 9S_2 JC_1 JC_2 JD_1 JS_2 KD_2 QD_1,40,0,4,4,0,0,0,300,-140,0,0,0.4667,-188.8,-73.4,,,0,
bid,S,980,840,,,10D_1 9C_1 9D_1 9D_2 AC_1 AH_2 JH_1 KD_1 KH_2 KS_2 QC_2 QS_2,40,2,2,4,0,0,0,300,140,0,0,0.1867,-383.4667,102.0,,,0,
bid,D,840,980,,,10C_2 10H_1 10H_2 9C_2 9S_1 AC_2 AD_1 AD_2 JH_2 KC_1 QD_2 QH_2,0,3,3,4,0,0,0,300,-140,0,1,0.1867,-359.3333,42.7333,,,0,
fold,S,980,840,160,40,AC_1 AS_2 JD_2 JS_1 KC_2 KH_1 KS_1 KS_2 QC_1 QH_1 QS_1 QS_2,160,2,6,3,0,1,0,250,140,0,0,0.96,,,177.6,-290.0,,0
bid,C,0,0,,,9C_2 AD_2 AH_2 AS_2 JD_2 JS_1 KC_1 KD_1 KD_2 QC_1 QS_1 QS_2,90,3,3,4,0,1,0,300,0,0,0,0.74,152.4667,117.8,,,1,
bid,S,0,0,,,10D_1 9C_1 9D_1 9H_1 9H_2 9S_1 9S_2 AS_1 JC_1 KC_2 QD_1 QD_2,20,1,3,4,0,0,0,340,0,0,0,0.0133,-449.6,-35.4667,,,0,
bid,D,0,0,,,10C_1 10D_2 10S_2 9D_2 JD_1 JH_1 JH_2 JS_2 KH_1 KH_2 KS_1 QC_2,10,0,3,4,0,0,0,340,0,1,0,0.0333,-458.8667,10.0667,,,0,
bid,D,0,0,,,10C_2 10H_1 10H_2 10S_1 AC_1 AC_2 AD_1 AH_1 JC_2 KS_2 QH_1 QH_2,0,4,1,5,0,0,0,340,0,0,1,0.0067,-480.8667,94.8,,,0,
fold,C,0,0,350,10,10C_1 9C_2 AD_2 JD_1 JD_2 JS_1 KC_1 KD_1 QC_1 QC_2 QS_1 QS_2,350,1,5,4,0,1,0,330,0,0,0,1.0,,,354.5333,-340.0,,0
bid,H,190,420,,,10C_2 10H_1 9S_2 AC_1 AC_2 AD_2 AH_2 JD_1 JH_1 JS_1 KC_2 KD_1,0,4,3,4,0,0,0,300,-230,0,0,0.5733,-47.8667,45.6667,,,0,
bid,C,420,190,,,10C_1 AD_1 AH_1 JC_2 JD_2 JH_2 KC_1 KD_2 KH_2 KS_1 QC_1 QC_2,120,2,5,3,0,0,1,300,230,0,0,0.6067,-8.0,149.4667,,,0,
bid,S,190,420,,,10D_2 10H_2 10S_1 10S_2 9C_2 9D_2 9H_2 AS_2 JC_1 JS_2 QD_1 QH_1,0,1,4,3,0,0,0,300,-230,0,1,0.1933,-350.6667,-131.2,,,0,
fold,S,420,190,190,10,10C_1 9C_1 9H_1 9S_1 AS_1 JD_2 KH_1 KS_1 KS_2 QH_2 QS_1 QS_2,150,1,6,3,0,1,0,250,230,0,0,0.9933,,,214.8667,-260.0,,0
bid,D,730,330,,,9D_1 9D_2 9H_1 9S_1 AD_2 AS_2 JH_2 KD_1 KD_2 QC_1 QD_1 QS_1,60,2,6,3,0,0,0,300,400,0,0,0.76,132.0,-15.2667,,,1,
bid,C,330,730,,,10D_1 10S_1 9C_1 9C_2 AC_1 AC_2 JD_1 JH_1 KH_2 KS_1 QC_2 QS_2,80,2,5,3,0,1,0,310,-400,0,0,0.34,-232.0667,139.8667,,,0,
bid,H,730,330,,,10C_1 10H_1 10H_2 9H_2 9S_2 JD_2 JS_2 KC_1 KC_2 KH_1 QD_2 QH_2,50,0,5,3,0,0,0,310,400,1,0,0.3267,-244.5333,-11.8667,,,0,
bid,S,330,730,,,10C_2 10D_2 10S_2 AD_1 AH_1 AH_2 AS_1 JC_1 JC_2 JS_1 KS_2 QH_1,0,4,4,3,0,0,0,310,-400,0,1,0.6467,3.2667,113.4,,,0,
fold,D,730,330,120,60,10C_1 9D_1 9D_2 9H_1 AD_2 JD_2 JH_2 KD_1 KD_2 QC_1 QD_1 QD_2,100,1,8,2,0,0,0,300,400,0,0,0.5133,,,-114.6667,-360.0,,0
bid,H,520,430,,,10H_1 9C_1 9C_2 9S_2 AC_2 AH_2 AS_2 JC_2 KC_1 KH_2 QD_2 QH_2,40,3,4,5,0,0,0,300,90,0,0,0.86,128.4,-59.5333,,,1,
bid,D,430,520,,,10C_1 10D_1 9D_1 9D_2 AD_1 AD_2 JC_1 JH_1 JS_2 KC_2 KD_2 QS_1,20,2,6,3,0,0,0,300,-90,0,0,0.32,-214.1333,-22.3333,,,0,
bid,S,520,430,,,10D_2 10S_2 9H_2 9S_1 AH_1 AS_1 JH_2 JS_1 KD_1 QC_1 QC_2 QD_1,30,2,4,3,0,0,0,300,90,0,1,0.2,-342.6667,22.0667,,,0,
fold,H,430,520,390,70,10H_2 9H_1 AD_2 JD_1 JD_2 JH_1 KH_1 KS_1 KS_2 QH_1 QS_1 QS_2,390,1,5,4,0,1,0,250,-90,0,0,1.0,,,332.2667,-320.0,,0
bid,H,910,750,,,10C_2 9C_2 9H_2 AH_2 AS_1 JD_1 JH_1 KC_1 KD_2 QH_1 QH_2 QS_2,50,2,5,3,0,1,0,300,160,0,0,0.6,-20.0,97.8667,,,0,
bid,D,750,910,,,10S_2 9D_1 9S_2 AD_2 AH_1 JC_2 JS_1 KD_1 KS_1 KS_2 QC_2 QD_2,50,2,4,5,0,0,0,300,-160,0,0,0.4467,-169.1333,-101.8,,,0,
bid,D,910,750,,,10C_1 10D_2 10H_1 10H_2 9D_2 9H_1 AC_1 AD_1 JC_1 JD_2 KH_2 QS_1,50,2,4,4,0,1,0,310,160,0,1,0.46,-160.6667,68.7333,,,0,
bid,C,750,910,,,10D_1 10S_1 9C_1 9S_1 AC_2 AS_2 JH_2 JS_2 KC_2 KH_1 QC_1 QD_1,50,2,4,4,0,0,0,310,-160,1,0,0.4867,-138.3333,-50.2667,,,0,
fold,D,750,910,70,90,10D_1 10S_1 9D_1 9S_2 AD_2 JC_2 JS_1 KD_1 KS_2 QC_2 QD_1 QD_2,50,1,6,4,0,0,0,300,-160,0,0,0.0333,,,-470.0667,-390.0,,1
bid,D,0,0,,,9C_2 9S_1 AC_2 AD_1 AH_2 JD_1 JH_2 JS_2 KS_1 QC_1 QH_1 QH_2,0,3,2,4,0,0,0,300,0,0,0,0.1333,-378.1333,77.3333,,,0,
bid,S,0,0,,,10D_1 9D_1 AD_2 AH_1 AS_1 AS_2 JC_1 JC_2 JS_1 KD_1 KH_1 KH_2,0,4,3,4,0,0,0,300,0,0,0,0.22,-305.8,188.1333,,,0,
bid,C,0,0,,,10D_2 10H_2 10S_2 9C_1 9D_2 9H_1 AC_1 JH_1 KC_1 QC_2 QD_1 QS_1,50,1,4,3,0,0,0,300,0,0,1,0.42,-217.6,-10.4,,,0,
fold,S,0,0,220,30,10S_1 9H_2 9S_2 AS_1 AS_2 JD_2 JS_1 KC_2 KD_2 KS_2 QD_2 QS_2,220,2,7,3,1,1,0,250,0,0,0,1.0,,,248.8,-280.0,,0
bid,D,380,120,,,10S_1 9D_1 AD_2 AH_1 KC_1 KD_1 KD_2 KS_1 QC_1 QD_1 QH_2 QS_2,150,2,5,3,0,0,1,300,260,0,0,0.7133,53.9333,243.2667,,,0,
bid,S,120,380,,,10C_1 10C_2 10D_2 10H_1 AH_2 JC_1 JC_2 JD_2 JS_1 KS_2 QC_2 QS_1,80,1,3,5,0,1,0,300,-260,0,0,0.4467,-186.1333,4.2,,,0,
bid,S,380,120,,,10D_1 10H_2 9C_2 9D_2 9H_2 9S_2 AC_2 JH_1 JS_2 KC_2 KH_1 KH_2,10,1,2,5,0,0,0,300,260,0,1,0.02,-484.2,-122.0667,,,0,
fold,S,120,380,90,150,10S_2 9C_1 9H_1 9S_1 AS_1 AS_2 JD_1 JD_2 JH_2 KS_2 QD_2 QS_1,90,2,6,3,0,1,0,250,-260,0,0,0.3533,,,-318.4,-400.0,,0
bid,C,370,620,,,10C_2 10H_1 9S_2 AC_1 AS_2 KC_1 KH_1 KS_2 QC_1 QC_2 QD_2 QH_2,60,2,5,3,0,0,0,300,-250,0,0,0.8,97.8,29.1333,,,1,
bid,H,620,370,,,10H_2 9C_2 9D_1 AD_2 AH_1 AS_1 JC_1 JH_1 JH_2 KH_2 QS_1 QS_2,0,3,5,3,0,0,0,300,250,0,0,0.84,219.0,127.5333,,,1,
bid,D,370,620,,,10D_2 10S_1 9H_1 AH_2 JD_1 JS_1 JS_2 KC_2 KD_2 KS_1 QD_1 QH_1,40,1,4,4,0,0,0,340,-250,0,1,0.42,-209.4,89.2,,,0,
bid,D,620,370,,,10C_1 10D_1 10S_2 9C_1 9D_2 9H_2 9S_1 AC_2 AD_1 JC_2 JD_2 KD_1,10,2,5,4,0,0,0,340,250,1,0,0.34,-237.0,-10.7333,,,0,
bid,S,290,460,,,9D_1 9D_2 9H_2 9S_1 9S_2 JD_1 JS_1 JS_2 KD_2 KS_1 QC_1 QH_2,20,0,5,4,0,0,0,300,-170,0,0,0.22,-308.9333,-130.7333,,,0,
bid,C,460,290,,,10S_1 AC_1 AC_2 AD_1 AH_1 AS_2 JC_2 JD_2 KC_1 KS_2 QD_1 QH_1,100,5,4,3,0,0,1,300,170,0,0,0.9333,249.8667,265.3333,,,0,
bid,S,290,460,,,10D_1 10D_2 10H_1 10H_2 10S_2 9C_2 AS_1 JC_1 JH_1 JH_2 KH_2 QC_2,0,1,2,5,0,0,0,300,-170,0,1,0.0267,-464.6667,-149.6667,,,0,
fold,D,460,290,80,20,9C_1 9H_1 AD_1 AD_2 JD_2 KC_2 KD_1 KH_1 QD_1 QD_2 QS_1 QS_2,80,2,6,2,0,1,0,250,170,0,0,0.2867,,,-238.1333,-270.0,,0
bid,S,760,340,,,10H_2 AH_2 AS_1 JS_1 KC_1 KD_2 KH_1 KS_1 KS_2 QC_1 QD_2 QS_2,160,2,5,3,0,0,1,300,420,0,0,0.8,110.0667,186.4667,,,0,
bid,D,340,760,,,10H_1 AC_1 AC_2 AD_2 JC_1 JD_1 JH_1 JS_2 KD_1 QD_1 QH_2 QS_1,120,3,4,3,0,1,1,300,-420,0,0,0.8,111.3333,207.3333,,,0,
bid,C,760,340,,,10C_1 10S_1 10S_2 9C_2 9D_1 9D_2 9H_1 AH_1 JD_2 KC_2 QC_2 QH_1,50,1,4,3,0,0,0,300,420,0,1,0.36,-256.2667,-73.6,,,0,
fold,S,340,760,120,180,9C_1 9H_2 9S_1 9S_2 AD_1 AS_2 JC_2 JD_1 JH_2 JS_2 KH_2 QS_1,100,2,5,3,0,1,1,250,-420,0,0,0.74,,,-146.5333,-430.0,,0
bid,C,0,0,,,10C_1 10C_2 9C_1 9C_2 9D_2 9S_2 AC_1 AC_2 JH_1 JH_2 KD_2 QH_2,20,2,6,3,0,0,0,300,0,0,0,0.26,-271.4,-80.1333,,,0,
bid,S,0,0,,,10D_2 10S_2 9D_1 9H_2 AH_2 JC_1 JC_2 KS_1 QC_1 QD_1 QH_1 QS_2,100,1,3,3,0,0,1,300,0,0,0,0.2467,-328.5333,98.2,,,0,
bid,S,0,0,,,10D_1 10H_1 10H_2 10S_1 9H_1 9S_1 AD_1 AS_2 JS_1 KD_1 KH_1 QS_1,10,2,5,4,0,0,0,300,0,0,1,0.6133,-21.6,-4.7333,,,0,
fold,C,0,0,140,20,AD_2 AS_1 JC_1 JD_1 JD_2 JS_2 KC_1 KC_2 QC_1 QC_2 QD_2 QS_2,120,2,5,4,0,1,0,250,0,0,0,0.84,,,84.8667,-270.0,,0
bid,C,280,130,,,9C_2 9D_1 9H_1 AD_1 AS_1 JC_1 JC_2 JD_1 KC_1 QC_1 QC_2 QD_2,50,2,6,4,0,0,0,300,150,0,0,0.5733,-16.0667,-28.1333,,,1,
bid,S,130,280,,,10H_2 10S_1 9S_1 9S_2 JS_1 JS_2 KC_2 KD_1 KS_1 KS_2 QH_1 QS_1,60,0,8,2,0,0,0,300,-150,0,0,0.7467,103.2,-100.8,,,1,
bid,H,280,130,,,10C_1 10C_2 10D_1 10D_2 10S_2 9H_2 AD_2 AH_1 AH_2 AS_2 JH_1 KH_1,10,4,5,3,0,0,0,300,150,0,1,0.6467,-15.1333,58.2667,,,0,
fold,H,130,280,100,40,10H_1 10H_2 9C_1 JD_2 JH_2 KD_2 KH_2 QD_1 QH_1 QH_2 QS_1 QS_2,100,0,6,3,0,1,0,250,-150,0,0,0.3733,,,-214.2,-290.0,,0
bid,D,-120,480,,,10C_2 10D_2 10H_1 10S_1 9C_1 AD_1 AH_1 JC_1 JD_2 JS_1 KS_1 QH_1,0,2,3,3,0,0,0,300,-600,0,0,0.1933,-348.9333,-16.0,,,0,
bid,S,480,-120,,,10D_1 9C_2 9H_1 AD_2 AS_1 JC_2 JH_2 KC_1 KC_2 KS_2 QH_2 QS_1,40,2,3,4,0,0,0,300,600,0,0,0.3067,-278.8,67.2667,,,0,
bid,S,-120,480,,,9D_2 9H_2 9S_1 9S_2 AC_2 AH_2 JD_1 JH_1 KH_1 KH_2 QC_1 QC_2,20,2,2,5,0,0,0,300,-600,0,1,0.1267,-394.2,39.8,,,0,
fold,S,480,-120,190,20,10S_2 9D_1 AS_1 AS_2 JS_2 KD_1 KD_2 KS_2 QD_1 QD_2 QS_1 QS_2,190,2,7,5,1,0,0,250,600,0,0,1.0,,,193.3333,-270.0,,0
bid,D,890,-70,,,10C_1 10D_1 9D_2 9H_2 AD_2 AS_1 JH_1 KC_1 KD_2 QH_2 QS_1 QS_2,10,2,4,3,0,0,0,300,960,0,0,0.3733,-176.2,50.8667,,,0,
bid,C,-70,890,,,10C_2 10H_2 10S_1 10S_2 9H_1 9S_2 AC_2 AD_1 JC_2 JD_2 KS_2 QC_2,0,2,4,4,0,0,0,300,-960,0,0,0.5267,-111.8667,16.6,,,0,
bid,H,890,-70,,,10D_2 10H_1 9C_2 9D_1 AS_2 JC_1 JH_2 KD_1 KH_1 KS_1 QD_2 QH_1,60,1,4,4,0,0,0,300,960,0,1,0.54,-126.3333,-86.8667,,,0,
fold,C,-70,890,50,50,10C_2 9C_1 9S_1 AC_1 AC_2 JD_1 JD_2 JS_1 JS_2 KC_2 QC_1 QD_1,50,2,6,3,0,0,0,250,-960,0,0,0.18,,,-320.0,-300.0,,1
bid,D,-320,940,,,10C_2 10D_1 10H_2 AC_1 AD_1 AD_2 KC_2 KD_2 KS_2 QD_1 QH_1 QH_2,40,3,5,3,0,0,0,300,-1260,0,0,0.62,-45.0667,43.6,,,0,
bid,D,940,-320,,,10H_1 10S_1 9C_1 9C_2 9S_1 AH_2 JC_2 JH_2 JS_1 KD_1 QC_1 QD_2,40,1,2,4,0,0,0,300,1260,0,0,0.0933,-480.0667,-88.9333,,,0,
bid,S,-320,940,,,10C_1 10S_2 9D_2 9H_2 AC_2 AH_1 AS_1 AS_2 JH_1 JS_2 KS_1 QS_2,150,4,6,3,1,0,0,300,-1260,0,1,1.0,329.4667,55.8667,,,1,
bid,C,940,-320,,,10D_2 9D_1 9H_1 9S_2 JC_1 JD_1 JD_2 KC_1 KH_1 KH_2 QC_2 QS_1,80,0,3,4,0,1,0,340,1260,0,1,0.48,-138.3333,108.6667,,,0,
fold,S,-320,940,170,100,10S_2 9D_2 9H_2 AC_1 AD_1 AS_1 AS_2 JH_1 JS_2 KS_1 KS_2 QS_2,150,4,7,2,1,0,0,330,-1260,0,0,0.6,,,-69.7333,-430.0,,0
bid,S,0,0,,,10S_2 9C_1 9H_1 9S_1 AD_2 AH_2 JH_1 JH_2 KS_2 QC_2 QS_1 QS_2,50,2,5,4,0,0,0,300,0,0,0,0.68,59.7333,34.2667,,,1,
bid,D,0,0,,,10C_1 10D_2 9C_2 9D_2 9S_2 AC_2 AD_1 AS_1 JC_1 JD_1 KD_1 KD_2,10,3,6,4,0,0,0,300,0,0,0,0.7267,115.2667,-26.8667,,,1,
bid,C,0,0,,,10D_1 10H_2 10S_1 9H_2 AC_1 AS_2 JS_2 KC_1 KC_2 QC_1 QD_1 QD_2,40,2,4,3,0,0,0,340,0,0,1,0.3333,-253.8667,67.2667,,,0,
bid,H,0,0,,,10C_2 10H_1 9D_1 AH_1 JC_2 JD_2 JS_1 KH_1 KH_2 KS_1 QH_1 QH_2,80,1,6,2,0,0,0,340,0,1,0,0.6667,19.6,70.5333,,,0,
bid,C,-330,40,,,10C_1 10D_2 10H_2 9D_2 AH_1 AS_2 JS_1 JS_2 KH_1 KS_2 QD_1 QD_2,0,2,1,4,0,0,0,300,-370,0,0,0.0467,-456.3333,-48.9333,,,0,
bid,H,40,-330,,,9C_1 9H_2 9S_1 AD_2 JC_1 JH_1 JH_2 KC_1 KD_2 KH_2 QH_2 QS_1,50,1,5,3,0,0,0,300,370,0,0,0.4067,-195.4,-10.2667,,,0,
bid,C,-330,40,,,10H_1 9C_2 AC_1 AC_2 AD_1 AH_2 AS_1 JC_2 KS_1 QC_1 QC_2 QS_2,130,5,6,3,0,0,1,300,-370,0,1,1.0,384.9333,231.2667,,,1,
bid,S,40,-330,,,10C_2 10D_1 10S_1 10S_2 9D_1 9H_1 9S_2 JD_1 JD_2 KC_2 KD_1 QH_1,10,0,3,5,0,0,0,340,370,0,1,0.0533,-418.2667,-35.4667,,,0,
fold,C,-330,40,130,30,10C_1 9C_2 AC_1 AD_1 AH_1 AH_2 AS_1 AS_2 JC_2 KS_1 QC_2 QS_2,130,6,5,4,0,0,1,330,-370,0,0,0.6867,,,64.9333,-360.0,,0
bid,S,90,30,,,9C_1 9H_2 AC_2 AD_2 AH_2 JC_2 JD_2 KD_2 KH_1 KS_2 QC_2 QS_1,80,3,2,4,0,1,0,300,60,0,0,0.6067,-42.1333,122.4667,,,0,
bid,S,30,90,,,10D_1 10S_2 9C_2 9H_1 9S_2 AC_1 AD_1 AH_1 AS_1 JS_2 KD_1 QH_1,110,4,4,3,0,0,1,300,-60,0,0,0.8133,66.3333,76.0,,,0,
bid,S,90,30,,,10C_1 9S_1 AS_2 JC_1 JH_1 JH_2 KC_1 KC_2 KH_2 KS_1 QH_2 QS_2,70,1,4,4,0,0,0,300,60,0,1,0.46,-154.1333,3.2,,,0,
fold,D,30,90,170,100,10D_1 10D_2 10S_1 9D_1 9D_2 AD_1 JD_1 JS_1 KD_1 QC_1 QD_1 QD_2,170,1,9,2,1,0,0,250,-60,0,0,1.0,,,213.8667,-350.0,,0
bid,C,370,270,,,10C_2 9C_1 9S_1 9S_2 AD_1 JC_2 JD_1 JH_1 KC_2 KD_1 KS_2 QC_1,50,1,5,3,0,0,0,300,100,0,0,0.58,-66.3333,-116.6667,,,1,
bid,H,270,370,,,10D_1 10D_2 10H_1 10H_2 AC_1 AH_2 AS_2 JH_2 KC_1 KH_2 QH_1 QS_1,150,3,6,2,1,0,0,310,-100,0,0,1.0,357.7333,96.6,,,1,
bid,H,370,270,,,10C_1 9C_2 9H_1 9H_2 AC_2 AH_1 JC_1 JD_2 KH_1 QD_2 QH_2 QS_2,100,2,5,4,0,1,0,320,100,1,0,0.84,185.3333,35.4667,,,1,
bid,S,270,370,,,10S_1 10S_2 9D_1 9D_2 AD_2 AS_1 JS_1 JS_2 KD_2 KS_1 QC_2 QD_1,20,2,6,5,0,0,0,330,-100,1,0,0.5533,-30.7333,-130.7333,,,1,
bid,C,370,270,,,10C_2 9C_1 9S_1 9S_2 AD_1 JC_2 JD_1 JH_1 KC_2 KD_1 KS_2 QC_1,50,1,5,3,0,0,0,340,100,1,0,0.5467,-78.5333,10.8667,,,0,
bid,H,270,370,,,10D_1 10D_2 10H_1 10H_2 AC_1 AH_2 AS_2 JH_2 KC_1 KH_2 QH_1 QS_1,150,3,6,2,1,0,0,340,-100,1,0,0.9533,337.2667,184.8,,,1,
bid,H,370,270,,,10C_1 9C_2 9H_1 9H_2 AC_2 AH_1 JC_1 JD_2 KH_1 QD_2 QH_2 QS_2,100,2,5,4,0,1,0,350,100,1,1,0.6933,93.7333,206.8667,,,0,
bid,S,270,370,,,10S_1 10S_2 9D_1 9D_2 AD_2 AS_1 JS_1 JS_2 KD_2 KS_1 QC_2 QD_1,20,2,6,5,0,0,0,360,-100,1,0,0.58,-14.5333,-53.2,,,1,
bid,H,270,370,,,10D_1 10D_2 10H_1 10H_2 AC_1 AH_2 AS_2 JH_2 KC_1 KH_2 QH_1 QS_1,150,3,6,2,1,0,0,370,-100,1,0,0.92,302.0667,288.9333,,,1,
bid,H,370,270,,,10C_1 9C_2 9H_1 9H_2 AC_2 AH_1 JC_1 JD_2 KH_1 QD_2 QH_2 QS_2,100,2,5,4,0,1,0,370,100,1,1,0.64,38.3333,175.0667,,,0,
bid,S,270,370,,,10S_1 10S_2 9D_1 9D_2 AD_2 AS_1 JS_1 JS_2 KD_2 KS_1 QC_2 QD_1,20,2,6,5,0,0,0,380,-100,1,1,0.4667,-104.4667,5.3333,,,0,
fold,H,370,270,120,170,9H_1 9H_2 AD_1 AH_1 JC_1 JD_1 JD_2 JH_1 KH_1 QD_2 QH_2 QS_2,100,2,6,4,0,1,0,370,100,0,0,0.0133,,,-609.1333,-540.0,,1
bid,S,440,0,,,10H_1 9D_1 9H_2 9S_2 AS_1 JC_2 JH_1 KC_1 KD_1 KD_2 KH_2 KS_2,90,1,3,4,0,0,1,300,440,0,0,0.0733,-433.4,-25.1333,,,0,
bid,D,0,440,,,10C_2 10D_1 9C_2 AC_1 AC_2 AD_1 AD_2 AH_1 AH_2 JD_1 QD_2 QH_2,0,6,5,4,0,0,0,300,-440,0,0,0.8067,215.3333,168.8667,,,1,
bid,S,440,0,,,10C_1 10D_2 9D_2 9H_1 AS_2 JC_1 JD_2 KC_2 KS_1 QD_1 QS_1 QS_2,80,1,4,4,0,1,0,300,440,0,1,0.7133,70.3333,-27.4,,,1,
fold,H,0,440,150,160,10H_2 9C_1 9C_2 9S_1 AH_1 JD_1 JH_2 JS_2 KH_1 QC_1 QC_2 QH_1,150,1,5,4,1,0,0,250,-440,0,0,0.76,,,-115.6667,-410.0,,0
bid,C,300,700,,,10C_2 10S_2 9S_2 AC_1 JD_1 JH_2 KC_1 KC_2 KD_2 KS_1 KS_2 QC_1,40,1,5,4,0,0,0,300,-400,0,0,0.56,-75.3333,71.6,,,0,
bid,S,700,300,,,10D_2 10H_1 10S_1 9C_2 9D_2 9H_2 AD_2 AS_1 JC_2 JS_1 QH_2 QS_2,0,2,4,3,0,0,0,300,400,0,0,0.4333,-178.8,-73.9333,,,0,
bid,H,300,700,,,10D_1 10H_2 9C_1 9D_1 9S_1 AH_1 JC_1 JH_1 JS_2 KD_1 QC_2 QS_1,0,1,3,3,0,0,0,300,-400,0,1,0.2467,-326.3333,-85.5333,,,0,
fold,H,700,300,200,20,10H_1 9H_1 AC_2 AD_1 AH_2 AS_2 KH_1 KH_2 QD_1 QH_1 QH_2 QS_2,190,4,7,2,0,0,1,250,400,0,0,1.0,,,357.3333,-270.0,,0
bid,H,0,0,,,10H_2 10S_1 9D_1 9H_1 AH_2 AS_2 JD_2 JH_2 KH_1 KS_2 QC_1 QD_2,10,2,5,3,0,0,0,300,0,0,0,0.5867,-25.0667,-55.0667,,,1,
bid,D,0,0,,,9C_2 9D_2 9H_2 AC_2 AD_2 JD_1 JS_2 KD_1 QC_2 QD_1 QH_2 QS_2,150,2,5,3,0,1,1,300,0,0,0,0.8467,166.8667,44.9333,,,1,
bid,H,0,0,,,10D_1 10D_2 10H_1 AD_1 AH_1 AS_1 JC_1 JH_1 KC_1 KC_2 KS_1 QH_1,0,3,4,3,0,0,0,300,0,0,1,0.64,-9.2667,82.8667,,,0,
fold,C,0,0,100,0,10C_1 10C_2 9C_1 9S_1 9S_2 AC_1 AC_2 JC_2 JD_1 JS_1 QS_1 QS_2,50,2,6,5,0,1,0,250,0,0,0,0.4333,,,-116.8667,-250.0,,0
bid,D,270,80,,,10H_2 9C_1 9H_2 9S_2 AD_1 JD_1 JH_1 KD_1 KH_2 KS_1 KS_2 QD_1,40,1,4,4,0,0,0,300,190,0,0,0.5133,-119.2667,-44.4667,,,0,
bid,S,80,270,,,10D_1 9H_1 9S_1 AC_2 AS_2 JD_2 JH_2 KC_2 KD_2 QH_1 QS_1 QS_2,50,2,4,3,0,1,0,300,-190,0,0,0.62,21.2,55.2667,,,0,
bid,D,270,80,,,10H_1 10S_1 10S_2 9D_2 AC_1 AD_2 AH_1 AH_2 AS_1 JC_1 KH_1 QC_1,110,5,2,4,0,0,1,300,190,0,1,0.8267,56.2,162.6667,,,0,
fold,C,80,270,150,130,10C_1 10C_2 10D_1 9C_2 9D_1 JC_2 JD_2 KC_1 QC_2 QD_2 QH_2 QS_1,150,0,6,4,0,1,1,250,-190,0,0,0.86,,,-23.1333,-380.0,,0
bid,D,370,510,,,10C_1 10D_2 10S_2 9S_2 AD_2 JD_1 KD_1 KS_2 QD_1 QD_2 QH_2 QS_2,210,1,6,4,1,1,0,300,-140,0,0,1.0,320.8,2.6667,,,1,
bid,H,510,370,,,10H_1 10H_2 10S_1 9D_2 9S_1 JD_2 JS_2 KC_1 KD_2 KH_2 KS_1 QH_1,120,0,4,4,0,0,1,340,140,0,0,0.12,-434.4,139.4,,,0,
bid,C,370,510,,,10C_2 10D_1 9C_1 9H_2 AC_2 AH_2 AS_2 JS_1 KC_2 KH_1 QC_2 QS_1,50,3,5,3,0,0,0,340,-140,1,0,0.84,199.8667,104.0667,,,1,
bid,D,510,370,,,9C_2 9D_1 9H_1 AC_1 AD_1 AH_1 AS_1 JC_1 JC_2 JH_1 JH_2 QC_1,110,4,2,5,0,0,1,340,140,0,1,0.2933,-333.4667,172.8667,,,0,
fold,D,370,510,230,220,10D_1 10D_2 AD_2 AH_2 JD_1 KD_1 KS_2 QD_1 QD_2 QH_2 QS_1 QS_2,210,2,7,3,1,1,0,330,-140,0,0,1.0,,,85.8667,-550.0,,0
bid,S,790,790,,,10D_2 9D_2 9H_2 9S_2 AH_2 AS_1 JD_1 JS_1 KC_1 KH_1 QC_1 QC_2,30,2,3,3,0,0,0,300,0,0,0,0.1667,-367.9333,12.7333,,,0,
bid,D,790,790,,,10C_1 10D_1 9C_1 9D_1 AC_1 AC_2 JD_2 KD_1 KH_2 KS_2 QD_2 QS_2,110,2,5,4,0,1,0,300,0,0,0,0.7733,138.6,111.0667,,,1,
bid,D,790,790,,,10C_2 9H_1 9S_1 AD_1 AH_1 JH_2 KD_2 KS_1 QD_1 QH_1 QH_2 QS_1,60,2,3,5,0,0,0,300,0,0,1,0.44,-170.5333,51.6667,,,0,
fold,S,790,790,250,100,10S_1 10S_2 9C_2 AS_2 JC_1 JC_2 JD_2 JH_1 JS_2 KC_2 KS_2 QS_2,230,1,6,4,1,1,1,250,0,0,0,1.0,,,176.2667,-350.0,,0
bid,H,0,0,,,10D_1 10H_1 10S_1 10S_2 9C_1 9C_2 9H_2 AH_2 JH_1 JH_2 KC_1 QC_2,30,1,5,4,0,0,0,300,0,0,0,0.38,-232.8,-151.5333,,,0,
bid,H,0,0,,,10C_1 10C_2 10D_2 9H_1 9S_2 AD_2 AS_2 JC_1 JC_2 KD_2 KS_1 KS_2,10,2,1,4,0,0,0,300,0,0,0,0.0867,-443.2667,-107.5333,,,0,
bid,D,0,0,,,9D_1 9D_2 9S_1 AC_2 AD_1 JD_1 JD_2 KH_1 KH_2 QD_1 QH_1 QS_2,80,2,6,3,0,1,0,300,0,0,1,0.78,183.9333,29.2667,,,1,
fold,C,0,0,120,120,10C_1 10C_2 10D_2 AC_1 JS_1 JS_2 KC_2 KD_1 QC_1 QD_2 QH_2 QS_1,120,1,5,3,0,0,1,250,0,0,0,0.6133,,,-148.0,-370.0,,0
bid,H,330,160,,,10H_1 10H_2 9C_1 9C_2 9S_2 AC_2 AH_1 JC_2 KD_1 KH_1 QH_2 QS_1,40,2,5,4,0,0,0,300,170,0,0,0.7933,113.5333,-27.5333,,,1,
bid,C,160,330,,,10C_1 10C_2 10S_1 9D_2 9H_2 9S_1 AC_1 JS_1 KC_2 KD_2 QC_1 QH_1,40,1,5,3,0,0,0,340,-170,0,0,0.32,-290.4,-5.9333,,,0,
bid,D,330,160,,,10D_1 10D_2 9D_1 AD_2 JC_1 JD_1 JD_2 JH_2 JS_2 KC_1 KH_2 QC_2,70,1,6,3,0,0,1,340,170,1,0,0.3133,-218.0,142.8667,,,0,
bid,S,160,330,,,10S_2 9H_1 AD_1 AH_2 AS_1 AS_2 JH_1 KS_1 KS_2 QD_1 QD_2 QS_2,40,4,6,3,0,0,0,340,-170,0,1,0.8867,263.8,124.8,,,1,
bid,H,330,160,,,10H_1 10H_2 9C_1 9C_2 9S_2 AC_2 AH_1 JC_2 KD_1 KH_1 QH_2 QS_1,40,2,5,4,0,0,0,350,170,0,1,0.5867,-42.0,76.7333,,,0,
fold,S,160,330,200,90,10S_1 10S_2 9H_1 AC_1 AS_1 AS_2 JH_1 JS_1 KS_1 KS_2 QD_2 QS_2,150,3,8,2,1,0,0,340,-170,0,0,1.0,,,229.7333,-430.0,,0
bid,C,600,430,,,10C_1 9D_1 9D_2 9S_1 AC_1 AC_2 AS_2 KC_2 QC_2 QD_1 QH_1 QS_1,100,3,5,3,0,0,1,300,170,0,0,0.7533,71.5333,130.0,,,0,
bid,D,430,600,,,10D_2 10H_2 9C_1 9S_2 AD_1 AD_2 JC_2 JD_2 JS_2 KC_1 KD_2 QD_2,150,2,6,3,1,0,0,300,-170,0,0,0.96,160.6667,7.8,,,1,
bid,H,600,430,,,10C_2 10H_1 9C_2 9H_1 9H_2 AH_2 AS_1 JH_1 JH_2 KD_1 KS_1 QS_2,40,2,6,3,0,0,0,300,170,0,1,0.46,-117.4667,26.5333,,,0,
bid,H,430,600,,,10D_1 10S_1 10S_2 AH_1 JC_1 JD_1 JS_1 KH_1 KH_2 KS_2 QC_1 QH_2,40,1,4,4,0,0,0,310,-170,0,1,0.4067,-210.8,33.8667,,,0,
fold,H,600,430,80,60,10H_1 9C_2 9H_1 9H_2 AC_2 AH_2 JH_1 JH_2 KS_1 QH_1 QS_1 QS_2,40,2,7,3,0,0,0,300,170,0,0,0.14,,,-344.6,-360.0,,0
bid,C,490,300,,,10H_1 AC_2 AS_1 JC_2 JD_1 JD_2 KC_1 KH_1 KH_2 QC_2 QD_2 QH_2,60,2,4,4,0,0,0,300,190,0,0,0.8133,129.0667,60.8667,,,1,
bid,C,300,490,,,10D_1 10D_2 10H_2 10S_1 9C_2 9S_1 9S_2 AC_1 KC_2 KS_1 KS_2 QD_1,10,1,3,5,0,0,0,300,-190,0,0,0.0867,-416.9333,-92.9333,,,0,
bid,H,490,300,,,10C_1 9D_1 9H_1 AD_2 AH_2 JC_1 JH_1 JH_2 KD_1 QC_1 QH_1 QS_2,10,2,5,3,0,0,0,300,190,0,1,0.4933,-111.2667,9.8667,,,0,
fold,S,300,490,170,40,10S_1 10S_2 9C_1 9D_2 9H_2 AS_2 JS_1 JS_2 KD_2 KS_1 KS_2 QS_1,150,1,8,2,1,0,0,250,-190,0,0,1.0,,,188.8,-290.0,,0
bid,S,680,570,,,10D_1 10D_2 10H_1 10H_2 10S_1 AS_2 KS_1 KS_2 QC_1 QC_2 QD_1 QS_1,40,1,5,3,0,0,0,300,110,0,0,0.6,-69.3333,178.3333,,,0,
bid,C,570,680,,,10C_2 10S_2 9S_1 AC_2 AD_2 AH_1 JC_1 JC_2 KC_1 KH_2 QD_2 QH_1,20,3,5,3,0,0,0,300,-110,0,0,0.8,128.6667,13.8,,,1,
bid,C,680,570,,,10C_1 9C_1 9C_2 9S_2 AC_1 AH_2 JS_1 JS_2 KC_2 KD_1 KD_2 QH_2,20,2,5,3,0,0,0,340,110,0,1,0.2867,-243.6,125.6,,,0,
bid,D,570,680,,,9D_1 9D_2 9H_1 9H_2 AD_1 AS_1 JD_1 JD_2 JH_1 JH_2 KH_1 QS_2,60,2,5,5,0,1,0,340,-110,1,0,0.4733,-75.2667,90.9333,,,0,
bid,C,240,720,,,10S_1 9C_2 9H_1 AC_2 AS_2 JC_2 JS_1 JS_2 KD_2 KH_1 KH_2 QH_2,30,2,3,4,0,0,0,300,-480,0,0,0.1533,-372.4667,-19.2667,,,0,
bid,H,720,240,,,10C_2 10H_2 9D_2 9H_2 AH_1 AS_1 JC_1 JH_1 KC_1 QC_1 QH_1 QS_1,30,2,5,4,0,0,0,300,480,0,0,0.72,62.2667,-33.6,,,1,
bid,D,240,720,,,10H_1 9C_1 9S_1 AC_1 AD_1 AD_2 AH_2 JD_1 JH_2 KS_1 QC_2 QD_2,0,4,4,3,0,0,0,310,-480,0,1,0.5,-109.4667,185.0,,,0,
bid,D,720,240,,,10C_1 10D_1 10D_2 10S_2 9D_1 9S_2 JD_2 KC_2 KD_1 KS_2 QD_1 QS_2,110,0,6,4,0,1,0,310,480,1,0,0.7333,85.2667,-20.2667,,,1,
fold,H,720,240,110,50,10C_1 10H_2 9D_2 9H_2 AH_1 JC_1 JD_2 JH_1 KC_1 QC_1 QH_1 QS_2,70,1,5,4,0,1,0,300,480,0,0,0.1133,,,-391.0,-350.0,,1
bid,S,420,290,,,10D_2 10H_2 10S_1 9H_2 AS_1 AS_2 JD_1 JH_1 KS_2 QC_1 QH_2 QS_1,80,2,5,4,0,1,0,300,130,0,0,0.7333,62.7333,81.0,,,0,
bid,C,290,420,,,10C_2 10D_1 10H_1 10S_2 9D_2 AC_2 AD_2 JC_1 JD_2 JS_2 KH_1 QC_2,0,2,4,4,0,0,0,300,-130,0,0,0.5733,-74.8667,-46.6667,,,0,
bid,D,420,290,,,9C_2 9D_1 9S_1 9S_2 AD_1 AH_1 AH_2 KC_1 KD_1 KD_2 QD_2 QS_2,50,3,5,3,0,0,0,300,130,0,1,0.5333,-54.3333,144.7333,,,0,
fold,C,290,420,30,90,10C_1 10C_2 9C_1 AC_1 AC_2 JC_2 JD_2 JS_1 KC_2 KH_2 QD_1 QH_1,30,2,7,2,0,0,0,250,-130,0,0,0.1667,,,-356.6667,-340.0,,1
bid,D,40,560,,,10D_2 10H_2 9D_2 9H_1 9H_2 AD_1 AD_2 KC_1 KS_1 KS_2 QC_1 QS_2,50,2,4,3,0,0,0,300,-520,0,0,0.18,-375.2,166.4667,,,0,
bid,H,560,40,,,10C_1 10S_2 9D_1 AC_1 AC_2 AH_2 AS_1 AS_2 JH_1 JS_2 KH_1 QH_1,40,5,4,4,0,0,0,300,520,0,0,0.8867,214.8,114.5333,,,1,
bid,H,40,560,,,10D_1 10S_1 9S_2 AH_1 JC_2 JD_2 JS_1 KC_2 KH_2 QD_2 QH_2 QS_1,80,1,3,4,0,1,0,300,-520,0,1,0.44,-185.6,70.7333,,,0,
fold,D,560,40,70,110,9C_1 9C_2 9S_1 AC_2 AH_2 AS_2 JD_1 JH_2 KD_1 KD_2 QC_2 QD_1,40,3,4,4,0,0,0,250,520,0,0,0.22,,,-349.6667,-360.0,,0
bid,C,310,150,,,10S_1 9S_1 AC_1 AD_1 AH_2 JD_1 JH_1 JH_2 KD_1 QC_2 QH_2 QS_1,40,3,2,4,0,1,0,300,160,0,0,0.46,-160.1333,122.3333,,,0,
bid,H,150,310,,,9C_1 9D_1 9D_2 9H_2 AS_2 JC_1 KC_1 KC_2 KH_2 QD_2 QH_1 QS_2,50,1,3,4,0,0,0,300,-160,0,0,0.2133,-345.0667,37.4667,,,0,
bid,C,310,150,,,10C_1 10C_2 10D_2 10H_1 10H_2 9C_2 JC_2 JS_1 JS_2 KD_2 KH_1 KS_2,10,0,4,3,0,0,0,300,160,0,1,0.06,-455.1333,-138.4,,,0,
fold,D,150,310,180,40,10D_1 9H_1 AC_2 AD_2 AH_1 AS_1 AS_2 JD_2 QC_1 QD_1 QD_2 QS_2,140,5,5,3,0,1,1,250,-160,0,0,1.0,,,279.6,-290.0,,0
bid,S,510,420,,,10C_1 10H_2 9C_1 9D_1 9S_1 AD_1 JC_1 JH_1 KC_2 KS_2 QD_2 QS_2,50,1,3,4,0,0,0,300,90,0,0,0.16,-384.8667,-36.4,,,0,
bid,S,420,510,,,10C_2 10D_1 10S_1 9D_2 9H_1 AS_2 JC_2 JD_2 JS_1 KD_2 KH_1 QS_1,40,1,4,4,0,1,0,300,-90,0,0,0.56,-91.2667,-3.2667,,,0,
bid,D,510,420,,,10D_2 9C_2 AC_2 AD_2 AH_2 AS_1 JD_1 KC_1 KD_1 KH_2 QC_1 QC_2,120,4,4,5,0,0,1,300,90,0,1,0.94,221.6667,218.7333,,,1,
fold,H,420,510,210,140,10H_1 9H_2 9S_2 AH_1 JD_2 JH_2 JS_2 KH_1 QD_1 QH_1 QH_2 QS_1,200,1,7,3,1,1,0,250,-90,0,0,1.0,,,135.7333,-390.0,,0
bid,H,800,730,,,10C_1 10H_2 10S_1 9C_1 AD_2 AH_2 JD_1 JH_1 KS_2 QC_2 QD_2 QH_2,0,2,4,3,0,0,0,300,70,0,0,0.58,-65.1333,-34.8667,,,0,
bid,C,730,800,,,10D_2 10S_2 9C_2 9D_1 9H_1 AC_2 AS_1 JS_2 KD_2 KH_1 KH_2 QH_1,30,2,2,4,0,0,0,300,-70,0,0,0.06,-451.7333,-65.8,,,0,
bid,D,800,730,,,10D_1 10H_1 9D_2 9H_2 9S_1 9S_2 AD_1 AS_2 JC_2 JD_2 JH_2 QS_2,50,2,4,4,0,1,0,300,70,0,1,0.38,-226.8,-4.3333,,,0,
fold,C,730,800,220,50,10C_2 10S_2 AC_1 AC_2 AS_1 JC_1 KC_2 KD_1 KS_1 QC_1 QD_1 QS_1,190,3,6,4,1,0,0,250,-70,0,0,1.0,,,217.7333,-300.0,,0
bid,D,0,0,,,10D_2 9C_1 9H_2 9S_1 AH_2 JD_2 JH_2 JS_1 KD_1 KS_1 QC_1 QD_1,40,1,4,3,0,0,0,300,0,0,0,0.5467,-119.1333,-0.2667,,,0,
bid,D,0,0,,,10H_1 10H_2 9C_2 9D_2 9H_1 AD_1 AD_2 AS_1 JC_1 JS_2 KH_2 QS_1,10,3,3,4,0,0,0,300,0,0,0,0.1,-400.8,183.0,,,0,
bid,D,0,0,,,10C_2 10S_2 9D_1 9S_2 AC_2 AS_2 JD_1 KD_2 KH_1 QD_2 QH_1 QS_2,110,2,4,4,0,1,0,300,0,0,1,0.6933,46.6,99.5333,,,0,
fold,C,0,0,160,110,10C_1 AC_1 AH_1 AS_1 JC_1 JC_2 JH_1 KC_1 KC_2 QC_2 QH_2 QS_1,150,3,7,3,1,0,0,250,0,0,0,1.0,,,175.7333,-360.0,,0
bid,S,340,180,,,10C_2 9S_1 AD_1 AH_1 JD_2 KC_2 KH_2 KS_1 KS_2 QD_1 QS_1 QS_2,130,2,5,3,0,1,0,300,160,0,0,0.84,211.0667,125.3333,,,1,
bid,S,180,340,,,10H_1 10S_2 9C_2 AC_2 AD_2 AS_2 JC_2 JS_1 KD_1 KD_2 QC_1 QH_1,0,3,3,4,0,0,0,300,-160,0,0,0.2133,-307.8,-52.4667,,,0,
bid,H,340,180,,,10D_1 10H_2 9C_1 9D_2 9H_1 9H_2 9S_2 JD_1 JS_2 KC_1 KH_1 QH_2,60,0,5,3,0,0,0,300,160,0,1,0.3933,-235.6667,-144.0,,,0,
fold,C,180,340,10,110,10C_1 9D_1 AC_1 AC_2 AH_2 JC_1 JC_2 JH_1 JH_2 QC_1 QC_2 QD_2,0,3,7,3,0,0,0,250,-160,0,0,0.1467,,,-369.4,-360.0,,1
bid,C,-70,510,,,10H_1 10H_2 10S_2 9C_2 9H_1 9S_1 9S_2 AC_2 AD_2 JH_1 QD_2 QH_2,10,2,2,5,0,0,0,300,-580,0,0,0.0533,-451.6,-21.2667,,,0,
bid,S,510,-70,,,10D_2 10S_1 9C_1 9D_2 9H_2 AH_2 AS_2 JS_1 KC_1 KH_2 KS_1 QD_1,0,2,4,3,0,0,0,300,580,0,0,0.6067,-72.7333,-107.2,,,1,
bid,C,-70,510,,,10C_1 10D_1 AC_1 AS_1 JC_1 KC_2 KD_1 KH_1 KS_2 QC_2 QS_1 QS_2,250,2,5,4,1,0,1,300,-580,0,1,1.0,315.1333,151.8667,,,1,
fold,D,510,-70,230,120,10D_2 9D_1 AD_1 AH_2 JC_2 JD_1 JD_2 JH_2 JS_2 KD_2 QD_1 QH_1,200,2,7,3,1,0,1,250,580,0,0,1.0,,,216.1333,-370.0,,0
bid,D,930,110,,,10S_2 9C_1 9C_2 AH_2 AS_2 JC_1 JC_2 KD_2 KH_1 QD_1 QS_1 QS_2,40,2,2,4,0,0,0,300,820,0,0,0.34,-227.5333,186.7333,,,0,
bid,C,110,930,,,10C_2 10D_2 10S_1 9D_2 9H_2 AC_2 JD_1 JD_2 JH_1 JS_1 KS_2 QD_2,0,1,2,5,0,0,0,300,-820,0,0,0.2,-338.4667,-54.2,,,0,
bid,S,930,110,,,10C_1 10D_1 10H_1 9H_1 9S_2 AD_1 AS_1 JH_2 KD_1 KS_1 QH_1 QH_2,10,2,3,5,0,0,0,300,820,0,1,0.1067,-392.5333,-66.2,,,0,
fold,C,110,930,80,40,9D_1 9S_1 AC_1 AC_2 AH_1 JD_1 JD_2 JS_2 KC_1 KC_2 QC_1 QC_2,80,3,6,3,0,0,0,250,-820,0,0,0.3933,,,-162.8,-290.0,,0
bid,D,0,0,,,10C_2 10D_1 10D_2 9C_2 AD_2 AH_1 AS_1 JC_1 JS_1 KD_2 QC_1 QD_1,40,3,5,4,0,0,0,300,0,0,0,0.7533,66.4,-29.8,,,1,
bid,S,0,0,,,10H_1 10H_2 10S_2 9C_1 9H_1 9S_1 9S_2 JH_2 KD_1 KH_1 QC_2 QS_1,20,0,4,5,0,0,0,310,0,0,0,0.0867,-429.2,-52.8667,,,0,
bid,C,0,0,,,10C_1 AC_1 AD_1 JC_2 KC_1 KC_2 KH_2 KS_1 KS_2 QD_2 QH_1 QS_2,40,2,5,3,0,0,0,310,0,1,0,0.6333,7.8,193.0667,,,0,
bid,S,0,0,,,10S_1 9D_1 9D_2 9H_2 AC_2 AH_2 AS_2 JD_1 JD_2 JH_1 JS_2 QH_2,0,3,3,4,0,0,0,310,0,0,1,0.46,-138.7333,94.3333,,,0,
fold,D,0,0,60,20,10D_1 10D_2 9C_2 AD_1 AD_2 JC_1 JS_1 KD_2 QC_1 QD_1 QD_2 QS_2,40,2,7,3,0,0,0,300,0,0,0,0.1133,,,-360.0667,-320.0,,1
bid,D,50,-300,,,10C_1 10C_2 9H_2 AC_1 AC_2 AD_1 AD_2 AH_1 JH_1 KC_1 KD_2 QD_2,40,5,4,5,0,0,0,300,350,0,0,0.7067,57.8,-0.5333,,,1,
bid,H,-300,50,,,10H_2 9C_2 9H_1 9S_2 AH_2 AS_1 JC_1 JH_2 JS_2 KS_1 QH_1 QH_2,10,2,6,4,0,0,0,340,-350,0,0,0.5933,7.6667,-80.5333,,,1,
bid,S,50,-300,,,10D_1 10D_2 10H_1 10S_1 9D_1 9S_1 AS_2 JS_1 KH_1 KH_2 QC_1 QD_1,10,1,4,4,0,0,0,340,350,1,0,0.08,-396.7333,-23.6,,,0,
bid,C,-300,50,,,10S_2 9C_1 9D_2 JC_2 JD_1 JD_2 KC_2 KD_1 KS_2 QC_2 QS_1 QS_2,370,0,4,4,0,1,0,340,-350,0,1,0.3133,-286.3333,380.0,,,0,
bid,S,50,-280,,,10D_1 10S_1 10S_2 9C_1 9S_1 9S_2 AC_2 JD_2 JS_1 KH_1 QD_1 QH_1,40,1,5,3,0,0,0,300,330,0,0,0.2667,-281.6667,8.4667,,,0,
bid,H,-280,50,,,10C_2 10H_2 9D_2 AH_2 AS_2 JH_1 KH_2 KS_1 QC_1 QC_2 QH_2 QS_2,170,2,5,3,1,0,0,300,-330,0,0,0.9933,236.6,108.4,,,1,
bid,H,50,-280,,,10C_1 10D_2 9C_2 9D_1 9H_1 AH_1 AS_1 JC_2 JD_1 JS_2 KC_2 KS_2,10,2,2,4,0,0,0,340,330,0,1,0.0533,-423.6,42.1333,,,0,
bid,D,-280,50,,,10H_1 9H_2 AC_1 AD_1 AD_2 JC_1 JH_2 KC_1 KD_1 KD_2 QD_2 QS_1,40,3,5,3,0,0,0,340,-330,1,0,0.3333,-216.1333,155.8,,,0,
fold,H,-280,50,220,50,10H_1 10H_2 9D_2 AH_2 JH_1 JH_2 KH_2 KS_1 QC_2 QH_2 QS_1 QS_2,170,1,7,3,1,0,0,330,-330,0,0,0.6867,,,20.9333,-380.0,,0
bid,S,120,170,,,10C_2 10H_2 10S_1 10S_2 9C_2 9D_1 9S_2 AC_2 AS_2 KC_2 QH_2 QS_2,10,2,5,4,0,0,0,300,-50,0,0,0.4,-194.8667,-62.6667,,,0,
bid,H,170,120,,,10D_1 10D_2 9H_1 9H_2 AC_1 AH_1 AH_2 JS_1 KD_1 KH_2 KS_1 QC_2,20,3,5,3,0,0,0,300,50,0,0,0.34,-220.2667,11.9333,,,0,
bid,D,120,170,,,10C_1 9C_1 9D_2 9S_1 AD_2 JC_1 JD_1 JH_1 JS_2 KS_2 QC_1 QH_1,50,1,3,4,0,0,1,300,-50,0,1,0.0667,-430.6,-7.0667,,,0,
fold,D,170,120,250,60,10D_1 10D_2 AD_1 JC_2 JD_2 JH_2 KD_1 KD_2 KH_1 QD_1 QD_2 QS_1,230,1,8,2,1,1,0,250,50,0,0,1.0,,,279.0667,-310.0,,0
bid,H,650,200,,,10D_2 9C_2 9D_2 9H_1 AD_1 AH_1 AH_2 JC_2 JH_2 KC_1 KD_1 QS_1,10,3,4,4,0,0,0,300,450,0,0,0.4333,-165.3333,102.9333,,,0,
bid,S,200,650,,,10D_1 9S_1 AD_2 AS_1 AS_2 JC_1 JD_1 JD_2 JH_1 JS_2 KH_2 QS_2,90,3,5,4,0,1,1,300,-450,0,0,0.7,92.8,206.0,,,0,
bid,C,650,200,,,10C_2 10S_1 9C_1 9D_1 9H_2 JS_1 KC_2 KH_1 KS_1 KS_2 QC_2 QD_1,50,0,4,4,0,0,0,300,450,0,1,0.3133,-300.6667,-160.8,,,0,
fold,D,200,650,140,40,10C_1 9S_2 AC_1 AC_2 JD_1 JD_2 KD_2 QC_1 QD_2 QH_1 QH_2 QS_2,140,2,4,4,0,1,1,250,-450,0,0,0.7533,,,0.0667,-290.0,,0
bid,S,490,790,,,10D_1 10H_1 9C_2 9H_2 AS_1 JS_2 KC_2 KH_1 KS_2 QC_2 QS_1 QS_2,60,1,5,3,0,0,0,300,-300,0,0,0.7067,16.8667,-21.3333,,,1,
bid,D,790,490,,,10C_1 10C_2 AC_2 AH_1 AS_2 JH_1 JH_2 KD_1 KH_2 KS_1 QD_1 QD_2,40,3,3,4,0,0,0,310,300,0,0,0.4867,-153.8,88.7333,,,0,
bid,S,490,790,,,10D_2 10S_1 10S_2 9C_1 9S_1 9S_2 AC_1 AD_1 JC_1 JS_1 KC_1 KD_2,20,2,5,4,0,0,0,310,-300,1,0,0.2733,-290.4,-55.8,,,0,
bid,D,790,490,,,10H_2 9D_1 9D_2 9H_1 AD_2 AH_2 JC_2 JD_1 JD_2 QC_1 QH_1 QH_2,20,2,5,5,0,0,0,310,300,0,1,0.32,-201.1333,66.6,,,0,
fold,S,490,790,190,20,10S_1 10S_2 9C_2 9H_2 AS_1 JS_1 JS_2 KC_2 KS_2 QC_2 QS_1 QS_2,170,1,8,3,1,0,0,300,-300,0,0,1.0,,,264.0,-320.0,,0
bid,D,880,860,,,10D_1 10H_1 9S_2 AC_2 AD_1 AD_2 AS_2 JC_2 JH_1 QC_1 QC_2 QS_2,0,4,3,4,0,0,0,300,20,0,0,0.2733,-273.5333,158.7333,,,0,
bid,S,860,880,,,10C_1 10S_2 9H_1 9S_1 AH_2 JH_2 JS_2 KC_1 KC_2 QD_1 QH_1 QH_2,10,1,3,5,0,0,0,300,-20,0,0,0.04,-441.1333,-51.9333,,,0,
bid,S,880,860,,,10S_1 9C_1 9D_1 9D_2 AC_1 AH_1 JD_1 JD_2 JS_1 KD_1 KS_1 QS_1,80,2,4,5,0,1,0,300,20,0,1,0.72,129.3333,80.6667,,,1,
bid,D,860,880,,,10C_2 10D_2 10H_2 9C_2 9H_2 AS_1 JC_1 KD_2 KH_1 KH_2 KS_2 QD_2,40,1,3,4,0,0,0,340,-20,0,1,0.1733,-368.8667,4.4,,,0,
fold,S,880,860,460,30,10S_1 9C_1 9D_1 9D_2 AD_1 AS_2 JD_1 JD_2 JS_1 KS_1 QS_1 QS_2,450,2,6,5,1,1,0,330,20,0,0,1.0,,,510.8,-360.0,,0
bid,H,0,0,,,10D_2 10S_2 9H_2 AD_1 AH_2 JH_1 KC_2 KD_1 KH_2 QC_1 QH_2 QS_2,70,2,5,3,0,0,0,300,0,0,0,0.8267,144.8667,69.4,,,1,
bid,S,0,0,,,10D_1 10H_1 10S_1 9D_1 9H_1 9S_2 AC_2 AS_2 JH_2 JS_2 KD_2 KH_1,10,2,4,4,0,0,0,300,0,0,0,0.2267,-340.3333,-124.4,,,0,
bid,S,0,0,,,10C_1 10H_2 9C_1 9D_2 9S_1 AH_1 AS_1 JC_1 JD_2 KS_1 QD_1 QS_1,90,2,4,3,0,1,0,300,0,0,1,0.5867,-62.0667,10.2667,,,0,
bid,C,0,0,,,10C_2 9C_2 AC_1 AD_2 JC_2 JD_1 JS_1 KC_1 KS_2 QC_2 QD_2 QH_1,160,2,6,3,1,0,0,310,0,0,1,0.9933,301.9333,50.6667,,,1,
bid,S,0,0,,,10C_1 10H_2 9C_1 9D_2 9S_1 AH_1 AS_1 JC_1 JD_2 KS_1 QD_1 QS_1,90,2,4,3,0,1,0,320,0,0,1,0.5,-124.8,38.3333,,,0,
fold,C,0,0,160,130,10C_2 10D_1 9C_2 AC_1 AC_2 AS_2 JC_2 JS_1 KC_1 QC_2 QD_2 QH_1,160,3,7,2,1,0,0,310,0,0,0,0.5333,,,-177.0,-440.0,,0
bid,H,330,210,,,10H_1 10H_2 10S_1 9C_2 9H_1 9H_2 9S_2 JD_1 JD_2 KD_2 QC_1 QS_1,60,0,4,3,0,1,0,300,120,0,0,0.3333,-255.4667,-14.0,,,0,
bid,C,210,330,,,10D_1 9C_1 9S_1 AC_1 AC_2 AD_1 AS_1 JC_2 JH_1 KC_2 KS_2 QD_1,10,4,5,3,0,0,0,300,-120,0,0,0.7467,85.6,35.7333,,,1,
bid,D,330,210,,,10C_2 10D_2 10S_2 9D_1 9D_2 AD_2 AS_2 JS_1 JS_2 KC_1 KH_2 QD_2,20,2,5,4,0,0,0,310,120,0,1,0.36,-190.3333,-113.2,,,0,
bid,H,210,330,,,10C_1 AH_1 AH_2 JC_1 JH_2 KD_1 KH_1 KS_1 QC_2 QH_1 QH_2 QS_2,60,2,6,3,0,0,0,310,-120,1,0,0.66,22.8667,109.5333,,,0,
fold,C,210,330,180,50,10C_1 9C_1 9S_1 AC_1 AC_2 AD_1 JC_2 JH_1 KC_2 QC_2 QD_1 QS_2,160,3,7,2,1,0,0,300,-120,0,0,1.0,,,208.0,-350.0,,0
bid,D,580,440,,,10C_1 10D_2 10H_1 9C_2 9D_1 9D_2 9H_1 9H_2 AD_2 AS_2 JH_2 QH_2,20,2,4,5,0,0,0,300,140,0,0,0.0733,-423.0,-170.0,,,0,
bid,C,440,580,,,10S_1 9C_1 9S_2 AC_1 AD_1 JS_1 JS_2 KC_2 QC_1 QC_2 QD_1 QD_2,50,2,5,4,0,0,0,300,-140,0,0,0.6867,31.6667,-28.1333,,,1,
bid,H,580,440,,,10H_2 AH_2 AS_1 JC_1 JC_2 JH_1 KC_1 KD_1 KD_2 KH_1 KS_1 QS_2,100,2,4,3,0,0,1,310,140,0,1,0.42,-176.7333,222.9333,,,0,
bid,H,440,580,,,10C_2 10D_1 10S_2 9S_1 AC_2 AH_1 JD_1 JD_2 KH_2 KS_2 QH_1 QS_1,100,2,3,4,0,1,0,310,-140,1,0,0.6267,-14.3333,155.9333,,,0,
fold,C,440,580,90,110,10D_1 9C_1 9S_2 AC_1 JD_1 JD_2 JS_2 KC_2 QC_1 QC_2 QD_1 QD_2,50,1,5,5,0,0,0,300,-140,0,0,0.0733,,,-467.8667,-410.0,,1
bid,S,140,690,,,10D_2 10S_1 10S_2 9D_1 9S_1 AC_1 AH_2 JH_2 KD_2 KH_2 QC_1 QC_2,10,2,3,3,0,0,0,300,-550,0,0,0.0667,-419.5333,30.2667,,,0,
bid,D,690,140,,,10D_1 9C_2 9D_2 9H_1 9H_2 AC_2 AD_1 JC_1 JC_2 KS_1 QH_2 QS_1,30,2,3,4,0,0,0,300,550,0,0,0.12,-419.4,6.8667,,,0,
bid,D,140,690,,,10C_1 10H_1 9C_1 9S_2 AD_2 AS_1 JH_1 JS_2 KC_2 KD_1 KS_2 QD_1,40,2,3,4,0,0,0,300,-550,0,1,0.2267,-363.2,-66.4667,,,0,
fold,H,690,140,360,20,10D_1 10H_2 AH_1 JD_1 JD_2 JS_1 KH_1 QD_2 QH_1 QH_2 QS_1 QS_2,340,1,5,4,0,1,0,250,550,0,0,1.0,,,380.1333,-270.0,,0
bid,C,0,0,,,10C_2 10H_1 9C_2 9D_1 AC_1 AC_2 JC_1 JD_2 KS_2 QD_1 QH_1 QH_2,10,2,5,3,0,0,0,300,0,0,0,0.2467,-279.0,69.0667,,,0,
bid,S,0,0,,,10D_1 9D_2 9S_1 AH_1 AS_2 JC_2 JD_1 JH_2 KD_1 KH_1 QC_1 QS_1,50,2,3,4,0,1,0,300,0,0,0,0.3533,-234.7333,34.8667,,,0,
bid,S,0,0,,,10H_2 10S_2 9S_2 AD_1 AD_2 AH_2 AS_1 JS_2 KC_2 KH_2 KS_1 QC_2,30,4,5,3,0,0,0,300,0,0,1,0.8133,183.0,114.4,,,1,
fold,D,0,0,110,30,10D_1 10D_2 9C_1 9H_1 9H_2 JD_1 JH_1 JS_1 KD_2 QD_2 QS_1 QS_2,80,0,5,3,0,1,0,250,0,0,0,0.34,,,-233.4,-280.0,,0
bid,D,-250,150,,,10C_2 AC_1 AC_2 AD_1 AH_1 JD_2 KD_1 KD_2 KH_2 KS_1 QD_2 QH_1,60,4,5,3,0,0,0,300,-400,0,0,0.9667,312.3333,236.2,,,1,
bid,S,150,-250,,,10H_2 9C_2 9D_2 9H_1 9H_2 AS_2 JC_2 JH_2 JS_1 KS_2 QH_2 QS_2,40,1,4,5,0,0,0,300,400,0,0,0.5467,-130.2667,-63.3333,,,0,
bid,C,-250,150,,,10C_1 10H_1 10S_2 9S_2 AD_2 AH_2 JC_1 JH_1 JS_2 KC_2 QC_2 QS_1,40,2,4,4,0,0,0,300,-400,0,1,0.66,8.1333,-5.1333,,,1,
fold,S,150,-250,130,70,10S_1 9C_1 9D_1 9S_1 AS_1 AS_2 JD_1 KC_1 KS_2 QC_1 QD_1 QS_2,110,2,6,3,0,1,0,250,400,0,0,0.6,,,-96.5333,-320.0,,0
bid,C,400,-50,,,9D_2 9S_1 AC_1 AD_2 AH_2 AS_1 JD_2 JH_2 JS_1 KC_2 QC_2 QH_2,140,4,3,3,0,0,1,300,450,0,0,0.9733,239.9333,237.6,,,1,
bid,C,-50,400,,,10C_2 9C_1 9C_2 9H_1 9H_2 AC_2 JC_1 JC_2 JH_1 KS_1 KS_2 QS_1,40,1,6,3,0,0,0,300,-450,0,0,0.38,-179.3333,-47.9333,,,0,
bid,D,400,-50,,,10C_1 10D_1 10D_2 9D_1 9S_2 AD_1 AH_1 JD_1 KD_1 KD_2 KH_2 QC_1,10,2,7,2,0,0,0,300,450,0,1,0.6733,75.4667,-7.0667,,,1,
fold,S,-50,400,210,140,10S_1 10S_2 AS_2 JS_2 KH_1 KS_1 KS_2 QD_1 QD_2 QH_1 QS_1 QS_2,210,1,8,2,1,0,0,250,-450,0,0,1.0,,,143.2,-390.0,,0
bid,H,310,640,,,10H_2 9C_1 9C_2 9D_2 AC_2 AH_1 AH_2 JC_2 KH_1 QC_2 QH_1 QH_2,40,3,6,5,0,0,0,300,-330,0,0,0.8467,174.0667,-102.4667,,,1,
bid,S,640,310,,,10H_1 10S_2 9S_1 9S_2 AD_1 AS_1 JC_1 JH_1 JH_2 KD_1 QC_1 QD_1,40,2,4,3,0,0,0,340,330,0,0,0.04,-431.7333,61.4,,,0,
bid,D,310,640,,,10C_1 10C_2 10D_1 AC_1 AD_2 AS_2 JD_1 JS_1 KC_2 KD_2 QD_2 QS_2,190,3,5,4,1,1,0,340,-330,1,0,0.9933,334.3333,124.2,,,1,
bid,S,640,310,,,10D_2 10S_1 9D_1 9H_1 9H_2 JD_2 JS_2 KC_1 KH_2 KS_1 KS_2 QS_1,80,0,5,3,0,1,0,340,330,0,1,0.5467,-102.0667,-1.1333,,,0,
fold,H,310,640,120,100,10H_2 9C_1 9C_2 9D_2 AD_2 AH_1 AH_2 JD_1 KH_1 QH_1 QH_2 QS_2,80,3,6,3,0,1,0,330,-330,0,0,0.2267,,,-369.4667,-430.0,,0
bid,S,780,640,,,9C_1 AC_1 AH_2 AS_1 JC_1 JD_2 JH_2 KS_1 KS_2 QD_2 QH_2 QS_2,80,3,4,3,0,1,0,300,140,0,0,0.8467,176.0,133.7333,,,1,
bid,S,640,780,,,10C_2 10D_1 9H_1 9S_1 AD_1 AD_2 AH_1 AS_2 JC_2 KC_1 KD_1 KD_2,10,4,2,5,0,0,0,310,-140,0,0,0.0333,-422.7333,-21.6667,,,0,
bid,H,780,640,,,10C_1 10H_2 10S_2 9C_2 9D_1 9D_2 JD_1 JH_1 JS_1 KH_1 QH_1 QS_1,80,0,4,3,0,1,0,310,140,1,0,0.5867,-109.4667,-47.4,,,0,
bid,C,640,780,,,10D_2 10H_1 10S_1 9H_2 9S_2 AC_2 JS_2 KC_2 KH_2 QC_1 QC_2 QD_1,40,1,4,3,0,0,0,310,-140,0,1,0.2733,-316.4,-90.6,,,0,
fold,S,780,640,400,40,10C_1 9C_1 AS_1 JD_1 JD_2 JH_2 KS_1 KS_2 QD_2 QH_2 QS_1 QS_2,380,1,5,3,0,1,0,300,140,0,0,1.0,,,378.9333,-340.0,,0
bid,S,0,0,,,10C_1 10S_2 9C_1 9C_2 AS_1 JC_2 JD_2 JS_1 KS_1 KS_2 QH_1 QS_2,190,1,6,4,1,1,0,300,0,0,0,1.0,279.3333,-26.4667,,,1,
bid,D,0,0,,,10H_1 10S_1 9D_1 9D_2 9S_2 AC_2 AD_1 AH_2 JS_2 KC_1 KC_2 QC_1,40,3,3,4,0,0,0,340,0,0,0,0.0133,-456.4,10.0,,,0,
bid,D,0,0,,,10D_1 10H_2 9H_1 AC_1 AD_2 JH_1 KD_1 KD_2 KH_2 QC_2 QD_1 QD_2,80,2,6,4,0,0,0,340,0,1,0,0.6867,39.1333,20.4667,,,1,
bid,H,0,0,,,10C_2 10D_2 9H_2 9S_1 AH_1 AS_2 JC_1 JD_1 JH_2 KH_1 QH_2 QS_1,90,2,5,3,0,1,0,340,0,0,1,0.62,-6.3333,91.4667,,,0,
fold,S,0,0,230,100,10H_2 10S_2 AC_1 AD_2 AS_1 JC_2 JD_2 JS_1 KS_1 KS_2 QH_1 QS_2,190,3,6,2,1,1,0,330,0,0,0,1.0,,,229.6,-430.0,,0
bid,C,210,370,,,10C_1 10C_2 10S_2 9H_2 AS_2 JC_2 JS_1 KC_2 KS_2 QC_1 QC_2 QH_2,40,1,6,4,0,0,0,300,-160,0,0,0.72,71.9333,-67.9333,,,1,
bid,H,370,210,,,10D_1 10H_1 10H_2 9C_2 9H_1 AC_1 AH_1 AS_1 JH_1 KD_2 QS_1 QS_2,10,3,5,3,0,0,0,310,160,0,0,0.5267,-31.3333,98.5333,,,0,
bid,D,210,370,,,10D_2 10S_1 9C_1 9D_1 9S_2 AD_1 AH_2 JC_1 JD_2 KH_2 QD_1 QD_2,10,2,6,2,0,0,0,310,-160,1,0,0.6,-5.8,-23.2667,,,1,
bid,H,370,210,,,9D_2 9S_1 AC_2 AD_2 JD_1 JH_2 JS_2 KC_1 KD_1 KH_1 KS_1 QH_1,120,2,3,4,0,0,1,310,160,0,1,0.58,-98.6,116.4,,,0,
fold,C,210,370,50,110,10C_1 10C_2 9H_2 AD_1 JC_1 JC_2 JD_2 JS_1 KC_2 QC_1 QC_2 QH_2,40,1,7,2,0,0,0,300,-160,0,0,0.0067,,,-499.6,-410.0,,1
bid,S,480,-90,,,10C_1 10C_2 10S_1 9C_1 9S_1 9S_2 AS_2 JC_1 JD_2 QC_1 QH_1 QS_2,60,1,5,5,0,1,0,300,570,0,0,0.4333,-165.0667,-61.0667,,,0,
bid,D,-90,480,,,10D_1 10S_2 9C_2 9D_1 9H_1 9H_2 AC_2 AD_2 AH_2 KC_2 KH_2 KS_2,10,3,3,4,0,0,0,300,-570,0,0,0.2267,-338.0,-76.3333,,,0,
bid,S,480,-90,,,9D_2 AC_1 AD_1 AH_1 AS_1 JD_1 JH_1 JS_1 KS_1 QD_2 QH_2 QS_1,180,4,4,4,0,1,1,300,570,0,1,0.9933,370.1333,261.0667,,,1,
bid,D,-90,480,,,10D_2 10H_1 10H_2 JC_2 JH_2 JS_2 KC_1 KD_1 KD_2 KH_1 QC_2 QD_1,60,0,4,4,0,0,0,340,-570,0,1,0.18,-376.4667,47.8667,,,0,
fold,S,480,-90,460,40,AC_1 AD_1 AH_1 AS_1 AS_2 JD_1 JD_2 JH_1 JS_1 KS_1 QS_1 QS_2,440,5,6,3,0,1,1,330,570,0,0,1.0,,,550.4,-370.0,,0
bid,C,0,0,,,9H_1 9S_1 9S_2 AC_1 AC_2 JC_1 KC_1 KH_2 KS_2 QC_2 QH_2 QS_1,80,2,5,4,0,0,0,300,0,0,0,0.6667,-16.4,45.1333,,,0,
bid,H,0,0,,,10C_1 10C_2 9C_2 AD_1 AH_1 JH_2 JS_2 KH_1 KS_1 QC_1 QD_1 QH_1,40,2,4,4,0,0,0,300,0,0,0,0.6867,0.2,-32.2667,,,1,
bid,D,0,0,,,10H_1 10H_2 10S_2 9D_1 AS_1 AS_2 JC_2 JD_2 JH_1 KD_1 KD_2 QD_2,50,2,5,3,0,0,0,300,0,0,1,0.5667,-44.0,107.6667,,,0,
fold,D,0,0,90,110,10D_1 10D_2 9C_1 9D_2 9H_2 AD_1 AD_2 AH_1 JD_1 JS_1 QD_1 QS_2,50,3,7,2,0,1,0,250,0,0,0,0.44,,,-211.2,-360.0,,0
bid,S,-250,210,,,10S_2 9C_1 9D_2 9H_1 9S_2 AH_2 JD_1 JS_2 QC_1 QD_1 QH_1 QH_2,10,1,3,4,0,0,0,300,-460,0,0,0.0667,-423.2667,-62.6,,,0,
bid,D,210,-250,,,10C_1 10D_1 10D_2 10H_2 10S_1 9D_1 9H_2 AC_1 AD_2 JD_2 JH_1 KD_2,10,2,6,3,0,0,0,300,460,0,0,0.5867,-59.7333,-83.8,,,1,
bid,S,-250,210,,,10C_2 10H_1 9S_1 AC_2 AD_1 AH_1 AS_2 KC_1 KH_1 KS_2 QS_1 QS_2,150,4,5,3,0,0,1,310,-460,0,1,1.0,399.9333,239.1333,,,1,
bid,C,210,-250,,,9C_2 AS_1 JC_1 JC_2 JH_2 JS_1 KC_2 KD_1 KH_2 KS_1 QC_2 QD_2,150,1,5,3,0,0,1,320,460,1,0,0.3667,-245.0667,55.5333,,,0,
bid,D,210,-250,,,10C_1 10D_1 10D_2 10H_2 10S_1 9D_1 9H_2 AC_1 AD_2 JD_2 JH_1 KD_2,10,2,6,3,0,0,0,320,460,0,1,0.58,-45.7333,17.0,,,0,
bid,S,-250,210,,,10C_2 10H_1 9S_1 AC_2 AD_1 AH_1 AS_2 KC_1 KH_1 KS_2 QS_1 QS_2,150,4,5,3,0,0,1,330,-460,0,1,0.9867,366.7333,230.0667,,,1,
bid,D,210,-250,,,10C_1 10D_1 10D_2 10H_2 10S_1 9D_1 9H_2 AC_1 AD_2 JD_2 JH_1 KD_2,10,2,6,3,0,0,0,340,460,0,1,0.4867,-105.5333,-25.9333,,,0,
fold,S,-250,210,330,120,10S_2 9S_1 AC_2 AD_1 AH_1 AS_2 JD_1 JS_2 KC_1 KS_2 QS_1 QS_2,300,4,7,2,1,1,1,330,-460,0,0,1.0,,,368.8,-450.0,,0
bid,C,410,250,,,10C_1 10D_2 10S_2 9D_2 AC_1 AD_1 AS_1 JC_2 KD_2 KS_1 KS_2 QC_2,0,3,4,4,0,0,0,300,160,0,0,0.6933,37.2,-10.4667,,,1,
bid,D,250,410,,,9C_1 9H_2 9S_1 AS_2 JD_1 JH_1 KD_1 QC_1 QD_1 QH_1 QH_2 QS_1,140,1,3,4,0,1,1,300,-160,0,0,0.4533,-169.6,93.6667,,,0,
bid,H,410,250,,,10H_1 10H_2 10S_1 9C_2 9H_1 AC_2 AD_2 AH_1 JH_2 JS_1 KC_1 QD_2,10,3,5,3,0,0,0,300,160,0,1,0.6667,12.0,-44.7333,,,1,
fold,D,250,410,390,10,10D_1 9D_1 9S_2 AH_2 AS_2 JC_1 JD_1 JD_2 JS_2 KH_2 QS_1 QS_2,310,2,4,5,0,1,0,250,-160,0,0,1.0,,,379.7333,-260.0,,0
bid,D,720,590,,,9C_1 9D_1 9S_2 AD_1 AH_1 JS_1 JS_2 KC_1 KS_1 KS_2 QD_1 QH_1,10,2,3,5,0,0,0,300,130,0,0,0.12,-386.4,-68.2667,,,0,
bid,D,590,720,,,10C_2 10S_2 9D_2 9S_1 AC_1 AD_2 JD_2 JH_1 KC_2 KD_1 QH_2 QS_1,50,2,4,3,0,1,0,300,-130,0,0,0.5667,-62.1333,32.3333,,,0,
bid,C,720,590,,,10C_1 9H_1 9H_2 AC_2 AS_1 JC_1 JD_1 JH_2 KH_2 QC_1 QC_2 QS_2,40,2,5,4,0,1,0,300,130,0,1,0.76,127.3333,57.2,,,1,
fold,S,590,720,70,50,10D_2 10S_1 10S_2 9C_2 AH_2 AS_2 JC_2 JD_2 KD_2 KH_1 QD_2 QS_1,60,2,4,4,0,1,0,250,-130,0,0,0.22,,,-286.0667,-300.0,,0
bid,H,340,900,,,10D_2 10H_1 10S_2 AS_1 JC_1 JH_1 KC_1 KD_1 KH_2 QD_1 QH_1 QS_1,60,1,4,3,0,0,0,300,-560,0,0,0.62,-40.0,-3.1333,,,0,
bid,S,900,340,,,10S_1 9C_2 9D_2 9H_2 9S_1 AD_1 AH_2 JD_2 JS_2 KD_2 KS_1 QS_2,90,2,5,4,0,1,0,300,560,0,0,0.7067,89.9333,-71.1333,,,1,
bid,S,340,900,,,10C_1 10C_2 10D_1 10H_2 9C_1 9D_1 9S_2 AC_1 AS_2 JS_1 QC_2 QD_2,10,2,3,5,0,0,0,310,-560,0,1,0.06,-426.0,-94.4,,,0,
bid,H,900,340,,,9H_1 AC_2 AD_2 AH_1 JC_2 JD_1 JH_2 KC_2 KH_1 KS_2 QC_1 QH_2,70,3,5,4,0,0,0,310,560,1,0,0.8933,234.6,50.1333,,,1,
fold,S,900,340,130,50,10S_1 9C_2 9D_2 9H_2 9S_1 AC_2 JD_1 JD_2 JS_2 KS_1 KS_2 QS_2,90,1,6,3,0,1,0,300,560,0,0,0.2133,,,-326.6667,-350.0,,0
bid,H,0,0,,,10C_1 10D_1 9C_2 9H_2 9S_1 9S_2 AH_1 AH_2 JD_1 KC_2 QC_1 QD_1,30,2,3,4,0,0,0,300,0,0,0,0.1133,-392.4667,92.1333,,,0,
bid,S,0,0,,,10D_2 10H_2 10S_1 AD_2 AS_2 JD_2 JH_1 JH_2 JS_2 QD_2 QH_1 QS_2,40,2,4,4,0,1,0,300,0,0,0,0.5867,-61.8667,36.0,,,0,
bid,C,0,0,,,10C_2 10H_1 9C_1 9D_1 AC_1 AC_2 AD_1 AS_1 JC_2 KD_1 KH_1 QS_1,10,4,5,3,0,0,0,300,0,0,1,0.72,75.9333,146.5333,,,0,
bid,H,0,0,,,10S_2 9D_2 9H_1 JC_1 JS_1 KC_1 KD_2 KH_2 KS_1 KS_2 QC_2 QH_2,150,0,3,4,0,0,1,310,0,0,1,0.1467,-421.1333,22.2,,,0,
fold,C,0,0,60,180,10C_1 10C_2 9C_1 9D_1 AC_1 AC_2 AD_1 JC_2 JD_1 KC_2 KD_1 QS_1,50,3,7,4,0,1,0,300,0,0,0,0.24,,,-410.3333,-480.0,,0
bid,S,240,-300,,,10S_2 9H_2 9S_1 9S_2 AC_1 AS_1 JD_2 JS_1 JS_2 KC_1 KS_2 QH_1,20,2,7,2,0,0,0,300,540,0,0,0.6,44.9333,-8.4667,,,1,
bid,D,-300,240,,,9C_1 9D_1 9D_2 9H_1 JC_1 JC_2 JD_1 JH_2 KD_2 QD_1 QH_2 QS_1,100,0,5,3,0,1,0,340,-540,0,0,0.4667,-147.0667,10.6,,,0,
bid,H,240,-300,,,10C_1 10D_2 10H_1 AC_2 AD_1 AH_1 AH_2 AS_2 JH_1 KD_1 KS_1 QC_2,100,5,4,3,0,0,1,340,540,1,0,0.72,72.7333,272.6667,,,0,
bid,C,-300,240,,,10C_2 10D_1 10H_2 10S_1 9C_2 AD_2 KC_2 KH_1 KH_2 QC_1 QD_2 QS_2,50,1,4,3,0,0,0,340,-540,0,1,0.2533,-300.6667,156.0667,,,0,
bid,D,-220,-90,,,10D_1 9H_2 AD_2 JC_2 JD_1 JH_1 JS_2 KD_2 KS_2 QD_1 QD_2 QH_1,190,1,6,3,1,0,1,300,-130,0,0,0.9733,218.9333,3.1333,,,1,
bid,H,-90,-220,,,10S_1 9D_1 9D_2 9H_1 9S_2 AH_1 AS_2 JC_1 JD_2 JH_2 QC_1 QS_1,50,2,3,4,0,1,0,340,130,0,0,0.2067,-347.0,104.3333,,,0,
bid,H,-220,-90,,,10C_2 10D_2 9C_2 AH_2 JS_1 KC_1 KC_2 KD_1 KH_1 KS_1 QH_2 QS_2,140,1,3,4,0,0,1,340,-130,1,0,0.16,-378.6667,228.3333,,,0,
bid,S,-90,-220,,,10C_1 10H_1 10H_2 10S_2 9C_1 9S_1 AC_1 AC_2 AD_1 AS_1 KH_2 QC_2,10,4,3,5,0,0,0,340,130,0,1,0.14,-378.1333,81.2,,,0,
fold,D,-220,-90,290,60,10D_1 10D_2 AD_2 JC_2 JD_1 JH_1 JS_2 KD_1 KD_2 QD_1 QD_2 QS_2,270,1,8,2,1,1,1,330,-130,0,0,1.0,,,299.3333,-390.0,,0
bid,D,70,220,,,10H_1 9C_2 9D_1 9H_2 AC_1 AD_2 AS_1 JD_2 JH_1 QC_1 QC_2 QH_1,10,3,3,4,0,0,0,300,-150,0,0,0.2,-340.4,9.4667,,,0,
bid,D,220,70,,,9H_1 AC_2 AD_1 AS_2 JC_1 KC_2 KD_1 KH_2 KS_1 KS_2 QD_1 QD_2,120,3,4,3,0,0,1,300,150,0,0,0.46,-161.5333,167.2667,,,0,
bid,H,70,220,,,10C_2 10D_1 10S_1 9D_2 9S_1 9S_2 AH_2 JC_2 JS_2 KH_1 QH_2 QS_2,40,1,3,5,0,0,0,300,-150,0,1,0.3467,-282.0667,-89.5333,,,0,
fold,H,220,70,70,50,10H_2 9C_1 AD_1 AH_1 AS_2 JD_1 JH_2 JS_1 KC_1 KD_2 KH_2 QS_1,40,3,4,3,0,1,0,250,150,0,0,0.18,,,-309.3333,-300.0,,1
bid,D,-30,230,,,10D_2 10H_2 10S_2 AD_1 AH_1 AH_2 JC_1 JC_2 KC_1 KH_1 QD_1 QS_1,0,3,3,4,0,0,0,300,-260,0,0,0.3467,-188.4667,153.8,,,0,
bid,D,230,-30,,,10C_2 9C_1 9D_2 9H_2 JD_1 JD_2 JH_1 JH_2 JS_2 KD_1 KS_1 QD_2,50,0,5,3,0,0,0,300,260,0,0,0.4067,-192.5333,-105.0,,,0,
bid,S,-30,230,,,10D_1 10H_1 9D_1 9S_1 9S_2 AC_1 AS_1 JS_1 KH_2 KS_2 QC_1 QC_2,20,2,5,3,0,0,0,300,-260,0,1,0.3933,-184.6,-54.1333,,,0,
fold,S,230,-30,100,20,10S_1 9C_2 9H_1 AC_2 AS_2 JD_1 JD_2 KC_2 KS_1 QH_1 QH_2 QS_2,80,2,4,3,0,1,0,250,260,0,0,0.3667,,,-196.8,-270.0,,0
bid,S,-20,130,,,10C_1 10C_2 10D_1 10H_1 10H_2 10S_2 9S_2 AC_2 JH_2 JS_1 KC_1 QD_2,10,1,3,4,0,0,0,300,-150,0,0,0.06,-433.4667,-110.5333,,,0,
bid,H,130,-20,,,10D_2 9H_2 AD_1 AD_2 AH_1 AH_2 AS_2 JC_2 JH_1 JS_2 QC_1 QC_2,10,5,4,3,0,0,0,300,150,0,0,0.6,-43.2667,138.6,,,0,
bid,C,-20,130,,,10S_1 9C_1 9C_2 9D_1 9H_1 9S_1 AC_1 AS_1 JC_1 JD_1 KD_1 KS_2,20,2,4,4,0,0,0,300,-150,0,1,0.24,-295.6,-82.4667,,,0,
fold,H,130,-20,230,10,AH_1 AH_2 JD_2 JH_1 KC_2 KD_2 KH_1 KH_2 KS_1 QH_1 QH_2 QS_2,220,2,7,2,0,1,1,250,150,0,0,1.0,,,228.0,-260.0,,0
bid,H,540,60,,,10C_1 10H_1 10S_2 9C_2 AH_1 JC_1 JC_2 JH_2 KC_1 KS_1 QH_1 QS_1,20,1,4,5,0,0,0,300,480,0,0,0.5533,-105.8,-6.4,,,0,
bid,D,60,540,,,10C_2 10D_2 9C_1 9D_1 9D_2 9H_1 AD_2 AS_1 KD_1 QC_1 QC_2 QS_2,20,2,5,4,0,0,0,300,-480,0,0,0.3533,-206.8667,11.9333,,,0,
bid,H,540,60,,,10D_1 10H_2 9H_2 9S_2 AC_2 AH_2 JH_1 KD_2 KH_1 KH_2 QD_2 QH_2,180,2,7,3,1,0,0,300,480,0,1,1.0,344.2667,-143.6667,,,1,
bid,S,60,540,,,10S_1 9S_1 AC_1 AD_1 AS_2 JD_1 JD_2 JS_1 JS_2 KC_2 KS_2 QD_1,10,3,6,4,0,0,0,340,-480,0,1,0.6333,122.6,63.0,,,1,
fold,H,540,60,180,10,10H_1 10H_2 9H_2 AH_1 AH_2 JH_1 KD_2 KH_1 KH_2 QD_2 QH_2 QS_1,180,2,9,2,1,0,0,330,480,0,0,0.4933,,,-47.7333,-340.0,,0
bid,S,140,900,,,10C_2 10H_2 10S_1 AH_2 JD_2 KC_1 KD_1 KS_1 KS_2 QC_2 QH_1 QS_2,100,1,4,3,0,1,0,300,-760,0,0,0.52,-90.0,130.7333,,,0,
bid,S,900,140,,,10H_1 9C_2 9H_2 AD_1 AD_2 AH_1 AS_1 AS_2 KH_1 QD_1 QD_2 QS_1,0,5,3,4,0,0,0,300,760,0,0,0.4067,-161.9333,190.2,,,0,
bid,C,140,900,,,10C_1 10D_2 9C_1 9D_2 9S_1 9S_2 AC_2 JC_1 JC_2 JS_1 KD_2 QH_2,10,1,5,3,0,0,0,310,-760,0,1,0.2133,-312.4,-201.6,,,0,
bid,C,900,140,,,10D_1 10S_2 9D_1 9H_1 AC_1 JD_1 JH_1 JH_2 JS_2 KC_2 KH_2 QC_1,40,1,3,4,0,0,0,310,760,1,0,0.2467,-346.9333,-17.7333,,,0,
fold,S,900,140,60,120,10D_1 10S_2 9C_2 9H_2 AD_2 AS_1 AS_2 JD_1 KH_1 QD_1 QD_2 QS_1,40,3,4,5,0,1,0,300,760,0,0,0.0267,,,-505.8,-420.0,,1
bid,H,600,260,,,10D_1 10S_1 9D_2 AH_1 JD_2 JH_1 JS_2 KC_1 KH_2 QD_1 QD_2 QH_2,40,1,4,5,0,0,0,300,340,0,0,0.4933,-134.9333,-56.5333,,,0,
bid,S,260,600,,,10H_1 10S_2 9H_1 AC_1 AD_2 AS_1 JD_1 KD_1 QC_1 QC_2 QH_1 QS_2,40,3,3,3,0,1,0,310,-340,0,0,0.4933,-118.0667,121.2,,,0,
bid,S,600,260,,,10H_2 9C_1 9D_1 9S_2 AH_2 AS_2 JC_2 JS_1 KC_2 KH_1 KS_2 QS_1,50,2,5,3,0,0,0,310,340,1,0,0.6333,-8.0667,27.0,,,0,
bid,C,260,600,,,10C_1 10C_2 10D_2 9C_2 9H_2 9S_1 AC_2 AD_1 JC_1 JH_2 KD_2 KS_1,10,2,5,3,0,0,0,310,-340,0,1,0.4267,-170.2667,-165.4667,,,0,
fold,H,600,260,190,60,10H_2 9D_2 AH_1 AH_2 JD_2 JH_1 JS_2 KH_2 QD_1 QD_2 QH_2 QS_1,190,2,6,4,1,1,0,300,340,0,0,0.6333,,,-57.4,-360.0,,0
bid,C,450,910,,,10H_2 10S_2 9C_1 9C_2 9S_1 JD_2 JH_1 JS_1 KC_2 KD_2 KH_1 QC_2,60,0,4,3,0,0,0,300,-460,0,0,0.32,-287.8,-96.3333,,,0,
bid,H,910,450,,,10C_2 10D_2 10H_1 9D_1 9H_1 AC_1 AD_2 AH_2 JH_2 KC_1 QH_1 QH_2,10,3,6,3,0,0,0,300,460,0,0,0.8133,165.0,-72.2,,,1,
bid,S,450,910,,,10C_1 10S_1 9H_2 9S_2 AD_1 AS_1 JC_1 JS_2 KS_2 QC_1 QD_1 QS_2,160,2,6,3,1,0,0,340,-460,0,1,0.9667,251.4667,77.2667,,,1,
bid,D,910,450,,,10D_1 9D_2 AC_2 AH_1 AS_2 JC_2 JD_1 KD_1 KH_2 KS_1 QD_2 QS_1,110,3,5,3,0,1,0,350,460,1,0,0.58,41.8667,197.9333,,,0,
bid,H,910,450,,,10C_2 10D_2 10H_1 9D_1 9H_1 AC_1 AD_2 AH_2 JH_2 KC_1 QH_1 QH_2,10,3,6,3,0,0,0,350,460,0,1,0.66,78.2,-3.2667,,,1,
bid,S,450,910,,,10C_1 10S_1 9H_2 9S_2 AD_1 AS_1 JC_1 JS_2 KS_2 QC_1 QD_1 QS_2,160,2,6,3,1,0,0,360,-460,0,1,0.9067,207.2667,135.2667,,,1,
bid,H,910,450,,,10C_2 10D_2 10H_1 9D_1 9H_1 AC_1 AD_2 AH_2 JH_2 KC_1 QH_1 QH_2,10,3,6,3,0,0,0,370,460,0,1,0.58,8.1333,70.6667,,,0,
bid,S,450,910,,,10C_1 10S_1 9H_2 9S_2 AD_1 AS_1 JC_1 JS_2 KS_2 QC_1 QD_1 QS_2,160,2,6,3,1,0,0,380,-460,0,1,0.7267,88.4667,233.7333,,,0,
bid,H,910,450,,,10C_2 10D_2 10H_1 9D_1 9H_1 AC_1 AD_2 AH_2 JH_2 KC_1 QH_1 QH_2,10,3,6,3,0,0,0,390,460,0,1,0.62,36.6,124.8,,,0,
fold,S,450,910,230,100,10S_1 10S_2 9H_2 9S_2 AS_1 JC_1 JD_2 JS_1 JS_2 KS_2 QD_1 QS_2,200,1,8,2,1,1,0,380,-460,0,0,0.6267,,,-40.6667,-480.0,,0
bid,S,0,0,,,10C_2 10H_1 10H_2 10S_1 9H_1 AS_1 AS_2 JC_1 JC_2 JH_2 KD_2 QD_1,20,2,3,4,0,0,0,300,0,0,0,0.04,-465.0,96.6667,,,0,
bid,D,0,0,,,10C_1 10S_2 9D_1 9H_2 9S_1 AC_1 AD_1 AD_2 JS_2 KC_2 KH_1 QS_1,10,3,3,4,0,0,0,300,0,0,0,0.1533,-366.8667,170.8667,,,0,
bid,H,0,0,,,9C_2 9S_2 AC_2 AH_2 JH_1 KC_1 KH_2 KS_2 QC_2 QH_1 QH_2 QS_2,80,2,5,4,0,0,0,300,0,0,1,0.8467,180.0667,89.6,,,1,
bid,D,0,0,,,10D_1 10D_2 9C_1 9D_2 AH_1 JD_1 JD_2 JS_1 KD_1 KS_1 QC_1 QD_2,50,1,7,2,0,0,0,310,0,0,1,0.6667,84.2,-49.6,,,1,
bid,H,0,0,,,9C_2 9S_2 AC_2 AH_2 JH_1 KC_1 KH_2 KS_2 QC_2 QH_1 QH_2 QS_2,80,2,5,4,0,0,0,320,0,0,1,0.8333,162.2667,127.4,,,1,
fold,D,0,0,230,100,10C_1 10D_1 10D_2 9C_1 9D_2 AD_2 JD_1 JD_2 JS_1 KD_1 QD_2 QS_1,200,1,8,2,1,1,0,310,0,0,0,1.0,,,214.4,-410.0,,0
bid,D,430,150,,,10D_1 9D_2 9S_2 AD_1 AH_1 AS_1 JD_2 JH_2 KC_2 KD_2 QS_1 QS_2,50,3,5,4,0,1,0,300,280,0,0,0.8867,328.1333,101.2,,,1,
bid,H,150,430,,,10C_2 10H_1 10S_2 9C_1 AD_2 JC_1 JC_2 JH_1 KC_1 KH_1 KH_2 QH_1,40,1,5,5,0,0,0,340,-280,0,0,0.54,-88.2,-71.1333,,,0,
bid,S,430,150,,,10D_2 10S_1 9C_2 9D_1 9H_2 9S_1 AC_1 AC_2 AS_2 JD_1 JS_1 QC_1,10,3,4,4,0,0,0,350,280,1,0,0.2267,-299.3333,147.4,,,0,
bid,D,150,430,,,10C_1 10H_2 9H_1 AH_2 JS_2 KD_1 KS_1 KS_2 QC_2 QD_1 QD_2 QH_2,40,1,3,4,0,0,0,350,-280,1,0,0.0067,-472.6667,126.0,,,0,
bid,D,430,150,,,10D_1 9D_2 9S_2 AD_1 AH_1 AS_1 JD_2 JH_2 KC_2 KD_2 QS_1 QS_2,50,3,5,4,0,1,0,350,280,0,1,0.7733,233.8667,248.6667,,,0,
bid,H,150,430,,,10C_2 10H_1 10S_2 9C_1 AD_2 JC_1 JC_2 JH_1 KC_1 KH_1 KH_2 QH_1,40,1,5,5,0,0,0,360,-280,0,1,0.4333,-144.2667,-7.0,,,0,
fold,D,430,150,340,60,10D_1 10D_2 9D_2 9S_2 AC_1 AD_1 JD_1 JD_2 JH_2 KD_2 QS_1 QS_2,310,2,7,3,0,1,0,350,280,0,0,1.0,,,375.8667,-410.0,,0
bid,D,0,0,,,10C_1 10C_2 10D_1 10H_2 9C_1 AD_1 AD_2 AS_2 JC_2 KH_2 KS_1 KS_2,0,3,3,4,0,0,0,300,0,0,0,0.12,-381.6667,88.8,,,0,
bid,S,0,0,,,9D_2 9S_1 9S_2 JD_1 JH_1 JS_1 KC_2 KH_1 QC_1 QD_1 QH_1 QH_2,60,0,3,4,0,0,0,300,0,0,0,0.08,-461.0,-52.6667,,,0,
bid,C,0,0,,,10S_1 10S_2 9H_2 AC_1 AC_2 AH_1 AH_2 JC_1 JD_2 JH_2 KC_1 QC_2,40,4,5,4,0,0,0,300,0,0,1,0.84,185.5333,155.2667,,,1,
fold,D,0,0,180,20,10D_2 9C_2 9D_1 9H_1 JD_1 JS_1 JS_2 KD_1 KD_2 QD_1 QD_2 QS_2,130,0,7,3,0,1,0,250,0,0,0,0.9467,,,158.0667,-270.0,,0
bid,S,310,140,,,10C_1 10D_2 10S_1 9C_1 9D_1 9S_2 AC_1 AD_2 AS_2 JH_2 JS_2 KS_2,10,3,5,3,0,0,0,300,170,0,0,0.6667,14.3333,-113.0,,,1,
bid,H,140,310,,,10C_2 10H_2 9H_1 AC_2 AH_2 JC_1 JD_1 KH_1 KS_1 QC_1 QD_1 QH_2,50,2,5,4,0,0,0,310,-170,0,0,0.8467,182.8,70.0667,,,1,
bid,H,310,140,,,10D_1 9H_2 9S_1 AS_1 JC_2 JH_1 KD_2 KH_2 QC_2 QH_1 QS_1 QS_2,50,1,4,4,0,0,0,320,170,1,0,0.4133,-172.4,47.4667,,,0,
bid,D,140,310,,,10H_1 10S_2 9C_2 9D_2 AD_1 AH_1 JD_2 JS_1 KC_1 KC_2 KD_1 QD_2,50,2,5,3,0,0,0,320,-170,1,0,0.6067,-33.5333,134.5333,,,0,
bid,S,310,140,,,10C_1 10D_2 10S_1 9C_1 9D_1 9S_2 AC_1 AD_2 AS_2 JH_2 JS_2 KS_2,10,3,5,3,0,0,0,320,170,0,1,0.66,16.0667,-59.0,,,1,
bid,H,140,310,,,10C_2 10H_2 9H_1 AC_2 AH_2 JC_1 JD_1 KH_1 KS_1 QC_1 QD_1 QH_2,50,2,5,4,0,0,0,330,-170,0,1,0.72,100.6667,38.0667,,,1,
bid,S,310,140,,,10C_1 10D_2 10S_1 9C_1 9D_1 9S_2 AC_1 AD_2 AS_2 JH_2 JS_2 KS_2,10,3,5,3,0,0,0,340,170,0,1,0.6267,-21.1333,2.6,,,0,
bid,H,140,310,,,10C_2 10H_2 9H_1 AC_2 AH_2 JC_1 JD_1 KH_1 KS_1 QC_1 QD_1 QH_2,50,2,5,4,0,0,0,350,-170,0,1,0.6667,49.4667,128.8,,,0,
fold,S,310,140,190,40,10S_1 9C_1 9D_1 9S_2 AC_1 AS_1 AS_2 JH_2 JS_2 KS_2 QS_1 QS_2,160,3,8,2,1,0,0,340,170,0,0,1.0,,,295.6,-380.0,,0
bid,C,240,690,,,9C_2 9D_1 9S_2 AC_1 AC_2 AH_1 AS_1 JD_2 JS_2 KD_1 KH_1 KH_2,10,4,3,3,0,0,0,300,-450,0,0,0.2533,-292.2667,234.8667,,,0,
bid,C,690,240,,,10C_2 10H_2 10S_1 9C_1 9D_2 9H_2 AH_2 JC_1 KC_1 KC_2 QC_1 QD_2,50,1,6,3,0,0,0,300,450,0,0,0.6933,60.0,-77.2,,,1,
bid,D,240,690,,,10D_2 10S_2 9H_1 9S_1 AD_1 JC_2 JD_1 JH_1 JH_2 KS_1 QH_1 QH_2,0,1,3,5,0,0,0,310,-450,0,1,0.1267,-395.9333,-85.5333,,,0,
bid,S,690,240,,,10C_1 10D_1 10H_1 AD_2 AS_2 JS_1 KD_2 KS_2 QC_2 QD_1 QS_1 QS_2,60,2,5,4,0,0,0,310,450,1,0,0.8,133.8667,15.4,,,1,
fold,C,690,240,70,10,10C_2 10H_1 9C_1 9D_2 9H_2 JC_1 KC_1 KC_2 QC_1 QD_2 QS_1 QS_2,50,0,6,2,0,0,0,300,450,0,0,0.0067,,,-434.2,-310.0,,1
bid,D,390,250,,,10D_1 9C_2 9D_2 9S_1 AC_1 AD_1 JC_1 JD_2 JH_1 KD_2 QD_1 QS_1,200,2,6,3,1,1,0,300,140,0,0,1.0,312.5333,-18.6667,,,1,
bid,S,250,390,,,10D_2 10H_2 10S_2 9C_1 AH_2 AS_2 JS_2 KC_1 KD_1 QC_1 QH_1 QS_2,20,2,4,3,0,0,0,340,-140,0,0,0.32,-242.0667,208.0667,,,0,
bid,H,390,250,,,10C_1 10H_1 9D_1 AD_2 JC_2 JH_2 JS_1 KH_2 KS_1 QC_2 QD_2 QH_2,40,1,4,3,0,0,0,340,140,1,0,0.3067,-279.7333,-10.2,,,0,
bid,H,250,390,,,10C_2 10S_1 9H_1 9H_2 9S_2 AC_2 AH_1 AS_1 JD_1 KC_2 KH_1 KS_2,20,3,4,4,0,0,0,340,-140,0,1,0.38,-174.0,89.0,,,0,
fold,D,390,250,230,20,10C_1 10D_1 9D_2 9S_1 AD_1 AD_2 JD_2 JH_1 KD_2 QD_1 QD_2 QS_1,200,2,8,2,1,1,0,330,140,0,0,1.0,,,292.5333,-350.0,,0
bid,D,370,770,,,10D_1 10H_2 10S_1 9S_2 AC_1 AD_2 AH_1 AH_2 JC_2 JD_1 JS_2 QH_1,0,4,3,4,0,0,0,300,-400,0,0,0.38,-212.6667,125.2,,,0,
bid,C,770,370,,,10C_1 9D_1 9S_1 AD_1 JC_1 JH_1 JS_1 KC_2 KD_2 QC_1 QD_1 QS_2,60,1,4,4,0,0,0,300,400,0,0,0.66,-21.4667,-23.4,,,1,
bid,C,370,770,,,10D_2 10S_2 9C_1 9D_2 AS_1 JH_2 KC_1 KH_1 KH_2 QC_2 QD_2 QS_1,50,1,3,3,0,0,0,310,-400,0,1,0.2,-359.2,109.3333,,,0,
bid,C,770,370,,,10C_2 10H_1 9C_2 9H_1 9H_2 AC_2 AS_2 JD_2 KD_1 KS_1 KS_2 QH_2,10,2,3,4,0,0,0,310,400,1,0,0.1867,-333.8667,110.8667,,,0,
fold,C,770,370,200,50,10C_1 10C_2 9D_1 9S_1 AC_2 JC_1 JD_2 JH_1 KC_2 KD_2 QC_1 QD_1,170,1,6,4,1,0,0,300,400,0,0,0.8133,,,88.7333,-350.0,,0
bid,H,0,0,,,10C_1 10S_1 9C_2 9D_2 9H_2 AC_1 AH_1 AH_2 AS_1 KH_2 QC_2 QS_2,10,4,4,4,0,0,0,300,0,0,0,0.7067,40.0667,104.1333,,,0,
bid,H,0,0,,,10D_1 10H_1 10S_2 9S_2 AC_2 AD_1 JC_1 JH_1 KH_1 KS_2 QD_1 QH_1,40,2,4,3,0,0,0,300,0,0,0,0.54,-112.8,-59.4667,,,0,
bid,C,0,0,,,10H_2 9C_1 9H_1 AD_2 AS_2 JD_1 JH_2 JS_1 KC_1 KC_2 KD_1 QC_1,50,2,4,3,0,0,0,300,0,0,1,0.5,-123.5333,79.2667,,,0,
fold,D,0,0,240,30,10D_1 10D_2 9D_1 AD_1 JC_2 JD_2 KD_2 KS_1 QD_1 QD_2 QH_2 QS_1,220,1,8,2,1,1,0,250,0,0,0,1.0,,,289.7333,-280.0,,0
bid,H,430,90,,,10C_1 10D_1 10H_1 9D_2 9S_1 AD_2 AH_1 JH_1 KD_1 KD_2 QC_2 QS_1,0,2,3,5,0,0,0,300,340,0,0,0.3,-243.4,1.8667,,,0,
bid,C,90,430,,,10H_2 9D_1 9S_2 JD_2 KC_1 KH_1 KS_1 QC_1 QD_1 QD_2 QH_1 QH_2,60,0,2,4,0,0,0,300,-340,0,0,0.2267,-351.8667,80.6,,,0,
bid,S,430,90,,,10D_2 10S_2 9H_1 AC_1 AC_2 AD_1 AS_2 JC_2 JH_2 JS_1 KC_2 KS_2,0,4,4,4,0,0,0,300,340,0,1,0.68,20.4,-56.2667,,,1,
fold,S,90,430,260,10,10H_2 10S_1 9C_1 9C_2 9H_2 AS_1 JC_1 JD_1 JD_2 JS_2 KS_1 QS_2,190,1,5,3,1,1,0,250,-340,0,0,1.0,,,265.0667,-260.0,,0
bid,S,460,580,,,10H_2 10S_2 9D_1 9S_1 9S_2 AH_2 JC_2 JD_1 JS_1 QC_1 QH_1 QH_2,20,1,4,4,0,0,0,300,-120,0,0,0.1133,-393.6667,-37.0,,,0,
bid,S,580,460,,,10D_1 9C_1 9D_2 9H_2 AC_2 AS_2 JS_2 KD_2 KS_2 QD_1 QD_2 QS_2,60,2,4,5,0,0,0,300,120,0,0,0.5867,-83.2,17.8,,,0,
bid,D,460,580,,,10D_2 10H_1 9C_2 AC_1 AD_2 AH_1 JD_2 JH_2 KC_1 KD_1 KH_2 KS_1,80,3,4,4,0,0,1,300,-120,0,1,0.6933,28.2667,137.9333,,,0,
fold,C,580,460,180,90,10C_1 10C_2 9H_1 AC_2 AS_1 AS_2 JC_1 JH_1 KC_2 QC_2 QS_1 QS_2,150,3,6,4,1,0,0,250,120,0,0,1.0,,,178.8,-340.0,,0
bid,H,940,620,,,10C_1 10H_1 9C_1 9S_1 9S_2 AC_1 AH_1 JC_2 KH_1 QH_1 QH_2 QS_2,40,2,5,4,0,0,0,300,320,0,0,0.86,187.3333,-75.8,,,1,
bid,D,620,940,,,10C_2 10D_1 10D_2 10H_2 9D_2 9H_1 AC_2 AD_2 AS_2 JD_1 KS_2 QC_2,10,3,5,3,0,0,0,310,-320,0,0,0.4667,-117.6,10.2667,,,0,
bid,D,940,620,,,10S_1 10S_2 9D_1 9H_2 AD_1 AH_2 AS_1 JH_2 KD_2 KH_2 QD_1 QS_1,50,3,4,4,0,0,0,310,320,1,0,0.5733,-44.6,42.6,,,0,
bid,C,620,940,,,9C_2 JC_1 JD_2 JH_1 JS_1 JS_2 KC_1 KC_2 KD_1 KS_1 QC_1 QD_2,110,0,5,3,0,0,1,310,-320,0,1,0.4267,-193.0667,64.4667,,,0,
fold,H,940,620,110,90,10H_1 9C_1 9S_1 9S_2 AH_1 AH_2 JC_2 KH_1 KH_2 QH_1 QH_2 QS_1,80,2,7,3,0,0,0,300,320,0,0,0.2467,,,-336.8,-390.0,,0
bid,D,0,0,,,10C_1 10C_2 10H_1 9S_1 AD_1 AH_1 AH_2 AS_2 JS_1 KD_2 KH_1 QD_2,40,4,3,4,0,0,0,300,0,0,0,0.5133,-124.8,17.4667,,,0,
bid,C,0,0,,,10D_2 10S_2 9C_1 9D_1 9H_1 9H_2 JH_1 JS_2 KC_1 KD_1 KS_1 QC_1,50,0,3,3,0,0,0,300,0,0,0,0.1933,-402.4,-179.3333,,,0,
bid,C,0,0,,,10D_1 10S_1 9C_2 9D_2 AC_1 AC_2 AS_1 KC_2 QD_1 QH_2 QS_1 QS_2,10,3,4,4,0,0,0,300,0,0,1,0.42,-141.9333,203.0667,,,0,
fold,H,0,0,80,20,10D_2 10H_2 10S_2 9S_2 JC_1 JC_2 JD_1 JD_2 JH_1 JH_2 KH_2 QH_1,40,0,5,3,0,0,0,250,0,0,0,0.08,,,-366.4667,-270.0,,1
bid,D,-250,20,,,9C_2 9H_1 9S_1 AD_2 AH_1 AS_1 JH_1 KD_2 KH_1 QC_2 QD_1 QD_2,40,3,4,4,0,0,0,300,-270,0,0,0.6133,-41.8,-20.8667,,,0,
bid,S,20,-250,,,10C_1 10C_2 10H_1 10H_2 10S_2 9D_1 9S_2 AS_2 JD_2 KC_1 KS_2 QS_2,90,1,5,3,0,1,0,310,270,0,0,0.68,-12.2,80.6667,,,0,
bid,C,-250,20,,,10D_2 9C_1 9H_2 AD_1 JC_1 KC_2 KD_1 KH_2 KS_1 QC_1 QH_2 QS_1,170,1,4,3,0,0,1,310,-270,1,0,0.54,-109.3333,158.3333,,,0,
bid,C,20,-250,,,10D_1 10S_1 9D_2 AC_1 AC_2 AH_2 JC_2 JD_1 JH_2 JS_1 JS_2 QH_1,40,3,3,3,0,0,1,310,270,0,1,0.1933,-334.3333,261.2,,,0,
fold,D,-250,20,160,120,9C_2 9H_1 9H_2 9S_1 AD_1 AD_2 JH_1 KD_2 QC_2 QD_1 QD_2 QS_1,40,2,5,3,0,0,0,300,-270,0,0,0.4133,,,-275.2667,-420.0,,0
bid,S,250,50,,,10C_2 10S_2 9H_1 9S_2 AC_1 AC_2 AS_2 JC_2 JD_2 JS_1 KD_2 KS_2,10,3,5,4,0,0,0,300,200,0,0,0.6467,64.4,-3.5333,,,1,
bid,D,50,250,,,10D_2 10H_1 9D_1 AD_1 AD_2 AH_1 AH_2 AS_1 KC_1 QC_1 QD_1 QS_1,30,5,5,3,0,0,0,340,-200,0,0,0.5867,10.4,355.4667,,,0,
bid,D,250,50,,,10D_1 10S_1 9C_2 9D_2 9H_2 JH_2 KC_2 KD_1 KH_1 KS_1 QD_2 QH_2,150,0,4,4,0,0,1,340,200,1,0,0.1933,-388.8,68.2,,,0,
bid,H,50,250,,,10C_1 10H_2 9C_1 9S_1 JC_1 JD_1 JH_1 JS_2 KH_2 QC_2 QH_1 QS_2,120,0,4,4,0,1,1,340,-200,0,1,0.52,-139.1333,32.4667,,,0,
bid,C,180,-80,,,10H_2 10S_1 9C_2 AC_1 AH_2 JD_1 JD_2 JS_1 KC_2 KD_1 KS_2 QC_2,50,2,4,3,0,0,0,300,260,0,0,0.5667,-74.6,71.4,,,0,
bid,H,-80,180,,,10C_2 10S_2 9H_1 9H_2 JS_2 KC_1 KH_2 QC_1 QD_1 QH_1 QH_2 QS_2,140,0,5,3,0,0,1,300,-260,0,0,0.52,-103.0,13.0,,,0,
bid,C,180,-80,,,10C_1 10D_2 9C_1 9D_1 9S_1 AC_2 JC_1 JC_2 JH_1 KD_2 KS_1 QD_2,30,1,5,4,0,0,0,310,260,0,1,0.26,-301.1333,-97.8667,,,0,
bid,H,-80,180,,,10D_1 10H_1 9D_2 9S_2 AD_1 AD_2 AH_1 AS_1 AS_2 JH_2 KH_1 QS_1,0,5,4,4,0,0,0,310,-260,1,0,0.8933,243.8667,149.5333,,,1,
fold,H,-80,180,140,40,9H_1 9H_2 AH_1 AS_2 KC_1 KH_2 QC_1 QD_1 QH_1 QH_2 QS_1 QS_2,140,2,6,3,0,0,1,300,-260,0,0,0.58,,,-65.7333,-340.0,,0
bid,H,260,270,,,10D_2 10H_1 9H_1 AD_2 AH_1 AS_2 JC_2 KH_2 KS_2 QH_1 QS_1 QS_2,70,3,5,4,0,0,0,300,-10,0,0,0.9067,266.6667,106.0,,,1,
bid,D,270,260,,,10D_1 10H_2 9D_1 9S_2 AC_1 AC_2 AD_1 JD_2 KD_2 KH_1 QC_1 QH_2,30,3,5,3,0,0,0,340,10,0,0,0.5,-91.1333,169.6667,,,0,
bid,C,260,270,,,10S_2 9C_1 9C_2 9D_2 AH_2 AS_1 JC_1 JS_1 KC_1 KD_1 QC_2 QD_2,80,2,5,3,0,0,0,340,-10,1,0,0.4867,-93.7333,-4.6,,,0,
bid,H,270,260,,,10C_1 10C_2 10S_1 9H_2 9S_1 JD_1 JH_1 JH_2 JS_2 KC_2 KS_1 QD_1,10,0,3,4,0,0,0,340,10,0,1,0.04,-476.0667,47.8667,,,0,
fold,H,260,270,110,50,10H_1 10S_2 9H_1 AH_1 AH_2 AS_1 JC_2 KH_2 KS_2 QH_1 QS_1 QS_2,70,3,6,5,0,0,0,330,-10,0,0,0.16,,,-357.4,-380.0,,0
bid,D,320,-70,,,10C_2 10D_2 10S_2 9D_2 AD_2 JC_1 JD_1 JH_2 JS_1 KC_1 KC_2 KS_1,50,1,4,4,0,0,1,300,390,0,0,0.22,-326.0667,0.6,,,0,
bid,S,-70,320,,,10D_1 10H_2 10S_1 9C_2 9H_2 9S_1 9S_2 KD_2 KS_2 QC_1 QC_2 QS_1,60,0,5,3,0,0,0,300,-390,0,0,0.38,-230.1333,-49.3333,,,0,
bid,H,320,-70,,,9C_1 9H_1 AC_2 AD_1 AH_1 AH_2 AS_1 AS_2 JS_2 KH_1 QH_1 QH_2,150,6,6,3,0,0,1,300,390,0,1,1.0,394.4,225.2,,,1,
fold,D,-70,320,130,170,10D_1 9D_1 JC_2 JD_2 JH_1 KD_1 KD_2 KH_2 QD_1 QD_2 QS_1 QS_2,130,0,7,2,0,1,0,250,-390,0,0,0.7667,,,-113.0,-420.0,,0
bid,C,-320,650,,,10H_1 10S_2 9C_2 9D_2 JD_1 KC_1 KD_1 KH_2 KS_2 QC_1 QH_1 QS_2,210,0,3,3,0,1,1,300,-970,0,0,0.7733,16.9333,111.6,,,0,
bid,D,650,-320,,,10D_1 10H_2 9C_1 9D_1 9S_2 AC_2 AD_2 AH_1 AS_2 JC_2 JD_2 QS_1,150,4,4,3,0,1,1,300,970,0,0,0.98,263.0667,221.4667,,,1,
bid,H,-320,650,,,10C_1 10C_2 10D_2 10S_1 9H_1 AH_2 AS_1 JC_1 JH_1 JH_2 JS_1 KD_2,10,2,4,3,0,0,0,340,-970,0,1,0.1067,-405.2667,27.2667,,,0,
bid,C,650,-320,,,9H_2 9S_1 AC_1 AD_1 JS_2 KC_2 KH_1 KS_1 QC_2 QD_1 QD_2 QH_2,60,2,3,3,0,0,0,340,970,1,0,0.2,-349.0,74.0667,,,0,
fold,D,650,-320,190,190,10D_1 9D_1 9S_2 AC_2 AD_1 AD_2 AH_1 AS_2 JD_2 QD_1 QD_2 QS_1,150,5,7,3,0,1,1,330,970,0,0,0.9933,,,172.2667,-520.0,,0
bid,D,0,0,,,10C_1 10H_1 9H_1 AC_2 AD_2 AS_1 AS_2 JC_1 JD_2 JH_2 KD_2 QD_2,40,4,4,3,0,0,0,300,0,0,0,0.7733,88.8,221.7333,,,0,
bid,H,0,0,,,10H_2 10S_1 9C_2 9S_2 AH_1 AH_2 JD_1 KS_2 QC_2 QD_1 QH_1 QH_2,0,2,5,3,0,0,0,300,0,0,0,0.3267,-222.3333,46.2667,,,0,
bid,S,0,0,,,10D_2 10S_2 9C_1 9S_1 AD_1 JC_2 JH_1 KD_1 KH_1 KS_1 QC_1 QS_1,50,1,4,3,0,0,0,300,0,0,1,0.3467,-240.6667,-53.4667,,,0,
fold,D,0,0,100,60,10D_1 9D_1 9D_2 9H_2 AC_1 AH_1 JD_1 JS_1 JS_2 KC_1 QD_1 QS_2,60,2,5,3,0,1,0,250,0,0,0,0.2867,,,-286.2,-310.0,,0
bid,C,-250,220,,,10H_1 10S_2 9C_1 AC_1 JD_1 JD_2 KH_2 KS_1 KS_2 QD_1 QH_1 QS_2,90,1,2,4,0,1,0,300,-470,0,0,0.34,-248.6,85.7333,,,0,
bid,H,220,-250,,,10C_1 10C_2 9D_2 9H_1 9S_2 AH_1 AH_2 AS_2 JH_2 KC_2 QC_2 QS_1,30,3,4,4,0,0,0,300,470,0,0,0.4133,-193.0,111.2667,,,0,
bid,D,-250,220,,,10D_1 10H_2 9D_1 AC_2 AD_1 AS_1 JC_2 JH_1 KC_1 KD_1 QC_1 QD_2,70,3,5,4,0,0,0,300,-470,0,1,0.7667,82.0667,-28.4,,,1,
bid,H,220,-250,,,10D_2 10S_1 9C_2 9H_2 9S_1 AD_2 JC_1 JS_1 JS_2 KD_2 KH_1 QH_2,50,1,3,4,0,0,0,340,470,0,1,0.0933,-450.2667,-12.3333,,,0,
fold,D,-250,220,240,50,10D_1 9D_1 AD_1 JC_2 JD_1 JD_2 JH_1 KC_1 KD_1 QC_1 QD_2 QS_2,220,1,7,3,1,1,0,330,-470,0,0,0.9533,,,239.2667,-380.0,,0
bid,C,370,140,,,10C_2 10H_2 10S_1 9C_2 9D_2 9S_1 AC_1 AH_1 AS_1 KC_2 QC_1 QH_1,50,3,5,3,0,0,0,300,230,0,0,0.9,224.8667,-20.5333,,,1,
bid,D,140,370,,,10H_1 9D_1 AD_1 AD_2 JD_2 JH_1 JS_1 KD_2 KH_2 QD_1 QD_2 QH_2,70,2,7,4,0,0,0,340,-230,0,0,0.68,62.8667,83.6667,,,0,
bid,S,370,140,,,10C_1 10D_1 10D_2 9H_1 9H_2 AC_2 AS_2 KD_1 KH_1 KS_2 QS_1 QS_2,40,2,4,3,0,0,0,340,230,1,0,0.2933,-253.8,184.6667,,,0,
bid,C,140,370,,,10S_2 9C_1 9S_2 AH_2 JC_1 JC_2 JD_1 JH_2 JS_2 KC_1 KS_1 QC_2,90,1,5,4,0,0,1,340,-230,0,1,0.3,-277.6,67.4667,,,0,
bid,S,270,40,,,10C_2 10S_1 9C_1 AC_1 AH_2 KD_2 KS_1 KS_2 QC_2 QD_1 QH_2 QS_1,120,2,4,4,0,0,1,300,230,0,0,0.5533,-72.1333,138.6,,,0,
bid,D,40,270,,,10C_1 10H_2 9C_2 9D_2 JC_1 JH_2 JS_1 JS_2 KD_1 KH_2 QD_2 QS_2,50,0,3,3,0,0,0,300,-230,0,0,0.16,-401.5333,-131.6,,,0,
bid,D,270,40,,,10H_1 10S_2 9H_1 9H_2 9S_1 AC_2 AD_1 AD_2 JD_2 JH_1 KC_2 QH_1,0,3,3,5,0,0,0,300,230,0,1,0.1533,-366.6667,90.2,,,0,
fold,S,40,270,90,130,10H_2 9D_1 9S_2 AH_1 AS_1 AS_2 JC_2 JD_1 JS_1 KC_1 QC_1 QS_2,70,3,5,3,0,1,0,250,-230,0,0,0.42,,,-262.2667,-380.0,,0
bid,C,-210,550,,,10C_2 10D_1 9C_2 9D_1 9S_1 AC_2 AD_1 JC_1 KC_2 QD_1 QD_2 QH_1,10,2,5,5,0,0,0,300,-760,0,0,0.62,15.6667,-79.0667,,,1,
bid,S,550,-210,,,10D_2 10S_2 9D_2 9H_1 AS_2 JD_1 JS_1 JS_2 KH_1 KS_2 QC_1 QH_2,20,1,5,3,0,0,0,340,760,0,0,0.42,-151.2,33.6667,,,0,
bid,S,-210,550,,,10H_1 10H_2 9H_2 9S_2 AC_1 AH_1 AH_2 JD_2 KD_2 KH_2 KS_1 QS_1,90,3,3,6,0,1,0,340,-760,1,0,0.4,-181.6,210.6,,,0,
bid,C,550,-210,,,10C_1 10S_1 9C_1 AD_2 AS_1 JC_2 JH_1 JH_2 KC_1 KD_1 QC_2 QS_2,50,2,5,3,0,0,0,340,760,0,1,0.5533,-41.6667,127.1333,,,0,
bid,C,620,-540,,,10C_1 10C_2 10S_1 9D_2 9S_1 AC_1 AD_1 AS_1 JC_2 KD_1 KS_2 QH_2,0,3,4,4,0,0,0,300,1160,0,0,0.6133,-33.9333,-53.4,,,1,
bid,D,-540,620,,,10D_1 10D_2 10H_2 AH_1 AH_2 AS_2 JD_1 JS_1 KD_2 QC_1 QC_2 QD_2,40,3,5,3,0,0,0,300,-1160,0,0,0.6733,84.4667,239.6,,,0,
bid,D,620,-540,,,10H_1 10S_2 9H_2 AC_2 AD_2 JH_1 JH_2 KC_1 KC_2 KH_1 KS_1 QD_1,0,2,2,5,0,0,0,300,1160,0,1,0.0933,-411.6667,-21.2,,,0,
fold,H,-540,620,110,10,10D_1 9C_1 9C_2 9D_1 9H_1 AH_1 JC_1 JD_1 JD_2 KH_2 QH_1 QS_1,90,1,4,4,0,1,0,250,-1160,0,0,0.4667,,,-135.4667,-260.0,,0
bid,C,-790,790,,,10D_2 10H_1 10H_2 10S_1 9C_2 9H_2 AC_1 AC_2 JC_1 JD_2 KC_1 QS_2,50,2,5,3,0,1,0,300,-1580,0,0,0.5467,-82.4667,75.0667,,,0,
bid,C,790,-790,,,10C_2 10D_1 10S_2 9C_1 AS_2 JH_1 KC_2 KS_1 QC_1 QC_2 QD_1 QH_1,50,1,5,3,0,0,0,300,1580,0,0,0.4667,-142.0,-86.0667,,,0,
bid,H,-790,790,,,10C_1 9D_2 9H_1 AD_1 AH_1 AH_2 JS_1 KD_2 KH_1 KH_2 KS_2 QH_2,50,3,6,3,0,0,0,310,-1580,0,1,0.7667,107.2667,-63.7333,,,1,
bid,D,790,-790,,,9D_1 9S_1 9S_2 AD_2 AS_1 JC_2 JD_1 JH_2 JS_2 KD_1 QD_2 QS_1,130,2,5,5,0,1,1,310,1580,1,0,0.7067,68.6667,62.5333,,,1,
fold,C,790,-790,170,70,10C_2 9C_1 AS_1 AS_2 JD_1 JH_1 KC_2 QC_1 QC_2 QD_1 QH_1 QS_1,150,2,5,3,0,1,1,300,1580,0,0,0.54,,,-147.6,-370.0,,0
bid,S,0,0,,,10S_1 10S_2 9C_1 9C_2 9D_2 AS_1 JC_2 JD_2 KS_1 QC_2 QH_1 QS_1,80,1,5,4,0,1,0,300,0,0,0,0.68,2.4667,-4.4667,,,1,
bid,D,0,0,,,9D_1 9H_1 9H_2 AC_2 JH_2 JS_1 JS_2 KD_1 KS_2 QC_1 QD_2 QS_2,70,1,3,4,0,0,0,340,0,0,0,0.12,-419.0667,82.0,,,0,
bid,D,0,0,,,10D_1 10H_1 10H_2 9S_1 AC_1 AD_2 JD_1 JH_1 KC_1 KC_2 KD_2 QD_1,150,2,5,3,1,0,0,340,0,1,0,0.6667,-10.3333,74.0,,,0,
bid,H,0,0,,,10C_1 10C_2 10D_2 9S_2 AD_1 AH_1 AH_2 AS_2 JC_1 KH_1 KH_2 QH_2,40,4,5,3,0,0,0,340,0,0,1,0.6933,52.6,49.7333,,,1,
fold,S,0,0,130,90,10S_1 10S_2 9C_2 9D_2 AC_1 AD_2 AS_1 JD_1 JD_2 KS_1 QH_1 QS_1,80,3,5,4,0,1,0,330,0,0,0,0.2733,,,-314.4,-420.0,,0
bid,C,210,-330,,,10S_1 9D_1 AC_1 AC_2 AH_2 JC_1 JD_1 JD_2 KD_1 KH_1 KH_2 QH_1,20,3,3,4,0,0,0,300,540,0,0,0.28,-248.6667,203.8667,,,0,
bid,H,-330,210,,,10C_1 10D_2 10H_1 9D_2 9H_1 AD_1 AD_2 AH_1 JH_2 JS_1 KD_2 KS_1,10,3,4,5,0,0,0,300,-540,0,0,0.4667,-134.4667,-93.6,,,0,
bid,S,210,-330,,,10C_2 10H_2 9C_2 9S_1 9S_2 AS_2 JC_2 JH_1 KC_1 QH_2 QS_1 QS_2,20,1,5,4,0,0,0,300,540,0,1,0.2867,-231.0,-45.3333,,,0,
fold,S,-330,210,40,40,10S_2 9C_1 9H_2 AH_1 AS_1 JS_1 JS_2 KC_2 KS_1 KS_2 QC_1 QC_2,20,2,6,4,0,0,0,250,-540,0,0,0.16,,,-307.4667,-290.0,,1
bid,C,-580,340,,,10D_1 10H_1 9C_2 9D_2 9H_1 AH_2 JC_2 JD_2 KD_1 KH_1 KH_2 KS_2,10,1,2,5,0,0,0,300,-920,0,0,0.1067,-394.8,-82.0,,,0,
bid,D,340,-580,,,10D_2 9C_1 9S_2 AC_2 AD_2 JD_1 JS_1 KC_1 KD_2 KS_1 QC_2 QS_2,80,2,4,4,0,1,0,300,920,0,0,0.66,-3.4667,-9.3333,,,1,
bid,S,-580,340,,,10C_2 10S_1 10S_2 9D_1 9H_2 AC_1 AS_1 JH_1 KC_2 QD_1 QH_1 QH_2,0,2,3,4,0,0,0,300,-920,0,1,0.1,-399.1333,36.8667,,,0,
fold,H,340,-580,100,20,10H_2 9S_1 AC_2 AH_1 JC_1 JD_1 JH_2 JS_2 QC_1 QD_2 QS_1 QS_2,80,2,3,4,0,1,1,250,920,0,0,0.34,,,-211.7333,-270.0,,0
bid,H,90,-560,,,10C_2 10D_1 10D_2 9D_2 9H_1 AD_2 AH_1 AS_2 KH_1 QC_2 QH_2 QS_1,50,3,4,4,0,0,0,300,650,0,0,0.8067,135.9333,92.8667,,,1,
bid,S,-560,90,,,10S_2 9S_2 AC_1 AH_2 AS_1 JH_2 JS_1 JS_2 KD_2 KH_2 QD_1 QD_2,30,3,5,3,0,0,0,310,-650,0,0,0.3667,-190.7333,4.1333,,,0,
bid,S,90,-560,,,10S_1 9D_1 9H_2 9S_1 AD_1 JD_2 KC_1 KD_1 KS_1 QC_1 QH_1 QS_2,110,1,4,4,0,1,0,310,650,1,0,0.44,-147.4667,28.8667,,,0,
bid,C,-560,90,,,10C_1 10H_1 10H_2 9C_1 9C_2 AC_2 JC_1 JC_2 JD_1 JH_1 KC_2 KS_2,20,1,7,3,0,0,0,310,-650,0,1,0.7733,134.4,-87.5333,,,1,
bid,H,90,-560,,,10C_2 10D_1 10D_2 9D_2 9H_1 AD_2 AH_1 AS_2 KH_1 QC_2 QH_2 QS_1,50,3,4,4,0,0,0,320,650,0,1,0.8067,129.8,132.0667,,,0,
bid,S,-870,210,,,10D_1 10D_2 9C_1 9H_1 9S_2 AC_2 JD_1 JD_2 JS_2 KD_1 KH_2 QC_1,10,1,2,5,0,0,0,300,-1080,0,0,0.1533,-353.1333,-65.4667,,,0,
bid,S,210,-870,,,9C_2 9D_1 9D_2 9S_1 AD_1 AH_2 AS_1 JC_1 JH_1 JH_2 KC_2 KD_2,10,3,2,4,0,0,0,300,1080,0,0,0.1133,-412.9333,5.3333,,,0,
bid,C,-870,210,,,10C_1 10H_1 10H_2 9H_2 AD_2 JS_1 KC_1 KH_1 KS_1 KS_2 QC_2 QD_2,40,1,3,4,0,0,0,300,-1080,0,1,0.2933,-307.5333,-59.7333,,,0,
fold,C,210,-870,10,50,10C_2 AC_1 AD_1 AS_2 JC_1 JC_2 KC_2 QD_1 QH_1 QH_2 QS_1 QS_2,0,3,5,3,0,0,0,250,1080,0,0,0.0533,,,-357.4667,-300.0,,1
bid,S,-40,-820,,,10D_1 10D_2 10S_1 10S_2 9S_2 AC_2 AD_2 AH_1 AS_1 JC_2 KC_1 QD_1,110,4,4,4,0,0,1,300,780,0,0,0.94,175.2,144.7333,,,1,
bid,C,-820,-40,,,10H_1 10H_2 9C_2 9H_2 AC_1 JD_1 JH_1 JS_2 KC_2 KS_1 QC_1 QS_1,110,1,4,4,0,1,0,300,-780,0,0,0.56,-83.4667,76.8667,,,0,
bid,D,-40,-820,,,10C_1 10C_2 9H_1 9S_1 AS_2 JC_1 JH_2 JS_1 KD_1 QC_2 QD_2 QS_2,40,1,2,4,0,0,0,300,780,0,1,0.1933,-366.5333,-25.6667,,,0,
fold,H,-820,-40,150,130,10H_1 9C_1 9D_1 9D_2 AH_2 JD_1 JD_2 KH_1 KH_2 QH_1 QH_2 QS_1,120,1,6,4,0,1,0,250,-780,0,0,0.7533,,,-58.1333,-380.0,,0
bid,H,-460,130,,,10H_2 10S_2 AH_1 JD_2 JH_1 JH_2 KD_1 KH_2 QC_2 QH_1 QH_2 QS_2,190,1,7,2,1,1,0,300,-590,0,0,1.0,429.9333,25.2,,,1,
bid,D,130,-460,,,10C_1 10C_2 10S_1 9D_2 AC_1 AC_2 AD_2 JS_2 KC_1 KC_2 KH_1 KS_1,10,3,2,6,0,0,0,340,590,0,0,0.06,-436.5333,54.9333,,,0,
bid,S,-460,130,,,10D_2 9S_1 AD_1 AS_2 JC_2 JD_1 JS_1 KS_2 QC_1 QD_1 QD_2 QS_1,90,2,5,5,0,1,0,340,-590,1,0,0.8267,195.9333,127.3333,,,1,
bid,H,130,-460,,,10D_1 10H_1 9C_1 9C_2 9D_1 9H_1 9H_2 9S_2 AH_2 AS_1 JC_1 KD_2,20,2,4,3,0,0,0,340,590,0,1,0.06,-436.4667,-71.2,,,0,
fold,H,-460,130,470,20,10H_2 AH_1 AS_2 JD_1 JD_2 JH_1 JH_2 KH_2 QH_1 QH_2 QS_1 QS_2,450,2,7,3,1,1,0,330,-590,0,0,1.0,,,538.2667,-350.0,,0
bid,C,250,160,,,10S_2 9S_1 AC_2 AD_2 AH_1 AH_2 JC_1 KC_2 KS_2 QC_1 QH_1 QS_1,60,4,4,4,0,0,0,300,90,0,0,0.9133,234.0,203.3333,,,1,
bid,D,160,250,,,10D_2 10S_1 9C_2 9D_2 9S_2 JH_2 JS_1 KC_1 KD_2 KS_1 QD_2 QH_2,50,0,4,4,0,0,0,300,-90,0,0,0.32,-291.1333,-145.1333,,,0,
bid,S,250,160,,,10C_1 10C_2 10D_1 10H_1 AC_1 AS_2 JD_1 KD_1 KH_1 KH_2 QC_2 QS_2,40,2,2,4,0,1,0,300,90,0,1,0.3,-262.0,192.2,,,0,
fold,S,160,250,70,110,10S_1 9C_1 9H_1 9H_2 AS_1 JC_2 JD_2 JH_1 JS_1 JS_2 KS_1 QD_1,40,1,5,3,0,0,1,250,-90,0,0,0.14,,,-402.1333,-360.0,,1
bid,C,-90,360,,,9D_1 9D_2 AC_2 AD_1 AS_2 JD_2 JH_1 JS_1 KC_1 KD_1 QC_1 QS_1,80,3,3,5,0,1,0,300,-450,0,0,0.74,69.2,100.1333,,,0,
bid,H,360,-90,,,10C_1 10H_2 9C_1 9H_1 9H_2 AH_2 JC_1 JD_1 KC_2 KS_2 QD_2 QS_2,80,1,4,4,0,1,0,300,450,0,0,0.28,-281.9333,-61.8667,,,0,
bid,D,-90,360,,,10C_2 10D_1 10D_2 10S_1 10S_2 9C_2 9S_2 AD_2 AH_1 JC_2 QH_1 QH_2,0,2,3,3,0,0,0,300,-450,0,1,0.08,-402.4,3.6667,,,0,
fold,D,360,-90,100,80,9S_1 AS_1 JD_1 JH_2 JS_2 KD_2 KH_1 KS_1 QC_2 QD_1 QD_2 QS_2,100,1,4,5,0,1,0,250,450,0,0,0.2467,,,-333.0667,-330.0,,1
bid,S,110,-10,,,10D_1 10S_1 AS_1 JC_2 JS_2 KC_1 KC_2 KD_2 QC_1 QD_1 QH_1 QS_1,100,1,4,4,0,0,1,300,120,0,0,0.56,-87.4,88.9333,,,0,
bid,H,-10,110,,,10C_1 10D_2 10H_2 10S_2 9C_2 9S_1 AD_2 JC_1 JS_1 KD_1 KS_1 QC_2,0,1,1,4,0,0,0,300,-120,0,0,0.0533,-487.4,-171.3333,,,0,
bid,H,110,-10,,,9D_1 9H_2 9S_2 AC_1 AD_1 AH_2 AS_2 JD_2 KH_2 KS_2 QD_2 QH_2,150,4,4,4,0,0,1,300,120,0,1,0.9933,324.1333,119.2667,,,1,
bid,H,-10,110,,,10C_2 10H_1 9C_1 9D_2 9H_1 AC_2 AH_1 JD_1 JH_1 JH_2 KH_1 QS_2,50,2,6,3,0,1,0,340,-120,0,1,0.7467,151.0,7.9333,,,1,
bid,H,110,-10,,,9D_1 9H_2 9S_2 AC_1 AD_1 AH_2 AS_2 JD_2 KH_2 KS_2 QD_2 QH_2,150,4,4,4,0,0,1,350,120,0,1,0.9667,326.8667,215.0667,,,1,
bid,H,-10,110,,,10C_2 10H_1 9C_1 9D_2 9H_1 AC_2 AH_1 JD_1 JH_1 JH_2 KH_1 QS_2,50,2,6,3,0,1,0,360,-120,0,1,0.6333,42.8,73.3333,,,0,
fold,H,110,-10,190,50,9H_2 9S_2 AC_1 AD_1 AH_2 AS_1 AS_2 KH_2 QD_2 QH_1 QH_2 QS_1,150,5,5,4,0,0,1,350,120,0,0,0.94,,,244.3333,-400.0,,0
bid,H,130,460,,,10C_1 10H_2 10S_1 9C_2 9D_2 9S_2 AH_2 JD_1 JH_1 QC_1 QD_2 QS_2,40,1,3,3,0,1,0,300,-330,0,0,0.3,-302.4667,-9.0,,,0,
bid,C,460,130,,,10C_2 AC_2 AD_1 AS_1 AS_2 JH_2 JS_1 KC_2 KS_2 QC_2 QD_1 QH_1,40,4,4,4,0,0,0,300,330,0,0,0.9133,239.0667,26.1333,,,1,
bid,H,130,460,,,10D_1 10D_2 10H_1 10S_2 9C_1 9D_1 AH_1 JC_2 KH_2 KS_1 QH_2 QS_1,60,1,4,3,0,0,0,340,-330,0,1,0.4533,-179.7333,114.4667,,,0,
bid,S,460,130,,,9H_1 9H_2 9S_1 AC_1 AD_2 JC_1 JD_2 JS_2 KC_1 KD_1 KD_2 KH_1,10,2,2,4,0,0,0,340,330,1,0,0.06,-419.6667,77.7333,,,0,
bid,H,130,230,,,10D_1 10S_1 9H_1 9S_1 9S_2 AC_1 AH_1 AH_2 JC_1 JH_2 KD_1 KH_1,10,3,5,3,0,0,0,300,-100,0,0,0.3133,-262.6667,-71.2667,,,0,
bid,H,230,130,,,10C_1 10H_1 10S_2 9C_1 9D_1 AC_2 JD_1 JD_2 KC_2 KH_2 KS_1 QH_1,40,1,3,4,0,0,0,300,100,0,0,0.3533,-229.6667,36.8667,,,0,
bid,S,130,230,,,10C_2 10H_2 AD_1 AD_2 AS_1 AS_2 JS_1 KC_1 KD_2 KS_2 QD_1 QS_1,60,4,5,4,0,0,0,300,-100,0,1,0.88,215.7333,138.5333,,,1,
bid,D,230,130,,,10D_2 9C_2 9D_2 9H_2 JC_2 JH_1 JS_2 QC_1 QC_2 QD_2 QH_2 QS_2,70,0,3,4,0,0,1,340,100,0,1,0.08,-392.6667,68.2,,,0,
fold,S,130,230,290,80,10S_1 AC_1 AD_1 AD_2 AH_1 AS_1 AS_2 JS_1 KD_2 KS_2 QD_1 QS_1,270,6,6,4,1,0,1,330,-100,0,0,1.0,,,416.8,-410.0,,0
bid,C,320,660,,,10D_2 10H_2 10S_1 9S_2 JS_2 KC_2 KD_2 KH_2 QC_2 QH_2 QS_1 QS_2,60,0,2,5,0,0,0,300,-340,0,0,0.3,-276.0667,-49.4667,,,0,
bid,C,660,320,,,10D_1 10S_2 9C_1 9S_1 AC_1 AC_2 AH_1 AS_2 JC_2 JD_1 KC_1 KS_2,10,4,5,4,0,0,0,300,340,0,0,0.7533,117.6667,92.6667,,,1,
bid,H,320,660,,,10C_2 9D_1 9H_1 9H_2 JD_2 JH_1 JH_2 KH_1 QC_1 QD_1 QD_2 QH_1,60,0,6,4,0,0,0,310,-340,0,1,0.4133,-185.3333,-93.0,,,0,
bid,D,660,320,,,10C_1 10H_1 9C_2 9D_2 AD_1 AD_2 AH_2 AS_1 JC_1 JS_1 KD_1 KS_1,10,4,4,3,0,0,0,310,340,1,0,0.2267,-317.8667,-61.1333,,,0,
bid,C,360,400,,,10C_2 9C_2 9D_2 AC_1 AC_2 AD_2 AH_2 KC_1 KS_2 QC_1 QC_2 QD_2,50,4,7,3,0,0,0,300,-40,0,0,0.9933,368.7333,-55.0,,,1,
bid,H,400,360,,,10H_1 AH_1 JC_1 JD_2 JS_1 JS_2 KC_2 KH_2 KS_1 QD_1 QH_1 QH_2,40,1,5,3,0,0,0,340,40,0,0,0.44,-163.3333,148.5333,,,0,
bid,S,360,400,,,10S_1 9C_1 9D_1 9H_1 9S_2 AD_1 AS_1 JC_2 JD_1 KD_1 KD_2 QS_2,50,2,4,5,0,1,0,340,-40,1,0,0.3333,-233.5333,37.4667,,,0,
bid,S,400,360,,,10C_1 10D_1 10D_2 10H_2 10S_2 9H_2 9S_1 AS_2 JH_1 JH_2 KH_1 QS_1,10,1,4,5,0,0,0,340,40,0,1,0.14,-377.5333,25.8,,,0,
fold,C,360,400,100,20,10C_2 10S_1 9C_2 9D_2 AC_1 AC_2 JD_1 KC_1 QC_1 QC_2 QD_2 QS_2,90,2,7,3,0,1,0,330,-40,0,0,0.16,,,-348.9333,-350.0,,0
bid,S,420,30,,,10C_1 9C_2 9S_1 9S_2 AD_1 AS_1 JC_2 JH_2 KD_1 KH_1 QC_2 QS_2,20,2,4,4,0,0,0,300,390,0,0,0.0933,-398.8,-1.2,,,0,
bid,S,30,420,,,10D_1 10S_1 9C_1 9D_1 9D_2 AC_1 KH_2 KS_1 QC_1 QH_1 QH_2 QS_1,60,1,3,3,0,0,0,300,-390,0,0,0.3333,-276.2,-22.0,,,0,
bid,H,420,30,,,10H_2 10S_2 9H_1 9H_2 AC_2 AH_2 AS_2 JD_1 JH_1 JS_1 JS_2 QD_1,20,3,5,4,0,0,0,300,390,0,1,0.68,44.6667,34.4667,,,1,
fold,D,30,420,230,0,10D_1 10D_2 10S_1 AD_2 AH_1 JC_1 JD_2 KC_1 KC_2 KD_2 QD_2 QS_1,190,2,6,3,1,1,0,250,-390,0,0,1.0,,,288.9333,-250.0,,0
bid,S,420,510,,,10H_1 10S_2 9D_2 9S_1 AD_2 AS_2 JS_1 KD_2 KH_2 KS_2 QC_1 QD_1,30,2,5,4,0,0,0,300,-90,0,0,0.7267,36.9333,-47.0667,,,1,
bid,H,510,420,,,10D_2 9C_2 9D_1 9H_1 AH_1 AH_2 AS_1 JS_2 KC_1 KH_1 KS_1 QD_2,10,3,4,3,0,0,0,300,90,0,0,0.22,-330.2667,82.1333,,,0,
bid,C,420,510,,,10S_1 9C_1 9S_2 AC_1 AD_1 JD_2 JH_2 KC_2 KD_1 QC_2 QH_1 QH_2,50,2,4,3,0,0,0,300,-90,0,1,0.5067,-117.4,105.4,,,0,
fold,C,510,420,50,70,10C_1 10C_2 9H_2 AC_2 AH_2 AS_1 JC_1 JC_2 JD_1 KC_1 QS_1 QS_2,40,3,6,3,0,1,0,250,90,0,0,0.3133,,,-231.2667,-320.0,,0
bid,D,260,590,,,10D_1 10D_2 AC_1 AD_2 AH_1 AH_2 AS_1 JD_1 JS_2 KD_1 KD_2 QS_2,140,5,6,3,0,1,1,300,-330,0,0,0.9733,348.8,259.4,,,1,
bid,S,590,260,,,10C_1 10H_1 10S_2 9S_2 AS_2 JD_2 KC_2 KH_2 KS_1 KS_2 QD_1 QS_1,90,1,6,2,0,1,0,300,330,0,0,0.8067,144.0,-4.8667,,,1,
bid,C,260,590,,,10C_2 10S_1 9C_1 9C_2 9H_1 9S_1 AC_2 JC_1 JH_2 JS_1 QH_1 QH_2,20,1,5,4,0,0,0,340,-330,0,1,0.1933,-327.0667,-61.0,,,0,
bid,D,590,260,,,10H_2 9D_1 9D_2 9H_2 AD_1 JC_2 JH_1 KC_1 KH_1 QC_1 QC_2 QD_2,40,1,4,4,0,0,0,340,330,1,0,0.0467,-435.6,-36.8,,,0,
fold,S,590,260,130,150,10H_2 10S_2 9S_2 AD_1 AS_2 JD_2 KH_1 KH_2 KS_1 KS_2 QD_1 QS_1,90,2,6,3,0,1,0,330,330,0,0,0.2267,,,-418.6667,-480.0,,0
bid,S,260,410,,,10C_2 10D_2 9C_2 AD_2 AS_2 JC_2 JS_2 KC_2 KH_2 QD_1 QD_2 QH_2,20,2,2,4,0,0,0,300,-150,0,0,0.0533,-437.7333,14.4667,,,0,
bid,H,410,260,,,10C_1 10D_1 10H_2 10S_2 9D_2 9H_1 AC_2 AH_2 JD_2 JH_1 KD_1 KS_2,10,2,4,4,0,0,0,300,150,0,0,0.32,-266.2667,-1.0667,,,0,
bid,C,260,410,,,10S_1 9S_2 AC_1 AD_1 AH_1 JH_2 JS_1 KC_1 KD_2 KH_1 KS_1 QC_1,120,3,3,4,0,0,1,300,-150,0,1,0.7533,15.4667,69.2667,,,0,
fold,D,410,260,320,120,10D_1 9C_1 9D_1 9H_2 9S_1 JC_1 JD_1 JD_2 KD_1 QH_1 QS_1 QS_2,310,0,5,3,0,1,0,250,150,0,0,1.0,,,161.6,-370.0,,0
bid,D,800,560,,,10C_2 10S_2 9C_1 9H_1 9S_2 AD_1 AD_2 JS_1 QC_1 QC_2 QH_2 QS_2,0,2,2,4,0,0,0,300,240,0,0,0.06,-426.1333,224.6,,,0,
bid,C,560,800,,,10D_2 10S_1 9D_2 AC_2 AH_1 JC_1 JH_2 JS_2 KH_1 KH_2 QD_1 QD_2,0,2,2,4,0,0,0,300,-240,0,0,0.14,-370.5333,-26.9333,,,0,
bid,S,800,560,,,10C_1 10H_1 10H_2 9D_1 9S_1 JC_2 JH_1 KC_2 KD_1 KD_2 QH_1 QS_1,10,0,2,4,0,0,0,300,240,0,1,0.0533,-453.9333,-93.0,,,0,
fold,H,560,800,10,10,9C_2 9H_2 AH_1 AH_2 AS_1 AS_2 JD_1 JD_2 KH_1 KH_2 KS_1 KS_2,10,4,5,4,0,0,0,250,-240,0,0,0.0867,,,-298.4,-260.0,,1
bid,S,310,810,,,9D_2 9S_2 AC_2 AS_2 JH_2 JS_1 JS_2 KD_1 QC_1 QC_2 QD_2 QH_1,30,2,4,3,0,0,0,300,-500,0,0,0.1133,-389.8667,16.1333,,,0,
bid,D,810,310,,,10D_1 10H_2 9C_2 9H_2 9S_1 AD_1 AD_2 AS_1 JC_1 JH_1 KC_1 QS_2,0,3,3,3,0,0,0,300,500,0,0,0.1267,-393.2,120.6,,,0,
bid,H,310,810,,,10C_1 10H_1 10S_2 9C_1 9D_1 JD_2 KC_2 KD_2 KH_1 KH_2 QH_2 QS_1,80,0,4,3,0,1,0,310,-500,0,1,0.4533,-171.0667,-28.7333,,,0,
bid,H,810,310,,,10C_2 10D_2 10S_1 9H_1 AC_1 AH_1 AH_2 JC_2 JD_1 KS_1 KS_2 QD_1,10,3,3,3,0,0,0,310,500,1,0,0.0867,-397.1333,223.8667,,,0,
bid,S,510,430,,,10C_1 10D_2 10S_2 9C_1 9C_2 9S_1 9S_2 AS_2 JC_1 JD_2 QH_2 QS_1,60,1,5,4,0,1,0,300,80,0,0,0.5067,-119.0667,-31.3333,,,0,
bid,H,430,510,,,10C_2 10H_2 9D_1 9H_1 9H_2 AD_1 AS_1 KD_2 KH_1 KS_1 KS_2 QH_1,60,2,5,3,0,0,0,300,-80,0,0,0.5467,-76.4667,-57.6,,,0,
bid,D,510,430,,,10D_1 10H_1 10S_1 9D_2 AC_2 AD_2 JC_2 JD_1 JH_2 JS_2 KD_1 KH_2,50,2,5,3,0,0,1,300,80,0,1,0.5067,-122.6667,19.8,,,0,
fold,C,430,510,120,100,10C_2 AC_1 AD_1 AS_1 JH_1 JS_1 KC_1 KC_2 QC_1 QC_2 QD_1 QD_2,80,3,6,3,0,0,0,250,-80,0,0,0.9,,,72.4667,-350.0,,0
bid,C,700,710,,,10C_1 10D_1 AC_1 JC_2 JD_1 JS_2 KD_2 KH_1 KS_1 KS_2 QC_1 QD_2,20,1,4,4,0,0,0,300,-10,0,0,0.56,-88.2,9.9333,,,0,
bid,S,710,700,,,10S_1 9C_1 9C_2 9H_1 9S_1 AS_1 JC_1 JH_1 JH_2 KC_2 QD_1 QH_1,10,1,3,4,0,0,0,300,10,0,0,0.12,-418.3333,-105.2667,,,0,
bid,D,700,710,,,10C_2 10H_1 10S_2 9D_2 9H_2 AD_1 AH_1 JD_2 JS_1 KC_1 QS_1 QS_2,50,2,3,4,0,1,0,300,-10,0,1,0.4,-191.1333,56.0,,,0,
fold,H,710,700,280,70,10H_2 10S_1 9D_1 AC_2 AD_2 AH_2 AS_2 JH_2 KH_2 QC_2 QH_1 QH_2,250,4,6,2,1,0,1,250,10,0,0,1.0,,,336.9333,-320.0,,0
bid,C,0,0,,,10C_1 9C_1 9H_1 9H_2 9S_1 AC_2 AS_2 JC_1 JC_2 JD_2 KD_2 QD_2,30,2,5,3,0,0,0,300,0,0,0,0.4733,-143.2,-22.4667,,,0,
bid,H,0,0,,,10H_2 9C_2 9D_2 AC_1 AH_1 AS_1 JD_1 JH_1 JH_2 KH_2 QH_2 QS_2,190,3,6,2,1,1,0,300,0,0,0,1.0,420.0,78.4,,,1,
bid,D,0,0,,,10H_1 10S_1 9D_1 9S_2 AD_1 AD_2 KC_1 KH_1 KS_2 QC_2 QH_1 QS_1,70,2,3,4,0,0,0,340,0,0,1,0.1133,-395.7333,318.2,,,0,
bid,D,0,0,,,10C_2 10D_1 10D_2 10S_2 AH_2 JS_1 JS_2 KC_2 KD_1 KS_1 QC_1 QD_1,60,1,4,4,0,0,0,340,0,1,0,0.1867,-380.2667,-30.8,,,0,
fold,H,0,0,230,120,10C_2 10D_2 10H_2 9C_2 AH_1 AH_2 JD_1 JH_1 JH_2 KH_2 QH_2 QS_2,190,2,7,2,1,1,0,330,0,0,0,0.7067,,,-26.8667,-450.0,,0
bid,S,360,240,,,10S_2 9D_1 9D_2 9H_1 9S_2 AC_1 AD_2 AH_1 JD_2 KD_1 KS_1 QS_1,90,3,4,5,0,1,0,300,120,0,0,0.7533,140.5333,66.8667,,,1,
bid,H,240,360,,,10H_2 AC_2 AD_1 AH_2 JC_2 JD_1 JH_2 JS_1 KC_2 KH_2 QD_2 QH_2,190,3,5,3,1,0,1,310,-120,0,0,0.9867,311.4,165.7333,,,1,
bid,H,360,240,,,10C_1 10D_1 10D_2 9C_1 9C_2 9S_1 JH_1 JS_2 KC_1 KH_1 KS_2 QH_1,40,0,3,4,0,0,0,320,120,1,0,0.2133,-385.0667,-117.6,,,0,
bid,D,240,360,,,10C_2 10H_1 10S_1 9H_2 AS_1 AS_2 JC_1 KD_2 QC_1 QC_2 QD_1 QS_2,40,2,2,4,0,0,0,320,-120,1,0,0.1467,-376.2667,183.4,,,0,
bid,S,360,240,,,10S_2 9D_1 9D_2 9H_1 9S_2 AC_1 AD_2 AH_1 JD_2 KD_1 KS_1 QS_1,90,3,4,5,0,1,0,320,120,0,1,0.6867,95.4,40.5333,,,1,
bid,H,240,360,,,10H_2 AC_2 AD_1 AH_2 JC_2 JD_1 JH_2 JS_1 KC_2 KH_2 QD_2 QH_2,190,3,5,3,1,0,1,330,-120,0,1,0.9667,318.4,208.4,,,1,
bid,S,360,240,,,10S_2 9D_1 9D_2 9H_1 9S_2 AC_1 AD_2 AH_1 JD_2 KD_1 KS_1 QS_1,90,3,4,5,0,1,0,340,120,0,1,0.6067,13.9333,111.6,,,0,
fold,H,240,360,280,110,10H_1 10H_2 AH_2 AS_1 JC_2 JD_1 JH_2 JS_1 KH_2 QD_2 QH_2 QS_2,230,2,6,3,1,1,1,330,-120,0,0,1.0,,,232.4,-440.0,,0
bid,D,700,540,,,10D_1 10H_2 9D_2 9S_1 AH_1 JC_1 JC_2 KD_1 KD_2 QD_1 QD_2 QH_1,90,1,6,3,0,0,0,300,160,0,0,0.48,-129.0667,-65.4667,,,0,
bid,C,540,700,,,10C_1 10C_2 10D_2 9C_1 9C_2 9H_1 9H_2 9S_2 AC_1 AC_2 JH_1 KS_2,20,2,6,3,0,0,0,310,-160,0,0,0.22,-315.4667,-55.0667,,,0,
bid,D,700,540,,,10S_2 9D_1 AD_1 AD_2 AH_2 JS_2 KC_1 KH_1 QC_1 QC_2 QS_1 QS_2,30,3,3,4,0,0,0,310,160,1,0,0.1733,-319.8,281.4,,,0,
bid,S,540,700,,,10H_1 10S_1 AS_1 AS_2 JD_1 JD_2 JH_2 JS_1 KC_2 KH_2 KS_1 QH_2,20,2,5,4,0,0,0,310,-160,0,1,0.6,-6.4,198.0,,,0,
fold,D,700,540,120,20,10D_1 9D_2 9S_1 AD_2 JC_1 KD_1 KD_2 QD_1 QD_2 QH_1 QS_1 QS_2,90,1,7,3,0,0,0,300,160,0,0,0.3867,,,-171.8667,-320.0,,0
bid,S,640,400,,,10C_1 10H_1 10S_2 9D_1 9H_2 9S_1 AD_1 AH_1 JC_2 JD_2 KS_1 QS_2,90,2,4,3,0,1,0,300,240,0,0,0.6333,-10.2,-7.7333,,,0,
bid,C,400,640,,,10C_2 9C_1 AC_1 AH_2 AS_1 JC_1 JD_1 KC_1 KH_1 KS_2 QC_1 QD_2,160,3,6,2,1,0,0,300,-240,0,0,1.0,368.2667,36.6,,,1,
bid,C,640,400,,,10D_2 9D_2 9S_2 AC_2 AS_2 JH_2 KC_2 KD_2 QC_2 QD_1 QH_2 QS_1,120,2,3,4,0,0,1,340,240,0,1,0.3467,-252.9333,241.3333,,,0,
bid,H,400,640,,,10D_1 10H_2 10S_1 9C_2 9H_1 AD_2 JH_1 JS_1 JS_2 KD_1 KH_2 QH_1,50,1,5,3,0,0,0,340,-240,1,0,0.5267,-113.6,-20.7333,,,0,
fold,C,400,640,190,180,10C_2 10D_1 10S_1 9C_1 AC_1 AD_2 AH_2 JC_1 JD_1 KC_1 QC_1 QD_2,160,3,6,4,1,0,0,330,-240,0,0,0.8733,,,39.6,-510.0,,0
bid,S,750,910,,,10D_1 9C_2 9H_1 AC_2 AS_1 JD_2 JH_2 KS_2 QD_1 QH_1 QH_2 QS_1,80,2,3,4,0,1,0,300,-160,0,0,0.54,-109.7333,108.4,,,0,
bid,D,910,750,,,10D_2 10H_1 9C_1 9D_1 AD_2 AH_2 JC_1 JD_1 JH_1 KC_2 KD_1 KD_2,10,2,6,3,0,0,0,300,160,0,0,0.6267,16.4,-20.0667,,,1,
bid,S,750,910,,,10H_2 10S_2 9H_2 AC_1 AD_1 AH_1 AS_2 JC_2 JS_2 KH_2 QC_2 QD_2,100,4,3,4,0,0,1,300,-160,0,1,0.8067,72.4667,62.7333,,,1,
fold,S,910,750,120,180,10S_1 9D_2 9S_1 9S_2 AD_2 AH_2 JD_1 JS_1 KC_1 KS_1 QC_1 QS_2,120,2,6,3,0,1,0,250,160,0,0,0.56,,,-242.0667,-430.0,,0
bid,D,0,0,,,10S_1 9D_1 9H_2 AD_1 AD_2 AS_2 JC_2 JD_2 KD_1 QC_2 QD_1 QS_1,90,3,6,3,0,1,0,300,0,0,0,0.9267,285.4667,62.6667,,,1,
bid,H,0,0,,,10C_2 10D_1 10H_2 10S_2 9C_2 9H_1 9S_1 9S_2 AH_1 JH_2 KC_1 KH_1,10,1,5,3,0,0,0,340,0,0,0,0.2733,-301.6,-77.1333,,,0,
bid,S,0,0,,,10C_1 10D_2 10H_1 9C_1 JC_1 JH_1 JS_1 KC_2 KD_2 QH_1 QH_2 QS_2,0,0,2,4,0,0,0,340,0,1,0,0.06,-478.8667,43.1333,,,0,
bid,C,0,0,,,9D_2 AC_1 AC_2 AH_2 AS_1 JD_1 JS_2 KH_2 KS_1 KS_2 QC_1 QD_2,0,4,3,4,0,0,0,340,0,0,1,0.24,-281.6,210.7333,,,0,
fold,D,0,0,200,10,10D_2 9D_1 9H_2 AD_1 AD_2 JD_2 KD_1 KD_2 QC_2 QD_1 QS_1 QS_2,200,2,8,2,1,1,0,330,0,0,0,0.5333,,,-28.0,-340.0,,0
bid,C,100,360,,,10D_2 10H_2 AC_1 AS_2 JC_2 JH_2 JS_1 KC_1 KH_2 KS_2 QC_1 QH_2,60,2,4,4,0,0,0,300,-260,0,0,0.7067,7.3333,-69.5333,,,1,
bid,H,360,100,,,10C_2 10D_1 10H_1 10S_1 9C_1 9C_2 9D_1 9H_1 AD_1 AH_1 KD_2 KS_1,10,2,3,4,0,0,0,310,260,0,0,0.0867,-413.4,-131.6667,,,0,
bid,D,100,360,,,9D_2 9H_2 9S_1 AD_2 JC_1 JD_1 JS_2 KC_2 QD_1 QD_2 QH_1 QS_1,50,1,5,3,0,1,0,310,-260,1,0,0.4333,-146.6667,-26.5333,,,0,
bid,S,360,100,,,10C_1 10S_2 9S_2 AC_2 AH_2 AS_1 JD_2 JH_1 KD_1 KH_1 QC_2 QS_2,50,3,4,3,0,1,0,310,260,0,1,0.72,76.1333,140.0667,,,0,
fold,C,100,360,140,60,AC_1 AS_2 JC_2 JD_1 JH_2 JS_1 KC_1 KC_2 KH_2 QC_1 QH_2 QS_1,140,2,5,3,0,1,1,300,-260,0,0,0.5667,,,-102.8667,-360.0,,0
bid,S,540,-200,,,10D_1 10H_2 10S_2 9H_2 AS_2 JC_1 JC_2 JD_1 JS_2 KD_1 QS_1 QS_2,40,1,5,3,0,1,0,300,740,0,0,0.72,68.4667,2.3333,,,1,
bid,C,-200,540,,,10C_1 10D_2 9C_2 AD_2 AH_2 AS_1 KC_2 KH_2 KS_1 KS_2 QC_1 QC_2,50,3,5,3,0,0,0,300,-740,0,0,0.7333,134.1333,96.0,,,1,
bid,D,540,-200,,,10C_2 9D_1 9D_2 9S_1 AC_2 AD_1 AH_1 JH_1 JH_2 QD_1 QD_2 QH_1,20,3,5,4,0,0,0,300,740,0,1,0.26,-259.6,-88.8667,,,0,
fold,H,-200,540,70,50,10H_1 9C_1 9H_1 9S_2 AH_2 AS_1 JD_2 JS_1 KC_1 KH_1 KH_2 QH_2,50,2,6,3,0,0,0,250,-740,0,0,0.3467,,,-212.1333,-300.0,,0
bid,S,-450,680,,,10C_2 10D_1 9D_1 9H_2 AS_1 JH_1 JH_2 KS_1 KS_2 QC_1 QH_2 QS_2,40,1,4,4,0,0,0,300,-1130,0,0,0.28,-301.1333,-24.6,,,0,
bid,C,680,-450,,,10S_1 9C_1 9H_1 9S_2 AH_1 JC_1 JS_1 JS_2 KC_1 KD_1 QC_2 QD_2,70,1,4,4,0,0,0,300,1130,0,0,0.4467,-204.5333,-68.2,,,0,
bid,D,-450,680,,,10D_2 10S_2 9D_2 9S_1 AC_1 AD_1 AH_2 JD_1 JD_2 KC_2 KH_1 KH_2,10,3,5,3,0,0,0,300,-1130,0,1,0.5467,-47.8,65.0,,,0,
fold,D,680,-450,200,40,9C_2 AC_2 AD_2 AH_1 AS_2 JC_2 KD_1 KD_2 QD_1 QD_2 QH_1 QS_1,180,4,5,3,0,0,1,250,1130,0,0,1.0,,,276.4,-290.0,,0
bid,C,0,0,,,10C_2 10H_1 10S_2 AH_1 JC_1 JD_2 JS_2 KC_2 KH_1 QC_1 QC_2 QD_1,40,1,5,3,0,0,0,300,0,0,0,0.58,-61.8,-88.6667,,,1,
bid,S,0,0,,,10D_1 10H_2 9D_2 9S_1 AS_2 JS_1 KH_2 KS_1 KS_2 QD_2 QH_2 QS_2,70,1,6,3,0,0,0,300,0,0,0,0.78,114.0667,-27.8667,,,1,
bid,H,0,0,,,10D_2 10S_1 9C_1 9C_2 9H_1 9H_2 AS_1 JD_1 JH_1 KC_1 KD_1 QS_1,60,1,3,3,0,1,0,300,0,0,1,0.2067,-365.8667,-69.7333,,,0,
fold,D,0,0,80,60,10C_1 10D_1 9D_1 9S_2 AC_1 AC_2 AD_1 AD_2 JC_2 KD_2 QD_2 QS_2,50,4,6,4,0,0,0,250,0,0,0,0.86,,,92.6,-310.0,,0
bid,S,280,110,,,10D_1 9C_1 9S_2 AH_1 AS_2 JD_2 KH_1 KS_2 QC_2 QH_1 QS_1 QS_2,110,2,5,3,0,1,0,300,170,0,0,0.8933,262.0667,86.2,,,1,
bid,H,110,280,,,10C_1 10C_2 9H_1 9H_2 AD_2 AH_2 JC_1 JC_2 JD_1 JS_2 KD_1 KD_2,20,2,3,4,0,0,0,340,-170,0,0,0.06,-420.8,133.2,,,0,
bid,C,280,110,,,10D_2 10H_1 10H_2 10S_1 10S_2 9C_2 9S_1 AC_1 JH_2 KH_2 QD_1 QD_2,10,1,2,4,0,0,0,340,170,1,0,0.0067,-454.4667,-1.0667,,,0,
bid,D,110,280,,,9D_1 9D_2 AC_2 AD_1 AS_1 JH_1 JS_1 KC_1 KC_2 KS_1 QC_1 QH_2,40,3,3,4,0,0,0,340,-170,0,1,0.04,-433.4,60.2667,,,0,
fold,S,280,110,120,20,10S_1 10S_2 9S_2 AC_1 AS_2 JD_2 KH_1 KS_2 QC_2 QH_1 QS_1 QS_2,110,2,7,2,0,1,0,330,170,0,0,0.18,,,-312.3333,-350.0,,0
bid,H,210,-50,,,10D_1 10D_2 10S_1 9D_1 9S_1 JD_1 JS_1 KH_1 QC_2 QD_1 QD_2 QH_1,40,0,2,6,0,0,0,300,260,0,0,0.22,-371.0,-99.3333,,,0,
bid,H,-50,210,,,10H_2 9H_1 9S_2 AC_1 AC_2 AH_1 AH_2 JC_1 JD_2 KC_1 KC_2 QS_2,50,4,4,5,0,1,0,300,-260,0,0,0.7667,133.6667,111.3333,,,1,
bid,D,210,-50,,,9C_2 9D_2 AD_2 AS_2 JC_2 JH_1 JH_2 JS_2 KH_2 KS_1 KS_2 QH_2,30,2,2,4,0,0,0,300,260,0,1,0.0467,-458.2667,-2.0667,,,0,
fold,H,-50,210,80,80,10H_1 9C_1 9H_2 AD_1 AS_1 JD_2 KC_2 KD_1 KD_2 QC_1 QS_1 QS_2,70,2,2,4,0,1,0,250,-260,0,0,0.0867,,,-428.9333,-330.0,,1
bid,C,-300,290,,,10H_1 10S_1 10S_2 AD_2 AS_2 JC_2 JH_1 KC_2 KS_1 QC_1 QC_2 QD_1,40,2,4,4,0,0,0,300,-590,0,0,0.4933,-128.6,-67.0,,,0,
bid,H,290,-300,,,10H_2 9C_2 9D_2 9H_2 AD_1 JD_1 JH_2 JS_1 KC_1 KH_1 KS_2 QH_2,50,1,5,3,0,0,0,300,590,0,0,0.6,-58.8,-93.0,,,1,
bid,C,-300,290,,,10C_1 10D_2 9C_1 9H_1 AC_1 AC_2 AH_2 AS_1 JC_1 JS_2 KD_2 KH_2,10,4,5,3,0,0,0,310,-590,0,1,0.6333,3.8,8.4,,,0,
bid,D,290,-300,,,10C_2 10D_1 9D_1 9S_1 9S_2 AH_1 JD_2 KD_1 QD_2 QH_1 QS_1 QS_2,90,1,5,4,0,1,0,310,590,1,0,0.78,177.0667,62.4667,,,1,
fold,H,290,-300,130,30,10C_2 10H_2 9C_2 9D_2 9H_2 JD_1 JD_2 JH_2 JS_1 KH_1 QH_2 QS_1,90,0,5,3,0,1,0,300,590,0,0,0.0867,,,-422.8,-330.0,,1
bid,S,-10,-270,,,10C_1 9D_1 9S_1 AC_1 AD_2 AS_2 JD_2 JS_2 KS_1 QC_1 QH_2 QS_2,90,3,5,3,0,1,0,300,260,0,0,0.92,265.2,76.5333,,,1,
bid,H,-270,-10,,,10S_1 10S_2 9C_1 9C_2 9D_2 9S_2 AD_1 AH_1 JH_2 KC_1 KC_2 QD_2,0,2,2,4,0,0,0,340,-260,0,0,0.0467,-427.9333,46.4,,,0,
bid,H,-10,-270,,,10D_1 10H_1 10H_2 9H_1 AC_2 AH_2 AS_1 JC_2 JH_1 JS_1 KD_1 QS_1,10,3,5,3,0,0,0,340,260,1,0,0.4933,-93.0,128.0667,,,0,
bid,D,-270,-10,,,10C_2 10D_2 9H_2 JC_1 JD_1 KD_2 KH_1 KH_2 KS_2 QC_2 QD_1 QH_1,60,0,4,4,0,0,0,340,-260,0,1,0.3867,-240.0667,114.5333,,,0,
fold,S,-10,-270,90,50,9D_1 9S_1 AS_1 AS_2 JD_2 JS_1 JS_2 KS_1 QC_1 QH_2 QS_1 QS_2,90,2,8,2,0,1,0,330,260,0,0,0.2133,,,-319.4667,-380.0,,0
bid,S,-190,-340,,,10C_1 10S_1 10S_2 9C_2 9H_1 9S_1 AD_1 AS_2 JC_2 KD_2 QH_1 QS_2,10,2,5,3,0,0,0,300,150,0,0,0.3733,-206.9333,17.7333,,,0,
bid,D,-340,-190,,,10D_1 9D_2 JD_1 JD_2 JH_1 JH_2 JS_2 KC_1 KC_2 KD_1 QC_2 QD_2,70,0,6,3,0,0,0,300,-150,0,0,0.6667,22.8,-50.1333,,,1,
bid,H,-190,-340,,,10D_2 10H_1 10H_2 9C_1 AC_1 AC_2 AH_2 JS_1 KH_1 KH_2 QH_2 QS_1,40,3,6,3,0,0,0,310,150,0,1,0.9,294.0667,126.6,,,1,
bid,H,-340,-190,,,10C_2 9D_1 9H_2 9S_2 AD_2 AH_1 AS_1 JC_1 KS_1 KS_2 QC_1 QD_1,10,3,2,4,0,0,0,320,-150,1,0,0.0733,-408.8,-10.1333,,,0,
bid,D,-340,-190,,,10D_1 9D_2 JD_1 JD_2 JH_1 JH_2 JS_2 KC_1 KC_2 KD_1 QC_2 QD_2,70,0,6,3,0,0,0,320,-150,0,1,0.6467,-15.0,32.0,,,0,
bid,H,-190,-340,,,10D_2 10H_1 10H_2 9C_1 AC_1 AC_2 AH_2 JS_1 KH_1 KH_2 QH_2 QS_1,40,3,6,3,0,0,0,330,150,0,1,0.9,296.4,135.6667,,,1,
bid,D,-340,-190,,,10D_1 9D_2 JD_1 JD_2 JH_1 JH_2 JS_2 KC_1 KC_2 KD_1 QC_2 QD_2,70,0,6,3,0,0,0,340,-150,0,1,0.6467,4.0,119.1333,,,0,
fold,H,-190,-340,90,50,10C_1 10H_1 10H_2 9C_1 AH_2 JS_1 KH_1 KH_2 QH_1 QH_2 QS_1 QS_2,80,1,7,3,0,0,0,330,150,0,0,0.1133,,,-412.1333,-380.0,,1
bid,C,-290,-520,,,10C_1 10S_1 9C_2 9H_1 9H_2 9S_1 AC_2 JC_2 JD_2 KH_1 QC_2 QH_1,30,1,5,4,0,0,0,300,230,0,0,0.58,-77.7333,-140.8,,,1,
bid,S,-520,-290,,,10C_2 10H_1 10H_2 10S_2 9D_1 AS_1 JC_1 JH_1 JS_2 KH_2 KS_2 QC_1,0,1,4,4,0,0,0,310,-230,0,0,0.38,-230.0667,-48.1333,,,0,
bid,H,-290,-520,,,10D_1 9C_1 9S_2 AC_1 AD_1 AD_2 AH_1 AH_2 JD_1 KC_1 KC_2 QS_2,40,5,2,4,0,1,0,310,230,1,0,0.3667,-203.6,282.6667,,,0,
bid,S,-520,-290,,,10D_2 9D_2 AS_2 JH_2 JS_1 KD_1 KD_2 KS_1 QD_1 QD_2 QH_2 QS_1,80,1,4,6,0,0,0,310,-230,0,1,0.6267,-40.4667,-19.9333,,,0,
bid,C,-290,-520,,,10C_1 10S_1 9C_2 9H_1 9H_2 9S_1 AC_2 JC_2 JD_2 KH_1 QC_2 QH_1,30,1,5,4,0,0,0,320,230,0,1,0.4467,-165.9333,-67.6667,,,0,
bid,S,-520,-290,,,10D_2 9D_2 AS_2 JH_2 JS_1 KD_1 KD_2 KS_1 QD_1 QD_2 QH_2 QS_1,80,1,4,6,0,0,0,330,-230,0,1,0.5267,-105.2667,18.0667,,,0,
fold,C,-290,-520,80,60,10C_1 9C_2 9S_1 AC_1 AC_2 JC_2 JD_1 JD_2 KH_1 QC_2 QH_1 QS_2,70,2,6,2,0,1,0,320,230,0,0,0.0533,,,-462.4667,-380.0,,1
bid,H,-460,-610,,,10D_1 10D_2 9C_1 9H_1 AC_1 AD_2 AH_1 JH_1 JS_1 KC_2 KH_2 QH_2,50,3,5,3,0,0,0,300,150,0,0,0.88,191.4667,-23.1333,,,1,
bid,S,-610,-460,,,10H_1 9H_2 AS_1 JC_1 JH_2 KC_1 KD_1 KS_1 KS_2 QD_1 QD_2 QS_1,60,1,4,3,0,0,0,340,-150,0,0,0.1733,-370.0,188.0667,,,0,
bid,D,-460,-610,,,10C_1 10S_2 9D_1 9D_2 9S_2 AD_1 AH_2 JC_2 JS_2 QC_1 QC_2 QH_1,20,2,3,4,0,0,0,340,150,1,0,0.0,-460.9333,73.4,,,0,
bid,C,-610,-460,,,10C_2 10H_2 10S_1 9C_2 9S_1 AC_2 AS_2 JD_1 JD_2 KD_2 KH_1 QS_2,50,2,3,4,0,1,0,340,-150,0,1,0.34,-197.4,130.6,,,0,
bid,H,-520,-790,,,10C_1 10S_1 10S_2 9D_2 9H_2 9S_1 AC_2 AH_2 JC_2 JD_2 JS_2 KD_2,10,2,2,4,0,0,0,300,270,0,0,0.1067,-410.7333,1.5333,,,0,
bid,H,-790,-520,,,9C_1 9H_1 AC_1 AH_1 AS_1 JH_1 KC_1 KD_1 KH_1 KS_1 QH_1 QH_2,130,3,6,3,0,0,1,300,-270,0,0,0.92,242.9333,59.4667,,,1,
bid,D,-520,-790,,,10C_2 10D_1 10H_2 9C_2 AD_1 JC_1 JD_1 JS_1 KS_2 QC_1 QD_2 QS_1,60,1,4,4,0,1,0,340,270,0,1,0.56,-89.6,70.6667,,,0,
bid,C,-790,-520,,,10D_2 10H_1 9D_1 9S_2 AD_2 AS_2 JH_2 KC_2 KH_2 QC_2 QD_1 QS_2,40,2,2,4,0,0,0,340,-270,1,0,0.2267,-350.0,91.1333,,,0,
fold,H,-790,-520,280,70,10D_2 10H_1 9H_1 AH_1 JH_1 KC_1 KD_1 KH_1 KS_1 QH_1 QH_2 QS_2,260,1,7,2,1,0,1,330,-270,0,0,1.0,,,237.7333,-400.0,,0
bid,S,-310,-400,,,10C_1 10D_2 10S_2 9H_2 JS_1 KC_1 KS_2 QC_1 QC_2 QD_2 QH_1 QS_1,120,0,4,4,0,0,1,300,90,0,0,0.4867,-170.0,39.6,,,0,
bid,D,-400,-310,,,9C_1 9D_2 9H_1 AC_2 AD_1 AD_2 AS_1 JC_1 JD_1 JH_2 KC_2 KH_2,10,4,4,4,0,0,0,300,-90,0,0,0.3,-260.6667,157.7333,,,0,
bid,S,-310,-400,,,10C_2 9C_2 9D_1 9S_1 AH_1 AH_2 AS_2 JD_2 JS_2 KH_1 KS_1 QS_2,90,3,5,3,0,1,0,300,90,0,1,0.8667,198.1333,78.7333,,,1,
fold,D,-400,-310,160,170,10D_1 9S_2 AC_1 AD_1 AD_2 JC_2 JD_1 JH_1 KD_1 KD_2 QD_1 QH_2,150,3,7,2,1,0,0,250,-90,0,0,1.0,,,79.2,-420.0,,0
bid,H,-40,-90,,,10H_1 10S_2 9C_2 9D_2 9H_2 AD_2 AH_2 JC_2 JH_1 JS_2 KD_1 KH_1,10,2,5,3,0,0,0,300,50,0,0,0.5933,-69.0,-75.8667,,,1,
bid,S,-90,-40,,,10S_1 9H_1 AS_1 JD_1 JD_2 JS_1 KC_1 KS_1 KS_2 QC_2 QD_1 QD_2,20,1,5,4,0,0,0,310,-50,0,0,0.5867,27.4,14.8667,,,1,
bid,H,-40,-90,,,10H_2 9C_1 9S_1 9S_2 AC_2 AD_1 AH_1 KD_2 KH_2 QH_1 QH_2 QS_1,40,3,5,3,0,0,0,310,50,1,0,0.9,258.8,101.9333,,,1,
bid,C,-90,-40,,,10C_1 10C_2 10D_1 10D_2 9D_1 AC_1 AS_2 JC_1 JH_2 KC_2 QC_1 QS_2,150,2,6,3,1,0,0,310,-50,0,1,1.0,319.2,66.6667,,,1,
bid,H,-40,-90,,,10H_1 10S_2 9C_2 9D_2 9H_2 AD_2 AH_2 JC_2 JH_1 JS_2 KD_1 KH_1,10,2,5,3,0,0,0,320,50,0,1,0.5533,-80.0,-97.0,,,1,
bid,C,-90,-40,,,10C_1 10C_2 10D_1 10D_2 9D_1 AC_1 AS_2 JC_1 JH_2 KC_2 QC_1 QS_2,150,2,6,3,1,0,0,330,-50,0,1,0.9733,299.2667,185.6667,,,1,
bid,H,-40,-90,,,10H_1 10S_2 9C_2 9D_2 9H_2 AD_2 AH_2 JC_2 JH_1 JS_2 KD_1 KH_1,10,2,5,3,0,0,0,340,50,0,1,0.4133,-177.5333,-59.2667,,,0,
bid,C,-90,-40,,,10C_1 10C_2 10D_1 10D_2 9D_1 AC_1 AS_2 JC_1 JH_2 KC_2 QC_1 QS_2,150,2,6,3,1,0,0,350,-50,0,1,0.9467,288.9333,140.0667,,,1,
bid,H,-40,-90,,,10H_1 10S_2 9C_2 9D_2 9H_2 AD_2 AH_2 JC_2 JH_1 JS_2 KD_1 KH_1,10,2,5,3,0,0,0,360,50,0,1,0.4333,-160.6667,-43.4667,,,0,
fold,C,-90,-40,190,40,10C_1 10C_2 9D_1 AC_1 JC_1 JD_1 JD_2 JH_2 KC_1 KC_2 QC_1 QS_2,190,1,7,3,1,1,0,350,-50,0,0,0.38,,,-208.6,-390.0,,0
bid,C,260,90,,,10D_1 10D_2 10S_2 9C_2 9S_1 AC_1 AS_2 JC_2 KD_1 KS_1 KS_2 QH_2,10,2,3,5,0,0,0,300,170,0,0,0.1733,-335.1333,-82.5333,,,0,
bid,C,90,260,,,10C_2 10H_1 10S_1 9C_1 9D_1 9H_2 AD_2 AH_2 JH_2 KC_1 QC_1 QC_2,50,2,5,4,0,0,0,300,-170,0,0,0.6533,7.2667,-77.1333,,,1,
bid,D,260,90,,,10C_1 10H_2 9S_2 AD_1 JC_1 JD_1 JS_1 JS_2 KD_2 QD_1 QH_1 QS_1,80,1,4,4,0,1,0,300,170,0,1,0.66,-42.6667,37.3333,,,0,
fold,S,90,260,80,80,10S_1 9D_2 9H_1 AD_2 AH_1 AH_2 AS_1 JD_2 JH_1 KH_2 QD_2 QS_2,40,4,3,5,0,1,0,250,-170,0,0,0.4867,,,-160.7333,-330.0,,0
bid,H,-160,500,,,10H_2 10S_1 10S_2 9D_2 9H_1 9H_2 AD_1 JC_2 KC_1 KC_2 KD_1 QS_2,20,1,3,3,0,0,0,300,-660,0,0,0.0933,-420.4667,70.4667,,,0,
bid,D,500,-160,,,10C_2 10D_2 9C_1 9D_1 AS_1 JC_1 JD_2 JH_1 JS_1 JS_2 KS_1 QC_2,50,1,3,4,0,0,1,300,660,0,0,0.0933,-429.7333,-9.0667,,,0,
bid,D,-160,500,,,10C_1 9C_2 AC_1 AS_2 KD_2 KH_1 KH_2 QC_1 QD_1 QD_2 QH_1 QS_1,120,2,3,4,0,0,1,300,-660,0,1,0.3933,-187.4667,257.3333,,,0,
fold,H,500,-160,0,140,10H_1 9S_1 9S_2 AD_2 AH_1 AH_2 AS_1 JD_1 JD_2 JH_1 JH_2 QH_2,0,4,6,3,0,0,0,250,660,0,0,0.14,,,-395.1333,-390.0,,1
bid,D,250,70,,,9C_1 9D_2 9H_2 9S_1 AC_1 AC_2 AH_1 JD_2 KD_1 KD_2 KS_2 QD_1,50,3,5,3,0,0,0,300,180,0,0,0.5867,-28.8,105.1333,,,0,
bid,D,70,250,,,10D_1 10D_2 10H_1 10S_1 9C_2 JC_1 JC_2 JD_1 JS_1 KH_2 QC_2 QS_1,40,0,3,4,0,1,0,300,-180,0,0,0.18,-389.9333,-17.8,,,0,
bid,S,250,70,,,10C_1 10H_2 9D_1 AD_1 AD_2 AS_1 AS_2 KC_1 KC_2 KH_1 QD_2 QH_1,20,4,2,4,0,0,0,300,180,0,1,0.0467,-426.0,256.6667,,,0,
fold,S,70,250,90,50,10S_1 10S_2 9S_2 JD_1 JH_1 JH_2 JS_2 KS_1 QC_1 QH_2 QS_1 QS_2,90,0,7,3,0,1,0,250,-180,0,0,0.3733,,,-214.9333,-300.0,,0
bid,D,-180,420,,,10C_2 9C_2 9D_1 AD_1 JC_1 JS_2 KD_1 KH_1 KS_2 QC_2 QD_2 QH_2,70,1,4,4,0,0,0,300,-600,0,0,0.3467,-276.2,-127.3333,,,0,
bid,H,420,-180,,,10H_2 9C_1 9H_1 AD_2 AH_1 AS_2 JC_2 JD_1 JH_2 KH_2 QD_1 QS_1,50,3,5,3,0,1,0,300,600,0,0,0.78,143.0,75.3333,,,1,
bid,H,-180,420,,,10D_2 10S_1 10S_2 9D_2 9H_2 9S_1 AH_2 JH_1 KC_1 KD_2 KS_1 QC_1,30,1,3,4,0,0,0,300,-600,0,1,0.1267,-410.3333,-153.6,,,0,
fold,S,420,-180,310,70,10C_1 9S_2 AC_1 AC_2 AS_1 AS_2 JD_1 JD_2 JS_1 QH_1 QS_1 QS_2,310,4,6,3,0,1,0,250,600,0,0,1.0,,,369.0667,-320.0,,0
bid,H,920,-50,,,10C_1 10D_2 10S_2 9C_1 AH_1 AH_2 AS_2 JD_1 KC_1 KH_1 QD_1 QH_1,40,3,4,3,0,0,0,300,970,0,0,0.4533,-173.8,129.8667,,,0,
bid,D,-50,920,,,10H_2 9D_1 9H_1 9S_1 9S_2 AC_1 AC_2 AD_2 JC_2 KD_2 KS_1 QD_2,50,3,4,3,0,0,0,300,-970,0,0,0.4,-217.0667,25.0,,,0,
bid,H,920,-50,,,10C_2 10H_1 10S_1 9H_2 JC_1 JD_2 JS_2 KC_2 KH_2 QH_2 QS_1 QS_2,90,0,4,4,0,1,0,300,970,0,1,0.5067,-100.8667,-59.6,,,0,
fold,D,-50,920,60,80,10D_1 9C_2 9D_2 AD_1 AD_2 JH_1 JH_2 JS_1 KD_1 KD_2 QC_2 QD_2,50,2,7,2,0,0,0,250,-970,0,0,0.34,,,-240.2,-330.0,,0
bid,D,0,0,,,10C_1 10D_1 10H_2 AC_2 AD_2 AH_1 AH_2 AS_1 JC_1 KD_2 QD_1 QD_2,140,5,5,3,0,0,1,300,0,0,0,1.0,352.9333,226.6,,,1,
bid,H,0,0,,,10C_2 9D_1 9S_1 AD_1 JC_2 JS_2 KD_1 KH_1 KS_1 QC_2 QH_1 QH_2,40,1,3,3,0,0,0,340,0,0,0,0.08,-437.2,29.6,,,0,
bid,C,0,0,,,9C_2 9H_1 9H_2 AC_1 AS_2 JD_1 JD_2 JH_1 JH_2 KC_2 QC_1 QS_2,90,2,4,4,0,1,0,340,0,1,0,0.64,50.6667,229.8,,,0,
bid,S,0,0,,,10D_2 10H_1 10S_1 10S_2 9C_1 9D_2 9S_2 JS_1 KC_1 KH_2 KS_2 QS_1,50,0,6,2,0,0,0,340,0,0,1,0.4267,-205.8,-46.0667,,,0,
fold,D,0,0,310,60,10D_1 AC_2 AD_2 AH_1 AH_2 AS_1 JD_1 JD_2 KD_2 QD_1 QD_2 QS_2,290,5,7,2,1,1,1,330,0,0,0,1.0,,,444.5333,-390.0,,0
bid,S,100,520,,,10H_1 9C_2 9S_2 AD_1 AH_1 AS_2 JC_1 JD_1 JS_2 KS_2 QD_2 QS_1,90,3,5,3,0,1,0,300,-420,0,0,0.9333,262.3333,74.4667,,,1,
bid,H,520,100,,,10C_2 10D_2 9C_1 9D_1 9D_2 9H_2 AH_2 JC_2 JS_1 QC_2 QD_1 QS_2,10,1,2,4,0,0,0,340,420,0,0,0.0333,-458.3333,-54.8,,,0,
bid,C,100,520,,,10C_1 10D_1 10S_1 9H_1 9S_1 AC_1 JD_2 JH_1 JH_2 KD_1 KH_1 KH_2,0,1,2,5,0,0,0,340,-420,1,0,0.0333,-431.8667,40.5333,,,0,
bid,C,520,100,,,10H_2 10S_2 AC_2 AD_2 AS_1 KC_1 KC_2 KD_2 KS_1 QC_1 QH_1 QH_2,40,3,4,3,0,0,0,340,420,0,1,0.5867,-41.0667,89.9333,,,0,
fold,S,100,520,210,20,10S_1 9C_2 9S_2 AC_1 AS_2 JC_1 JD_1 JD_2 JS_2 KS_2 QD_2 QS_1,200,2,6,3,1,1,0,330,-420,0,0,0.78,,,110.2667,-350.0,,0
bid,S,630,470,,,10H_1 9C_1 9C_2 9S_1 9S_2 AS_2 JC_1 JH_2 JS_2 KD_1 KH_2 QC_1,20,1,4,4,0,0,0,300,160,0,0,0.0733,-411.7333,-141.2667,,,0,
bid,D,470,630,,,10D_2 10S_2 9D_1 9D_2 AC_1 AD_2 AH_2 JD_1 KC_1 KC_2 QC_2 QH_2,40,3,5,4,0,0,0,300,-160,0,0,0.5867,-28.3333,-17.4,,,0,
bid,S,630,470,,,10C_2 10H_2 9H_1 AC_2 AD_1 AS_1 JD_2 KH_1 KS_1 QH_1 QS_1 QS_2,100,3,4,4,0,1,0,300,160,0,1,0.8867,228.0667,142.6667,,,1,
bid,H,470,630,,,10C_1 10D_1 10S_1 9H_2 AH_1 JC_2 JH_1 JS_1 KD_2 KS_2 QD_1 QD_2,30,1,3,4,0,0,0,340,-160,0,1,0.08,-429.1333,-0.1333,,,0,
fold,S,630,470,120,40,10H_1 9H_1 AC_2 AS_1 AS_2 JD_2 JS_2 KH_1 KS_1 QH_1 QS_1 QS_2,100,3,6,4,0,1,0,330,160,0,0,0.2,,,-325.0667,-370.0,,0
bid,D,570,300,,,10H_1 10H_2 9H_1 AD_1 JC_2 JD_2 JH_1 KC_1 KD_1 KH_1 QC_2 QD_2,60,1,4,5,0,0,0,300,270,0,0,0.5467,-124.8,16.8667,,,0,
bid,S,300,570,,,10C_2 10D_2 10S_2 9S_1 9S_2 JC_1 JH_2 JS_1 KC_2 KD_2 QH_1 QS_2,20,0,5,3,0,0,0,300,-270,0,0,0.2333,-330.0667,-98.3333,,,0,
bid,H,570,300,,,10C_1 10D_1 10S_1 9C_1 9D_2 AC_1 AC_2 AH_1 KH_2 QC_1 QH_2 QS_1,40,3,3,5,0,0,0,300,270,0,1,0.5133,-96.4667,83.0,,,0,
fold,H,300,570,70,90,10D_2 9C_2 9D_1 9H_2 AH_2 AS_1 JD_1 JS_2 KS_2 QD_1 QH_1 QS_2,70,2,3,4,0,1,0,250,-270,0,0,0.1267,,,-390.3333,-340.0,,1
bid,H,50,660,,,10S_1 9C_2 9H_1 AC_1 AH_1 JD_2 JS_1 JS_2 KC_2 QD_1 QS_1 QS_2,50,2,2,5,0,1,0,300,-610,0,0,0.3933,-189.1333,73.2,,,0,
bid,H,660,50,,,10C_2 10H_2 9S_2 AD_2 AH_2 AS_1 AS_2 JD_1 JH_1 KH_1 QC_1 QH_2,150,4,5,3,1,0,0,300,610,0,0,1.0,358.6,173.5333,,,1,
bid,D,50,660,,,10D_1 10D_2 10H_1 9C_1 9D_1 9D_2 9H_2 JC_2 KD_1 KS_1 QC_2 QD_2,60,0,6,3,0,0,0,340,-610,0,1,0.28,-289.8,-50.4667,,,0,
bid,C,660,50,,,10C_1 10S_2 9S_1 AC_2 AD_1 JC_1 JH_2 KC_1 KD_2 KH_2 KS_2 QH_1,100,2,4,3,0,0,1,340,610,1,0,0.42,-189.3333,76.4667,,,0,
fold,H,660,50,190,80,10H_2 9S_2 AH_2 AS_2 JD_1 JH_1 JH_2 KH_1 KH_2 QC_1 QH_1 QH_2,190,2,8,2,1,0,0,330,610,0,0,1.0,,,242.1333,-410.0,,0
bid,D,0,0,,,10C_1 9C_2 AC_1 AC_2 AH_1 JD_1 JD_2 JH_1 KC_2 KD_1 QD_1 QD_2,40,3,5,5,0,0,0,300,0,0,0,0.6067,14.4,-6.2667,,,1,
bid,D,0,0,,,10D_1 10D_2 10H_1 9C_1 9S_2 AD_1 AD_2 JC_2 KC_1 KH_2 KS_1 KS_2,0,2,4,3,0,0,0,310,0,0,0,0.0733,-430.1333,124.2,,,0,
bid,S,0,0,,,10C_2 10S_1 10S_2 9D_1 9H_1 9S_1 AH_2 JS_1 KD_2 KH_1 QC_2 QS_2,10,1,5,3,0,0,0,310,0,1,0,0.3133,-250.2,-30.6667,,,0,
bid,S,0,0,,,10H_2 9D_2 9H_2 AS_1 AS_2 JC_1 JH_2 JS_2 QC_1 QH_1 QH_2 QS_1,0,2,4,5,0,0,0,310,0,0,1,0.2133,-326.0667,109.5333,,,0,
fold,D,0,0,150,10,10C_1 10C_2 9C_2 AC_1 AC_2 JD_1 JD_2 KD_1 KD_2 QD_1 QD_2 QS_2,120,2,6,5,0,1,0,300,0,0,0,0.8933,,,198.4667,-310.0,,0
bid,D,100,310,,,10D_2 9D_1 9D_2 AD_1 AH_2 JD_1 JS_2 KC_2 KS_1 KS_2 QC_2 QH_2,40,2,5,3,0,0,0,300,-210,0,0,0.3467,-208.2667,80.8,,,0,
bid,D,310,100,,,9C_1 9S_1 AC_2 AD_2 AH_1 AS_1 AS_2 JC_2 JD_2 JH_1 KD_1 QD_2,140,5,4,3,0,0,1,300,210,0,0,0.9933,323.7333,299.4667,,,1,
bid,D,100,310,,,10C_1 10H_1 10H_2 10S_2 9H_1 9H_2 JC_1 JS_1 KD_2 KH_1 QD_1 QS_2,40,0,2,5,0,0,0,300,-210,0,1,0.18,-392.6,-109.3333,,,0,
fold,C,310,100,250,60,10C_2 9C_2 AC_1 AC_2 JC_2 JD_2 JH_2 KC_1 KH_2 QC_1 QH_1 QS_1,220,2,7,3,1,1,0,250,210,0,0,1.0,,,242.2667,-310.0,,0
bid,C,780,190,,,10C_2 9H_1 AC_1 AS_1 JC_1 JC_2 JH_1 JS_2 KC_2 KS_1 QH_2 QS_2,20,2,5,4,0,0,0,300,590,0,0,0.7067,36.5333,-29.4667,,,1,
bid,S,190,780,,,10H_1 9D_1 AC_2 AD_2 AH_1 AS_2 JD_1 JS_1 KC_1 KD_1 KD_2 KH_2,100,4,2,5,0,0,1,300,-590,0,0,0.6933,-0.9333,180.3333,,,0,
bid,D,780,190,,,10C_1 10S_1 10S_2 9D_2 9H_2 9S_1 9S_2 AD_1 AH_2 JD_2 JH_2 KH_1,10,2,3,4,0,0,0,300,590,0,1,0.1,-407.6667,-20.9333,,,0,
fold,S,190,780,140,60,10H_1 9C_1 9C_2 AS_2 JD_1 KS_2 QC_1 QC_2 QD_1 QD_2 QH_1 QS_1,140,1,3,4,0,1,1,250,-590,0,0,0.5467,,,-156.8667,-310.0,,0
bid,S,0,0,,,10C_1 10C_2 9C_1 9D_1 9D_2 9H_2 9S_1 9S_2 AD_2 AH_1 KS_2 QS_1,60,2,4,3,0,0,0,300,0,0,0,0.3333,-262.5333,32.1333,,,0,
bid,H,0,0,,,10D_2 10S_1 9H_1 AC_2 JC_1 JC_2 KD_2 KH_2 KS_1 QC_2 QD_1 QH_1,70,1,3,4,0,0,0,300,0,0,0,0.2067,-364.6667,-24.7333,,,0,
bid,S,0,0,,,10D_1 10H_1 10S_2 AS_1 AS_2 JH_2 JS_2 KC_1 KC_2 KH_1 QH_2 QS_2,20,2,5,4,0,0,0,300,0,0,1,0.54,-107.8667,158.2,,,0,
fold,D,0,0,210,60,10D_2 9C_2 AD_1 JD_1 JD_2 JH_1 JS_1 KD_1 KD_2 QC_1 QD_1 QD_2,190,1,8,2,1,0,0,250,0,0,0,1.0,,,243.8667,-310.0,,0
bid,S,380,140,,,10D_1 9C_1 9D_2 9S_1 9S_2 AH_1 AH_2 AS_2 JS_2 KD_2 KS_2 QH_1,20,3,5,3,0,0,0,300,240,0,0,0.3933,-178.6,-1.2667,,,0,
bid,D,140,380,,,10C_1 10D_2 9D_1 9H_1 9H_2 AD_2 JD_1 JD_2 JS_1 KD_1 QD_2 QS_1,200,1,7,2,1,1,0,300,-240,0,0,1.0,367.8667,-89.6,,,1,
bid,S,380,140,,,10C_2 10S_1 AC_2 JH_1 JH_2 KH_1 KS_1 QC_1 QC_2 QD_1 QH_2 QS_2,120,1,3,4,0,0,1,340,240,0,1,0.2267,-342.4,275.4,,,0,
bid,S,140,380,,,10H_1 10H_2 10S_2 9C_2 AC_1 AD_1 AS_1 JC_1 JC_2 KC_1 KC_2 KH_2,0,3,2,6,0,0,0,340,-240,1,0,0.0267,-435.8,72.8,,,0,
fold,D,140,380,200,110,10D_2 9D_1 AC_1 AD_1 AD_2 AS_1 JD_1 JD_2 JS_1 KD_1 QD_2 QS_1,200,4,8,3,1,1,0,330,-240,0,0,1.0,,,270.5333,-440.0,,0
bid,S,550,530,,,10S_1 9C_1 9D_1 9S_2 AH_2 AS_1 AS_2 JD_2 JS_1 KH_2 QC_1 QH_2,30,3,5,3,0,0,0,300,20,0,0,0.4067,-171.0,109.8,,,0,
bid,H,530,550,,,10C_1 10H_1 AC_2 AD_1 AD_2 AH_1 JC_1 JH_1 KC_2 QD_1 QD_2 QH_1,0,4,4,4,0,0,0,300,-20,0,0,0.7733,124.0,-5.0,,,1,
bid,S,550,530,,,10C_2 10D_1 9D_2 9H_2 9S_1 AC_1 JC_2 JD_1 KD_1 KH_1 KS_1 QS_1,90,1,3,4,0,1,0,340,20,0,1,0.28,-305.6,39.9333,,,0,
bid,S,530,550,,,10D_2 10H_2 10S_2 9C_2 9H_1 JH_2 JS_2 KC_1 KD_2 KS_2 QC_2 QS_2,60,0,4,3,0,0,0,340,-20,1,0,0.3933,-235.8,48.0667,,,0,
bid,C,200,660,,,10D_1 10S_1 10S_2 9C_2 9H_2 AC_1 AD_2 AH_2 JC_2 JH_2 KH_2 KS_2,10,3,3,4,0,0,0,300,-460,0,0,0.3,-272.8667,-76.0,,,0,
bid,D,660,200,,,10C_1 10C_2 10H_2 9D_1 9S_2 AC_2 AS_2 JD_2 KD_2 KH_1 KS_1 QD_1,50,2,4,3,0,0,0,300,460,0,0,0.4533,-165.6,109.1333,,,0,
bid,D,200,660,,,10H_1 9D_2 9S_1 AH_1 JD_1 KC_2 KD_1 QC_2 QD_2 QH_2 QS_1 QS_2,170,1,4,3,0,1,1,300,-460,0,1,0.6733,55.4,201.9333,,,0,
fold,C,660,200,220,170,10C_1 9C_1 9H_1 AC_2 JC_1 JD_2 JH_1 JS_1 JS_2 KC_1 QC_1 QH_1,200,1,6,3,1,0,1,250,460,0,0,1.0,,,74.5333,-420.0,,0
bid,D,0,0,,,10C_2 10H_1 10S_1 9D_1 AS_1 JH_1 KD_2 QC_1 QD_1 QD_2 QH_1 QS_1,110,1,4,3,0,0,1,300,0,0,0,0.24,-309.4667,125.5333,,,0,
bid,S,0,0,,,10D_1 10S_2 9H_2 9S_2 AC_2 AD_1 AS_2 JC_1 JS_1 KC_1 KH_1 KH_2,10,3,4,3,0,0,0,300,0,0,0,0.2733,-267.2,-8.5333,,,0,
bid,S,0,0,,,10C_1 9S_1 AD_2 AH_1 JC_2 JD_2 JH_2 JS_2 KS_1 KS_2 QC_2 QS_2,130,2,5,3,0,1,1,300,0,0,1,0.6867,61.7333,83.4,,,0,
bid,C,0,0,,,10D_2 10H_2 9C_1 9C_2 9D_2 9H_1 AC_1 AH_2 JD_1 KC_2 KD_1 QH_2,20,2,4,4,0,0,0,310,0,0,1,0.2067,-310.4667,20.8667,,,0,
fold,S,0,0,300,10,10S_1 9S_1 AS_1 JC_2 JD_2 JH_2 JS_2 KS_1 KS_2 QC_2 QS_1 QS_2,280,1,8,2,1,1,1,300,0,0,0,1.0,,,374.0,-310.0,,0
bid,C,100,460,,,9C_1 9D_2 9S_2 AD_1 AH_1 AS_1 JH_1 KC_1 KD_1 KH_1 QC_1 QS_2,50,3,3,3,0,0,0,300,-360,0,0,0.5867,-31.1333,64.6,,,0,
bid,D,460,100,,,10C_1 10D_1 10S_1 9S_1 AC_1 AC_2 AD_2 AH_2 QC_2 QD_1 QH_2 QS_1,60,4,3,4,0,0,1,300,360,0,0,0.4733,-114.2667,188.4667,,,0,
bid,C,100,460,,,10C_2 10H_1 9C_2 9D_1 9H_2 AS_2 JC_1 JD_1 JD_2 KS_1 KS_2 QD_2,10,1,3,4,0,0,0,300,-360,0,1,0.1733,-341.0667,-31.8667,,,0,
fold,H,460,100,180,30,10H_2 10S_1 9H_1 AH_2 JC_2 JH_2 JS_1 JS_2 KD_2 KH_2 QH_1 QS_1,160,1,6,4,1,0,0,250,360,0,0,0.9467,,,161.6,-280.0,,0
bid,C,810,210,,,10D_1 9C_2 9H_1 9S_1 AC_1 AC_2 AD_1 JD_1 JD_2 KH_2 KS_1 QH_1,30,3,3,4,0,0,0,300,600,0,0,0.22,-292.6667,174.0667,,,0,
bid,H,210,810,,,10D_2 10H_1 10S_1 10S_2 9C_1 9D_1 9H_2 AH_2 JC_1 JH_2 JS_1 KH_1,10,1,5,3,0,0,0,300,-600,0,0,0.4667,-176.3333,-164.5333,,,0,
bid,D,810,210,,,10H_2 9S_2 AD_2 AH_1 AS_2 JC_2 JH_1 KC_1 KC_2 QC_1 QS_1 QS_2,20,3,1,4,0,0,0,300,600,0,1,0.24,-282.1333,123.0667,,,0,
fold,D,210,810,100,40,10D_2 10S_1 9D_2 AH_2 JS_2 KD_1 KD_2 KS_2 QC_2 QD_1 QD_2 QH_2,90,1,6,3,0,0,0,250,-600,0,0,0.5133,,,-130.0,-290.0,,0
bid,C,-40,980,,,10C_1 10C_2 9C_1 9H_1 AD_2 AH_2 AS_1 JS_1 KC_2 QC_1 QC_2 QH_2,50,3,6,3,0,0,0,300,-1020,0,0,0.7867,178.2667,-29.3333,,,1,
bid,H,980,-40,,,9D_2 9H_2 9S_1 AS_2 JC_1 JD_1 JD_2 JH_1 JS_2 KC_1 KD_2 KS_2,50,1,2,4,0,0,1,310,1020,0,0,0.1333,-405.8667,-64.2,,,0,
bid,D,-40,980,,,10S_2 9C_2 9D_1 9S_2 AH_1 JC_2 JH_2 KD_1 KH_1 KH_2 QD_1 QS_2,50,1,3,4,0,0,0,310,-1020,1,0,0.1467,-392.6,-0.3333,,,0,
bid,C,980,-40,,,10D_1 10D_2 10H_1 10H_2 10S_1 AC_1 AC_2 AD_1 KS_1 QD_2 QH_1 QS_1,20,3,2,4,0,0,0,310,1020,0,1,0.06,-415.1333,298.5333,,,0,
fold,C,-40,980,80,60,10C_1 10C_2 9C_1 9H_1 AH_1 JC_2 JS_1 KC_2 QC_1 QC_2 QH_2 QS_2,50,1,7,3,0,0,0,300,-1020,0,0,0.0667,,,-418.7333,-360.0,,1
bid,D,0,0,,,10C_1 10D_2 AD_2 AH_1 JC_1 JD_2 JH_1 KD_1 KD_2 KH_2 KS_1 QS_2,60,2,5,3,0,1,0,300,0,0,0,0.68,42.2667,104.4,,,0,
bid,C,0,0,,,10C_2 9C_2 9D_1 9D_2 9H_1 AS_1 JH_2 JS_2 KC_1 KH_1 QC_2 QH_2,70,1,4,4,0,0,0,300,0,0,0,0.3333,-283.4667,-88.5333,,,0,
bid,S,0,0,,,10H_2 10S_1 9S_1 9S_2 AH_2 JC_2 JD_1 KS_2 QC_1 QD_1 QD_2 QS_1,100,1,5,3,0,1,0,300,0,0,1,0.6333,-13.2667,19.5333,,,0,
fold,S,0,0,40,180,10C_2 10S_2 9C_1 9H_2 AC_1 AC_2 AS_1 AS_2 JS_1 JS_2 KC_2 QH_1,0,4,5,5,0,0,0,250,0,0,0,0.3,,,-336.4,-430.0,,0
bid,H,-250,280,,,10H_1 10H_2 9H_1 9H_2 AD_2 JH_1 KC_2 KH_1 KS_2 QC_2 QD_2 QS_1,60,1,6,2,0,0,0,300,-530,0,0,0.5267,-71.5333,54.4667,,,0,
bid,S,280,-250,,,10C_2 10D_1 10D_2 10S_1 10S_2 AC_1 AH_2 AS_2 JS_2 KC_1 KD_2 KS_1,0,3,5,3,0,0,0,300,530,0,0,0.7133,55.9333,-38.2667,,,1,
bid,D,-250,280,,,9C_2 9D_1 9D_2 9S_2 AC_2 AS_1 JC_1 JD_2 JH_2 KD_1 QD_1 QS_2,100,2,5,3,0,1,0,340,-530,0,1,0.44,-130.8667,82.0667,,,0,
bid,H,280,-250,,,10C_1 9C_1 9S_1 AD_1 AH_1 JC_2 JD_1 JS_1 KH_2 QC_1 QH_1 QH_2,40,2,4,4,0,0,0,350,530,1,0,0.3733,-206.2,180.5333,,,0,
bid,S,280,-250,,,10C_2 10D_1 10D_2 10S_1 10S_2 AC_1 AH_2 AS_2 JS_2 KC_1 KD_2 KS_1,0,3,5,3,0,0,0,350,530,0,1,0.6867,31.1333,73.4667,,,0,
bid,D,-250,280,,,9C_2 9D_1 9D_2 9S_2 AC_2 AS_1 JC_1 JD_2 JH_2 KD_1 QD_1 QS_2,100,2,5,3,0,1,0,360,-530,0,1,0.48,-92.2,173.3333,,,0,
bid,H,-70,-120,,,10C_1 10D_2 10H_1 9S_2 JH_2 KC_2 KD_1 KH_2 KS_2 QD_2 QH_1 QS_1,160,0,4,3,0,0,1,300,50,0,0,0.6,-72.7333,18.3333,,,0,
bid,H,-120,-70,,,10C_2 10D_1 10H_2 9S_1 AD_1 AH_1 AH_2 AS_1 JH_1 KH_1 KS_1 QH_2,150,4,6,3,1,0,0,300,-50,0,0,1.0,350.4,17.5333,,,1,
bid,C,-70,-120,,,9C_1 9C_2 9H_1 9H_2 AC_1 JC_1 JD_1 JD_2 JS_2 KD_2 QD_1 QS_2,80,1,4,4,0,1,0,340,50,0,1,0.4533,-141.5333,35.6667,,,0,
bid,C,-120,-70,,,10S_1 10S_2 9D_1 9D_2 AC_2 AD_2 AS_2 JC_2 JS_1 KC_1 QC_1 QC_2,40,3,5,4,0,0,0,340,-50,1,0,0.7867,129.6,72.3333,,,1,
fold,H,-120,-70,270,240,10H_2 9S_1 AC_2 AD_2 AH_1 AH_2 AS_1 AS_2 JH_1 KH_1 KS_1 QH_2,250,6,6,4,1,0,1,330,-50,0,0,1.0,,,227.7333,-570.0,,0
bid,D,390,180,,,10D_2 10H_2 10S_2 9D_1 9D_2 9S_2 AD_2 KH_2 QC_1 QD_1 QH_1 QH_2,40,1,5,4,0,0,0,300,210,0,0,0.2333,-311.7333,-86.5333,,,0,
bid,C,180,390,,,10C_2 10H_1 9C_1 9C_2 9H_2 JC_1 JD_2 JH_1 JH_2 KC_1 KS_1 QD_2,20,0,5,4,0,0,0,300,-210,0,0,0.3533,-217.3333,-152.8667,,,0,
bid,S,390,180,,,10C_1 10S_1 9H_1 AH_2 AS_1 AS_2 JC_2 JS_1 KD_2 KH_1 QS_1 QS_2,0,3,6,3,0,0,0,300,210,0,1,0.7667,144.6667,73.6,,,1,
fold,D,180,390,170,40,10D_1 10H_1 9S_1 AC_1 AD_1 JD_1 JD_2 JS_2 KC_2 KD_1 QC_2 QD_2,170,2,6,3,1,0,0,250,-210,0,0,1.0,,,180.6667,-290.0,,0
bid,C,470,560,,,10H_2 10S_1 9C_2 9D_1 9D_2 AC_1 AC_2 AS_1 JC_2 JD_2 JH_1 JS_1,50,3,4,3,0,0,1,300,-90,0,0,0.2933,-273.6,115.6667,,,0,
bid,S,560,470,,,10C_1 9C_1 9S_1 AD_1 AS_2 JS_2 KC_1 KS_1 QC_1 QD_2 QH_2 QS_1,130,2,5,4,0,0,1,300,90,0,0,0.7467,59.0667,91.4667,,,0,
bid,H,470,560,,,10D_1 10D_2 9H_2 AH_1 AH_2 JD_1 KC_2 KD_2 KH_2 KS_2 QC_2 QH_1,150,2,5,4,0,0,1,300,-90,0,1,0.48,-155.1333,208.6,,,0,
fold,D,560,470,60,180,9H_1 9S_2 AD_1 AD_2 JC_1 JH_2 KD_1 KH_1 QD_1 QD_2 QS_1 QS_2,40,2,5,3,0,0,0,250,90,0,0,0.1467,,,-472.3333,-430.0,,1
bid,H,310,650,,,10C_1 10D_2 10H_2 9C_1 AC_2 AS_1 JC_2 JH_2 KH_2 QD_2 QH_2 QS_1,40,2,4,4,0,0,0,300,-340,0,0,0.7067,64.9333,-4.2667,,,1,
bid,H,650,310,,,10C_2 10D_1 10H_1 10S_2 9C_2 9H_2 AC_1 AS_2 JH_1 KC_2 KD_2 KS_1,10,2,3,4,0,0,0,310,340,0,0,0.1667,-370.6,-70.6667,,,0,
bid,S,310,650,,,10S_1 AD_1 AD_2 AH_1 JC_1 JD_1 JS_1 KH_1 KS_2 QC_2 QD_1 QS_2,80,3,4,4,0,1,0,310,-340,1,0,0.7067,91.6667,217.4,,,0,
bid,S,650,310,,,9D_1 9D_2 9H_1 9S_1 9S_2 AH_2 JD_2 JS_2 KC_1 KD_1 QC_1 QH_1,40,1,3,4,0,0,0,310,340,0,1,0.1733,-384.8,-37.3333,,,0,
fold,H,310,650,190,40,10H_2 9C_1 AC_2 AH_1 JC_2 JD_1 JH_2 KH_2 QD_2 QH_2 QS_1 QS_2,190,2,5,3,1,1,0,300,-340,0,0,0.8333,,,97.0,-340.0,,0
bid,D,730,710,,,10D_1 10D_2 9D_2 9S_1 9S_2 AD_1 AH_1 AH_2 JD_2 JH_1 QC_2 QS_2,50,3,5,3,0,1,0,300,20,0,0,0.6067,-2.1333,164.1333,,,0,
bid,D,710,730,,,10S_1 9H_1 9H_2 AD_2 JD_1 KD_2 KH_1 KH_2 KS_2 QC_1 QD_2 QH_1,60,1,4,5,0,0,0,300,-20,0,0,0.62,-58.6,70.0667,,,0,
bid,C,730,710,,,10C_1 10C_2 10H_2 9C_2 9D_1 AC_2 JC_1 JC_2 JH_2 JS_1 JS_2 QD_1,10,1,6,2,0,0,0,300,20,0,1,0.4267,-175.6667,-93.7333,,,0,
fold,S,710,730,220,60,10S_1 10S_2 9C_1 AC_1 AD_2 AS_1 AS_2 JD_1 KC_1 KS_1 QH_2 QS_1,80,4,6,3,0,1,0,250,-20,0,0,1.0,,,272.2667,-310.0,,0
bid,D,0,0,,,10H_1 10H_2 9C_1 9D_1 9D_2 9H_2 AD_1 AS_1 JD_1 QC_2 QD_1 QH_1,20,2,5,4,0,0,0,300,0,0,0,0.3467,-227.6,-6.1333,,,0,
bid,S,0,0,,,10D_1 10S_1 10S_2 AH_1 AS_2 JC_1 JH_1 JS_1 KH_1 KS_1 QC_1 QS_2,150,2,6,3,1,0,0,300,0,0,0,0.9933,298.0667,3.5333,,,1,
bid,D,0,0,,,10C_1 10C_2 9C_2 9H_1 9S_1 AD_2 JH_2 KC_1 KD_2 KH_2 QD_2 QS_1,40,1,3,4,0,0,0,340,0,0,1,0.2133,-342.3333,122.5333,,,0,
bid,C,0,0,,,10D_2 9S_2 AC_1 AC_2 AH_2 JC_2 JD_2 JS_2 KC_2 KD_1 KS_2 QH_2,0,3,4,3,0,0,0,340,0,1,0,0.1867,-339.0667,216.0667,,,0,
fold,S,0,0,260,30,10S_1 10S_2 AS_2 JC_1 JD_2 JH_1 JS_1 JS_2 KS_1 KS_2 QC_1 QS_2,230,1,8,2,1,1,1,330,0,0,0,1.0,,,307.6,-360.0,,0
bid,H,480,60,,,10D_1 10H_1 10H_2 10S_1 9D_1 9S_2 JC_2 JD_2 JH_2 KD_2 QC_1 QS_2,40,0,3,4,0,1,0,300,420,0,0,0.26,-336.7333,-97.2667,,,0,
bid,H,60,480,,,10C_1 10C_2 9D_2 9H_1 AD_1 AH_1 JC_1 JS_1 JS_2 KD_1 KS_1 QH_1,10,2,3,3,0,0,0,300,-420,0,0,0.16,-388.3333,-7.2,,,0,
bid,C,480,60,,,9C_1 AC_1 AC_2 AS_1 JD_1 JH_1 KC_1 KC_2 KS_2 QC_2 QD_2 QH_2,50,3,6,2,0,0,0,300,420,0,1,0.8067,164.6667,116.2667,,,1,
bid,S,60,480,,,10D_2 10S_2 9C_2 9H_2 9S_1 AD_2 AH_2 AS_2 KH_1 KH_2 QD_1 QS_1,10,3,4,4,0,0,0,340,-420,0,1,0.3,-230.0,102.7333,,,0,
fold,C,480,60,150,10,9C_1 AC_1 AC_2 JD_1 JD_2 JH_1 KC_1 KC_2 QC_1 QC_2 QH_2 QS_2,130,2,7,2,0,1,0,330,420,0,0,0.3267,,,-211.4,-340.0,,0
bid,S,160,150,,,10D_1 10S_2 9D_2 AS_1 JC_1 JD_1 JD_2 JS_2 KD_2 QH_1 QS_1 QS_2,300,1,5,5,0,1,0,300,10,0,0,1.0,459.2667,264.3333,,,1,
bid,S,150,160,,,9C_2 9H_1 9S_1 9S_2 AD_2 AH_1 AS_2 JS_1 KS_1 QD_1 QD_2 QH_2,20,3,5,3,0,0,0,340,-10,0,0,0.3467,-208.2667,-5.5333,,,0,
bid,C,160,150,,,10S_1 9C_1 9D_1 AC_1 AC_2 JC_2 JH_2 KC_2 KH_1 KS_2 QC_1 QC_2,50,2,7,2,0,0,0,340,10,1,0,0.68,56.5333,-28.4,,,1,
bid,H,150,160,,,10C_1 10C_2 10D_2 10H_1 10H_2 9H_2 AD_1 AH_2 JH_1 KC_1 KD_1 KH_2,10,2,6,3,0,0,0,340,-10,0,1,0.64,22.2,5.0,,,1,
bid,S,160,150,,,10D_1 10S_2 9D_2 AS_1 JC_1 JD_1 JD_2 JS_2 KD_2 QH_1 QS_1 QS_2,300,1,5,5,0,1,0,350,10,0,1,1.0,443.8,385.4667,,,1,
bid,H,150,160,,,10C_1 10C_2 10D_2 10H_1 10H_2 9H_2 AD_1 AH_2 JH_1 KC_1 KD_1 KH_2,10,2,6,3,0,0,0,360,-10,0,1,0.5667,-40.5333,-17.3333,,,0,
fold,S,160,150,470,20,10S_1 10S_2 AC_2 AS_1 JC_1 JD_1 JD_2 JS_2 KS_2 QH_1 QS_1 QS_2,450,2,7,2,1,1,0,350,10,0,0,1.0,,,532.8,-370.0,,0
bid,S,280,770,,,10D_1 10D_2 10H_1 9C_2 9D_2 9S_1 JS_1 KD_2 QC_1 QC_2 QH_1 QH_2,10,0,2,4,0,0,0,300,-490,0,0,0.0067,-462.2667,-9.0667,,,0,
bid,S,770,280,,,10H_2 10S_1 AC_1 AH_1 AS_2 JC_1 JD_2 KC_1 KH_1 KS_1 KS_2 QS_2,80,3,5,3,0,1,0,300,490,0,0,0.96,308.9333,102.4667,,,1,
bid,D,280,770,,,10C_1 9D_1 9H_2 9S_2 AD_2 AS_1 JD_1 JH_2 KC_2 KD_1 KH_2 QD_2,50,2,5,3,0,0,0,310,-490,0,1,0.64,-34.2,57.1333,,,0,
bid,C,770,280,,,10C_2 10S_2 9C_1 9H_1 AC_2 AD_1 AH_2 JC_2 JH_1 JS_2 QD_1 QS_1,10,3,4,3,0,0,0,320,490,1,0,0.4667,-142.6,99.8,,,0,
bid,S,770,280,,,10H_2 10S_1 AC_1 AH_1 AS_2 JC_1 JD_2 KC_1 KH_1 KS_1 KS_2 QS_2,80,3,5,3,0,1,0,320,490,0,1,0.9133,265.7333,99.2667,,,1,
fold,D,280,770,190,60,10D_1 10D_2 9D_1 9H_2 9S_2 AD_2 JD_1 JH_2 KD_1 KD_2 KH_2 QD_2,160,1,8,3,1,0,0,310,-490,0,0,0.5267,,,-108.3333,-370.0,,0
bid,S,900,650,,,10H_2 10S_2 9D_1 AH_1 AH_2 AS_1 AS_2 JC_1 JS_1 JS_2 KC_2 KH_2,0,4,5,4,0,0,0,300,250,0,0,0.3533,-201.1333,18.6,,,0,
bid,C,650,900,,,10C_1 9C_1 9S_1 9S_2 AC_1 AC_2 JD_1 JH_2 KC_1 KD_1 QC_1 QS_1,90,2,6,3,0,1,0,300,-250,0,0,0.8267,149.0,14.0,,,1,
bid,D,900,650,,,10D_1 10D_2 10H_1 9C_2 9D_2 AD_2 JC_2 JH_1 QC_2 QD_1 QD_2 QH_2,10,1,6,3,0,0,0,340,250,0,1,0.1667,-324.0,-110.4,,,0,
bid,H,650,900,,,10C_2 10S_1 9H_1 9H_2 AD_1 JD_2 KD_2 KH_1 KS_1 KS_2 QH_1 QS_2,120,1,4,4,0,1,0,340,-250,1,0,0.2467,-318.2667,116.8667,,,0,
fold,C,650,900,370,10,10C_1 10C_2 9C_1 AC_1 AC_2 JD_1 JD_2 JH_2 KC_1 QC_1 QS_1 QS_2,350,2,7,2,0,1,0,330,-250,0,0,1.0,,,425.2,-340.0,,0
bid,D,0,0,,,10D_2 10H_1 9H_2 AC_1 AD_1 AD_2 JD_2 JS_2 KH_1 KH_2 QC_1 QS_2,40,3,4,4,0,1,0,300,0,0,0,0.52,-98.0,226.5333,,,0,
bid,D,0,0,,,AC_2 AH_1 AS_1 JD_1 JS_1 KC_1 KC_2 KD_1 QD_1 QD_2 QH_1 QS_1,80,3,4,3,0,1,0,300,0,0,0,0.7,118.2,192.6,,,0,
bid,S,0,0,,,10C_1 10D_1 10S_1 10S_2 9C_1 9C_2 9D_1 9S_1 AH_2 AS_2 JC_2 JH_2,10,2,4,4,0,0,0,300,0,0,1,0.14,-408.4667,-115.2667,,,0,
fold,H,0,0,130,50,10H_2 9D_2 9H_1 9S_2 JC_1 JD_1 JH_1 KC_2 KS_1 QC_2 QH_2 QS_1,90,0,4,3,0,1,0,250,0,0,0,0.3933,,,-243.0,-300.0,,0
bid,C,-250,50,,,10C_1 9C_2 9D_1 9H_1 9H_2 9S_1 AC_1 AC_2 AH_1 JS_2 KC_2 KH_2,10,3,5,4,0,0,0,300,-300,0,0,0.4267,-163.0667,-86.4667,,,0,
bid,D,50,-250,,,10D_2 10H_1 10S_2 AD_1 AH_2 JC_1 JC_2 JD_2 KD_1 KH_1 QD_2 QS_1,190,2,5,3,1,1,0,300,300,0,0,1.0,282.7333,108.5333,,,1,
bid,S,-250,50,,,10H_2 9D_2 9S_2 AS_2 JH_1 JS_1 KD_2 KS_1 QC_1 QC_2 QH_1 QS_2,50,1,5,3,0,0,0,300,-300,0,1,0.5067,-131.2,21.0,,,0,
fold,D,50,-250,100,40,10D_1 9C_1 AD_1 AD_2 AS_1 JD_1 JD_2 JH_2 KS_2 QD_1 QH_2 QS_1,60,3,6,3,0,1,0,250,300,0,0,0.5133,,,-100.7333,-290.0,,0
bid,C,380,-190,,,10D_2 9C_2 9D_2 9H_2 9S_2 AC_2 AH_1 AS_2 QD_1 QD_2 QH_2 QS_2,10,3,2,4,0,0,0,300,570,0,0,0.2667,-303.4,119.4667,,,0,
bid,C,-190,380,,,10D_1 10H_1 10S_1 9S_1 AC_1 AH_2 JS_2 KC_2 KD_1 QC_2 QH_1 QS_1,40,2,3,4,0,0,0,300,-570,0,0,0.44,-191.0667,41.8,,,0,
bid,S,380,-190,,,10C_1 10C_2 10H_2 10S_2 9C_1 9D_1 AD_2 JH_1 JS_1 KD_2 KH_1 QC_1,0,1,2,4,0,0,0,300,570,0,1,0.0467,-438.0667,-116.8667,,,0,
fold,D,-190,380,80,20,10D_1 10H_1 9H_1 AD_1 JC_1 JC_2 JD_1 JD_2 JH_2 KH_2 KS_1 QS_1,60,1,4,4,0,1,0,250,-570,0,0,0.2333,,,-260.4,-270.0,,0
bid,C,-440,400,,,10C_2 10H_1 9D_2 9H_2 AS_1 JH_2 JS_2 KC_1 KC_2 KH_1 KS_2 QC_2,40,1,4,4,0,0,0,300,-840,0,0,0.38,-242.6667,-134.2,,,0,
bid,S,400,-440,,,10C_1 10H_2 10S_1 9D_1 AC_1 AC_2 AS_2 JC_2 JD_1 KS_1 QD_1 QS_1,80,3,4,4,0,1,0,300,840,0,0,0.84,155.1333,137.6667,,,1,
bid,S,-440,400,,,10D_1 10S_2 9C_1 9C_2 9H_1 9S_2 AH_1 JC_1 QC_1 QD_2 QH_1 QH_2,10,1,2,4,0,0,0,300,-840,0,1,0.0133,-485.8,-151.2667,,,0,
fold,D,400,-440,460,30,10D_2 9S_1 AD_1 AD_2 JD_1 JD_2 JH_1 KD_1 KD_2 QD_1 QS_1 QS_2,450,2,8,3,1,1,0,250,840,0,0,1.0,,,502.4,-280.0,,0
bid,S,0,0,,,10C_1 10C_2 10D_2 10S_2 9D_1 9H_2 AS_1 KD_1 KH_1 KS_1 QC_2 QS_2,40,1,4,3,0,0,0,300,0,0,0,0.4533,-177.6,55.2667,,,0,
bid,D,0,0,,,10D_1 10H_1 9C_2 9D_2 9H_1 AD_1 AH_1 JD_1 JD_2 KD_2 QD_1 QH_1,160,2,7,4,1,0,0,300,0,0,0,1.0,357.4667,-35.4667,,,1,
bid,S,0,0,,,9S_2 AC_2 AS_2 JC_1 JC_2 JH_2 JS_1 JS_2 KC_1 KC_2 KS_2 QS_1,50,2,6,5,0,0,0,340,0,0,1,0.6533,26.2667,26.8,,,0,
bid,H,0,0,,,10H_2 10S_1 9C_1 9S_1 AC_1 AD_2 AH_2 JH_1 KH_2 QC_1 QD_2 QH_2,150,3,5,3,1,0,0,350,0,1,0,0.8733,191.4667,109.8,,,1,
bid,D,0,0,,,10D_1 10H_1 9C_2 9D_2 9H_1 AD_1 AH_1 JD_1 JD_2 KD_2 QD_1 QH_1,160,2,7,4,1,0,0,360,0,1,0,0.98,349.0,51.6667,,,1,
bid,S,0,0,,,9S_2 AC_2 AS_2 JC_1 JC_2 JH_2 JS_1 JS_2 KC_1 KC_2 KS_2 QS_1,50,2,6,5,0,0,0,370,0,0,1,0.5067,-78.1333,182.8667,,,0,
bid,H,0,0,,,10H_2 10S_1 9C_1 9S_1 AC_1 AD_2 AH_2 JH_1 KH_2 QC_1 QD_2 QH_2,150,3,5,3,1,0,0,380,0,1,0,0.78,129.4667,173.2,,,0,
bid,D,0,0,,,10D_1 10H_1 9C_2 9D_2 9H_1 AD_1 AH_1 JD_1 JD_2 KD_2 QD_1 QH_1,160,2,7,4,1,0,0,380,0,1,1,0.9467,322.3333,116.8,,,1,
bid,S,0,0,,,9S_2 AC_2 AS_2 JC_1 JC_2 JH_2 JS_1 JS_2 KC_1 KC_2 KS_2 QS_1,50,2,6,5,0,0,0,390,0,0,1,0.4733,-102.9333,220.2,,,0,
fold,D,0,0,180,50,10D_1 10S_1 9C_2 9D_2 9H_1 AD_1 AD_2 JD_1 JD_2 KD_2 QD_1 QD_2,160,2,9,1,1,0,0,380,0,0,0,0.36,,,-208.5333,-430.0,,0
bid,H,380,100,,,10C_2 10D_1 10H_2 9H_1 AH_1 AH_2 JC_1 KH_1 KS_2 QH_2 QS_1 QS_2,70,2,6,3,0,0,0,300,280,0,0,0.78,128.3333,100.0667,,,1,
bid,S,100,380,,,9D_2 9H_2 9S_2 AD_1 AD_2 AS_1 AS_2 JC_2 JS_1 JS_2 KS_1 QC_2,10,4,6,3,0,0,0,300,-280,0,0,0.6733,45.6,45.8667,,,0,
bid,D,380,100,,,10C_1 10H_1 9C_2 9D_1 AC_1 AC_2 JD_1 JD_2 KC_1 KD_1 QD_1 QH_1,50,2,5,5,0,0,0,310,280,0,1,0.4733,-89.5333,61.3333,,,0,
bid,C,100,380,,,10D_2 10S_1 10S_2 9C_1 9S_1 JH_1 JH_2 KC_2 KD_2 KH_2 QC_1 QD_2,70,0,3,3,0,0,0,320,-280,1,0,0.1533,-435.6,10.6,,,0,
bid,S,100,380,,,9D_2 9H_2 9S_2 AD_1 AD_2 AS_1 AS_2 JC_2 JS_1 JS_2 KS_1 QC_2,10,4,6,3,0,0,0,320,-280,0,1,0.5067,-72.8667,29.5333,,,0,
fold,D,380,100,370,70,10C_1 10D_1 9C_2 9D_1 AC_1 AC_2 JD_1 JD_2 KD_1 QD_1 QS_1 QS_2,350,2,6,4,0,1,0,310,280,0,0,1.0,,,387.7333,-380.0,,0
bid,C,280,890,,,10C_2 10D_2 10H_1 10S_1 9H_2 AC_2 AS_1 JC_1 JD_2 KC_2 KH_1 QC_2,150,2,5,3,1,0,0,300,-610,0,0,0.98,249.4,46.4,,,1,
bid,S,890,280,,,10C_1 9H_1 AC_1 AS_2 JH_1 JS_2 KH_2 KS_1 KS_2 QD_2 QH_2 QS_1,60,2,5,4,0,0,0,300,610,0,0,0.7933,100.9333,68.6,,,1,
bid,H,280,890,,,10H_2 10S_2 9D_1 9S_2 AD_1 AH_1 AH_2 JD_1 JH_2 KC_1 QD_1 QS_2,40,3,4,4,0,1,0,310,-610,0,1,0.4333,-172.6667,151.0667,,,0,
bid,S,890,280,,,10D_1 9C_1 9C_2 9D_2 9S_1 AD_2 JC_2 JS_1 KD_1 KD_2 QC_1 QH_1,10,1,2,5,0,0,0,310,610,1,0,0.0133,-465.0,-107.6,,,0,
fold,S,890,280,70,70,10D_1 9H_1 AD_2 AS_2 JS_1 JS_2 KH_2 KS_1 KS_2 QD_2 QH_2 QS_1,60,2,6,3,0,0,0,300,610,0,0,0.08,,,-405.7333,-370.0,,1
bid,C,590,350,,,10C_1 10C_2 10D_1 10H_2 9C_2 9D_2 9S_1 AC_1 AH_2 KS_1 KS_2 QC_1,10,2,5,3,0,0,0,300,240,0,0,0.5067,-114.7333,-78.4,,,0,
bid,S,350,590,,,10D_2 9D_1 9H_1 AD_2 AH_1 AS_1 JH_1 JH_2 KC_1 KH_1 QD_1 QD_2,0,3,1,5,0,0,0,300,-240,0,0,0.14,-381.8,-50.4,,,0,
bid,S,590,350,,,10S_1 9C_1 9H_2 AD_1 AS_2 JC_1 JD_1 JS_2 KH_2 QC_2 QH_2 QS_2,60,2,4,3,0,1,0,300,240,0,1,0.64,-32.9333,57.2,,,0,
fold,S,350,590,70,70,10S_2 9S_2 AD_2 AH_1 AS_1 JC_2 JD_2 JS_1 KC_2 KD_2 QH_1 QS_1,50,3,5,3,0,1,0,250,-240,0,0,0.3267,,,-240.8,-320.0,,0
bid,S,100,790,,,10C_2 10H_2 10S_1 10S_2 9D_1 9D_2 AS_1 JC_1 JS_2 KD_2 QH_1 QS_2,0,1,5,3,0,0,0,300,-690,0,0,0.46,-170.3333,-13.8667,,,0,
bid,H,790,100,,,10H_1 9H_1 9H_2 AD_2 AS_2 JD_1 JD_2 JH_1 KC_2 KH_1 KS_2 QH_2,60,2,6,3,0,0,0,300,690,0,0,0.7667,185.8667,17.0667,,,1,
bid,C,100,790,,,9S_1 9S_2 AC_1 AC_2 AD_1 AH_1 AH_2 JH_2 JS_1 KH_2 KS_1 QD_2,0,5,2,4,0,0,0,310,-690,0,1,0.24,-314.9333,146.4,,,0,
bid,C,790,100,,,10C_1 10D_1 10D_2 9C_1 9C_2 JC_2 KC_1 KD_1 QC_1 QC_2 QD_1 QS_1,80,0,7,4,0,0,0,310,690,1,0,0.7933,163.2667,-68.8667,,,1,
fold,H,790,100,160,0,10D_1 10D_2 10H_1 9H_1 9H_2 AD_2 JD_1 JD_2 JH_1 KH_1 QH_2 QS_1,100,1,6,5,0,1,0,300,690,0,0,0.8267,,,149.7333,-300.0,,0
bid,H,0,0,,,10H_1 10S_1 10S_2 9C_1 9D_1 AC_2 AD_1 AS_1 JH_1 KH_1 KH_2 QH_2,40,3,5,3,0,0,0,300,0,0,0,0.56,-7.1333,2.6667,,,0,
bid,D,0,0,,,10D_1 9H_1 9S_1 AH_2 JC_1 JD_1 KD_1 KD_2 QC_1 QD_2 QH_1 QS_2,140,1,5,3,0,1,1,300,0,0,0,0.7333,76.1333,103.4667,,,0,
bid,S,0,0,,,10C_2 10H_2 9C_2 AD_2 AS_2 JH_2 JS_2 KC_1 KC_2 KS_2 QC_2 QS_1,60,2,4,5,0,0,0,300,0,0,1,0.56,-91.4667,25.0,,,0,
fold,H,0,0,100,80,10D_1 9D_2 9H_2 9S_2 AH_1 JC_2 JD_1 JD_2 JS_1 KS_1 QD_1 QS_2,70,1,2,5,0,1,0,250,0,0,0,0.2333,,,-336.9333,-330.0,,1
bid,D,-250,270,,,10C_1 10H_1 9C_1 AH_1 AH_2 AS_1 JC_2 KD_2 KH_1 QC_2 QD_2 QS_1,40,3,2,4,0,0,0,300,-520,0,0,0.2533,-298.3333,120.7333,,,0,
bid,S,270,-250,,,10D_1 9D_2 9H_1 9H_2 9S_1 AC_2 AD_2 JH_1 KS_2 QD_1 QH_1 QS_2,50,2,3,4,0,0,0,300,520,0,0,0.22,-353.6667,27.2667,,,0,
bid,S,-250,270,,,10C_2 10H_2 10S_1 9C_2 AC_1 JD_1 JD_2 JS_1 JS_2 KC_1 KC_2 KD_1,0,1,3,5,0,0,0,300,-520,0,1,0.2,-317.2667,-10.9333,,,0,
fold,D,270,-250,40,40,10D_2 9D_1 9S_2 AC_2 AD_1 AD_2 JC_1 JH_2 KH_2 QC_1 QH_2 QS_2,30,3,4,3,0,0,0,250,520,0,0,0.02,,,-391.8667,-290.0,,1
bid,C,20,-210,,,10C_1 10C_2 9C_2 AC_2 AH_1 AS_1 JC_2 KH_2 KS_2 QC_1 QD_2 QH_1,30,3,6,3,0,0,0,300,230,0,0,0.84,205.6,28.8667,,,1,
bid,C,-210,20,,,10D_2 9D_2 9H_1 AC_1 AH_2 JD_1 JS_1 JS_2 KC_1 KH_1 QC_2 QS_1,80,2,3,3,0,1,0,340,-230,0,0,0.3867,-222.8,174.4,,,0,
bid,D,20,-210,,,10D_1 10H_1 10H_2 10S_1 9D_1 AD_1 AS_2 JC_1 KC_2 KD_1 KS_1 QD_1,50,2,5,3,0,0,0,340,230,1,0,0.4533,-169.7333,70.2667,,,0,
bid,C,-210,20,,,10S_2 9C_1 9H_2 9S_1 9S_2 AD_2 JD_2 JH_1 JH_2 KD_2 QH_2 QS_2,50,1,1,4,0,1,0,340,-230,0,1,0.1,-450.0,20.8667,,,0,
fold,C,20,-210,200,130,10C_1 10C_2 10H_2 9C_2 AC_2 JC_1 JC_2 KC_2 KH_2 QC_1 QD_2 QH_1,180,1,8,3,1,0,0,330,230,0,0,0.72,,,-17.0667,-460.0,,0
bid,H,-20,410,,,10D_2 10H_1 9C_1 9S_2 AC_2 AH_2 AS_2 JD_1 JH_2 JS_2 KD_1 KH_2,0,3,4,3,0,0,0,300,-430,0,0,0.7133,39.5333,-31.2667,,,1,
bid,C,410,-20,,,10C_2 10D_1 10S_2 9C_2 9D_2 AC_1 AD_2 JC_2 JH_1 KC_2 KD_2 QH_1,10,2,5,4,0,0,0,300,430,0,0,0.6333,1.6,-93.4,,,1,
bid,D,-20,410,,,10C_1 9D_1 9H_2 9S_1 AD_1 AS_1 JD_2 JS_1 KH_1 KS_1 QD_1 QD_2,10,2,5,4,0,0,0,340,-430,0,1,0.2733,-249.2,35.6667,,,0,
bid,S,410,-20,,,10H_2 10S_1 9H_1 AH_1 JC_1 KC_1 KS_2 QC_1 QC_2 QH_2 QS_1 QS_2,60,1,4,4,0,0,0,340,430,1,0,0.3067,-254.3333,133.3333,,,0,
bid,C,80,-10,,,10S_2 9C_2 9D_1 9H_2 9S_2 AC_1 AD_2 JD_1 JS_1 KC_1 QC_2 QH_2,50,2,4,3,0,0,0,300,90,0,0,0.5533,-98.9333,31.2,,,0,
bid,D,-10,80,,,10D_2 9D_2 AC_2 AD_1 AH_2 AS_2 JH_2 KC_2 KH_1 KH_2 QD_2 QS_2,110,4,4,4,0,0,1,300,-90,0,0,0.9467,263.2667,212.8,,,1,
bid,H,80,-10,,,10D_1 10S_1 9C_1 9H_1 9S_1 AS_1 JC_1 JC_2 JD_2 KD_1 KS_1 QC_1,10,1,1,4,0,0,0,300,90,0,1,0.0333,-470.7333,-8.8,,,0,
fold,H,-10,80,190,40,10H_1 10H_2 AH_1 AH_2 JH_1 KD_2 KH_1 KS_2 QD_1 QH_1 QS_1 QS_2,190,2,7,3,1,0,0,250,-90,0,0,1.0,,,176.9333,-290.0,,0
bid,S,380,170,,,9C_2 9D_1 9S_1 9S_2 AH_1 AS_2 JC_1 JS_1 KC_2 QC_1 QD_1 QH_2,40,2,4,4,0,0,0,300,210,0,0,0.2,-360.3333,-24.1333,,,0,
bid,S,170,380,,,10C_1 10D_1 10D_2 10H_2 10S_2 AD_1 AS_1 JH_1 KC_1 KD_1 KH_1 KH_2,0,2,2,4,0,0,0,300,-210,0,0,0.0933,-401.2,-62.3333,,,0,
bid,S,380,170,,,10C_2 9C_1 9H_1 9H_2 AH_2 JC_2 JD_1 KD_2 KS_2 QD_2 QH_1 QS_2,100,1,2,4,0,1,0,300,210,0,1,0.2533,-323.2667,-15.4667,,,0,
fold,S,170,380,190,140,10S_1 10S_2 9D_2 AD_1 AD_2 AS_1 JD_2 JH_2 JS_2 KS_1 QC_2 QS_1,190,3,6,4,1,1,0,250,-210,0,0,1.0,,,150.6667,-390.0,,0
bid,D,530,600,,,10C_1 10D_1 9D_2 9S_1 AD_1 AD_2 AH_2 JD_1 JD_2 JH_1 KD_2 QH_1,10,3,7,3,0,0,0,300,-70,0,0,0.7667,151.1333,-2.7333,,,1,
bid,H,600,530,,,10C_2 10D_2 10H_2 10S_1 9C_1 AH_1 JS_1 JS_2 KC_1 KC_2 QD_1 QS_2,0,1,2,4,0,0,0,340,70,0,0,0.0533,-433.3333,111.1333,,,0,
bid,C,530,600,,,10S_2 9D_1 AC_1 AC_2 AS_1 JH_2 KD_1 KH_1 KH_2 KS_2 QC_1 QH_2,20,3,3,4,0,0,0,340,-70,1,0,0.18,-339.7333,98.6667,,,0,
bid,S,600,530,,,10H_1 9C_2 9H_1 9H_2 9S_2 AS_2 JC_1 JC_2 KS_1 QC_2 QD_2 QS_1,50,1,4,4,0,0,0,340,70,0,1,0.1467,-389.2,46.1333,,,0,
bid,C,620,200,,,10C_2 9H_2 AC_2 AD_1 AS_2 JC_1 KC_1 KC_2 KD_1 KH_1 KS_1 QC_2,230,3,6,2,1,0,1,300,420,0,0,1.0,355.6,21.6,,,1,
bid,D,200,620,,,10H_2 9D_1 9D_2 9H_1 9S_1 AD_2 JD_1 JD_2 JS_2 KH_2 QD_1 QH_1,40,1,6,4,0,0,0,340,-420,0,0,0.34,-192.0,38.8,,,0,
bid,C,620,200,,,10D_1 10D_2 10S_2 9C_1 9S_2 AH_2 JC_2 JH_1 JH_2 JS_1 KS_2 QH_2,10,1,2,4,0,0,0,340,420,1,0,0.0133,-487.9333,-99.4,,,0,
bid,D,200,620,,,10C_1 10H_1 10S_1 9C_2 AC_1 AH_1 AS_1 KD_2 QC_1 QD_2 QS_1 QS_2,40,3,2,4,0,0,0,340,-420,0,1,0.3867,-182.1333,277.4667,,,0,
fold,C,620,200,240,50,10C_2 10D_2 AC_2 AH_2 JC_1 JC_2 KC_1 KC_2 KD_1 KH_1 KS_1 QC_2,230,2,7,2,1,0,1,330,420,0,0,0.9533,,,215.9333,-380.0,,0
bid,D,370,990,,,10H_1 9D_1 9D_2 JC_2 JS_1 KC_1 KD_1 KD_2 KH_2 KS_2 QD_1 QS_2,160,0,5,3,0,0,1,300,-620,0,0,0.2933,-286.1333,4.6667,,,0,
bid,C,990,370,,,10C_1 10D_1 10H_2 10S_2 9C_1 9C_2 9S_1 AC_2 AD_1 AH_1 AS_2 JH_1,120,4,4,3,0,0,1,300,620,0,0,0.9267,159.5333,46.2667,,,1,
bid,H,370,990,,,10D_2 10S_1 9H_1 9S_2 JC_1 KC_2 KH_1 QC_2 QD_2 QH_1 QH_2 QS_1,130,0,4,3,0,0,1,310,-620,0,1,0.2533,-340.6,94.0667,,,0,
bid,H,990,370,,,10C_2 9H_2 AC_1 AD_2 AH_2 AS_1 JD_1 JD_2 JH_2 JS_2 KS_1 QC_1,110,4,3,3,0,0,1,310,620,1,0,0.8133,119.8,277.4667,,,0,
fold,C,990,370,220,240,10C_1 9C_1 9C_2 9S_1 AC_2 AD_1 AH_1 AS_2 JD_1 JD_2 JH_1 KS_1,120,4,4,3,0,0,1,300,620,0,0,1.0,,,59.2,-540.0,,0
bid,C,0,0,,,10C_1 10H_2 AC_2 JC_1 JD_1 JS_2 KD_2 KS_1 KS_2 QC_1 QS_1 QS_2,80,1,4,5,0,1,0,300,0,0,0,0.6867,33.1333,59.4667,,,0,
bid,C,0,0,,,10H_1 9C_2 9D_2 9S_2 AC_1 AD_2 JC_2 JH_1 JS_1 KC_2 QC_2 QD_1,50,2,5,3,0,0,0,340,0,0,0,0.62,-48.2,7.6667,,,0,
bid,D,0,0,,,10D_1 10S_1 9C_1 9D_1 9H_1 AD_1 AH_1 AH_2 AS_2 JD_2 KC_1 KH_1,10,4,4,4,0,0,0,350,0,1,0,0.3067,-234.4667,160.2667,,,0,
bid,H,0,0,,,10C_2 10D_2 10S_2 9H_2 9S_1 AS_1 JH_2 KD_1 KH_2 QD_2 QH_1 QH_2,70,1,5,3,0,0,0,350,0,1,0,0.3667,-222.3333,-5.9333,,,0,
bid,C,0,0,,,10C_1 10H_2 AC_2 JC_1 JD_1 JS_2 KD_2 KS_1 KS_2 QC_1 QS_1 QS_2,80,1,4,5,0,1,0,350,0,0,1,0.5267,-59.6667,154.4,,,0,
fold,C,0,0,200,90,10C_2 10S_2 9C_2 9D_2 AC_1 AS_1 JC_2 JH_1 JS_1 KC_2 QC_2 QD_1,160,2,6,3,1,0,0,340,0,0,0,0.7933,,,65.1333,-430.0,,0
bid,H,370,170,,,10C_2 9D_2 9H_1 9H_2 9S_2 AD_2 AH_2 JC_1 JH_1 JS_1 KC_2 QS_1,20,2,4,3,0,0,0,300,200,0,0,0.2267,-306.2667,-105.6,,,0,
bid,C,170,370,,,10D_1 10D_2 10H_1 10H_2 9C_2 AC_1 AH_1 JD_1 JS_2 KH_1 QC_1 QD_1,10,2,3,4,0,0,0,300,-200,0,0,0.32,-251.6667,-53.7333,,,0,
bid,S,370,170,,,10S_1 9S_1 AC_2 AS_2 JC_2 JH_2 KS_1 KS_2 QC_2 QH_1 QH_2 QS_2,50,2,6,3,0,0,0,300,200,0,1,0.8333,180.1333,2.3333,,,1,
fold,D,170,370,160,30,10D_1 10D_2 9C_1 9D_1 AD_1 AS_1 JD_1 JD_2 KC_1 KD_1 KD_2 QD_2,160,2,9,2,1,0,0,250,-200,0,0,1.0,,,290.1333,-280.0,,0
bid,S,540,440,,,10C_2 10H_1 10S_1 9H_2 AS_1 AS_2 JH_1 JS_2 KH_1 QD_2 QH_1 QS_1,20,2,5,5,0,0,0,300,100,0,0,0.4733,-154.4,25.6,,,0,
bid,C,440,540,,,10D_2 9C_1 9D_1 9S_2 AC_2 AD_1 AH_1 JS_1 KD_2 KS_2 QC_1 QH_2,10,3,3,4,0,0,0,300,-100,0,0,0.3733,-204.7333,-76.9333,,,0,
bid,C,540,440,,,10C_1 10H_2 9C_2 9D_2 9S_1 AC_1 AD_2 JC_2 KC_1 KS_1 QD_1 QS_2,30,2,5,3,0,0,0,300,100,0,1,0.5667,-64.7333,10.4667,,,0,
bid,C,440,540,,,10D_1 10S_2 9H_1 AH_2 JC_1 JD_1 JD_2 JH_2 KC_2 KD_1 KH_2 QC_2,40,1,3,4,0,0,0,340,-100,0,1,0.24,-309.1333,97.8,,,0,
bid,C,490,210,,,10C_1 10D_2 10S_1 9S_1 AC_2 AH_2 JD_2 JH_2 KC_1 KC_2 QC_1 QH_2,40,2,5,3,0,0,0,300,280,0,0,0.78,68.6,-30.4,,,1,
bid,S,210,490,,,10H_2 9H_2 AD_1 AS_1 AS_2 JC_1 JC_2 JS_2 KH_2 QC_2 QD_1 QS_2,0,3,4,3,0,0,0,310,-280,0,0,0.3133,-247.9333,237.7333,,,0,
bid,D,490,210,,,10C_2 9D_2 9H_1 JD_1 JH_1 KD_1 KD_2 KH_1 KS_1 KS_2 QD_2 QS_1,110,0,5,3,0,1,0,310,280,1,0,0.58,-68.6,36.8,,,0,
bid,C,210,490,,,10D_1 10H_1 10S_2 9C_1 9C_2 9D_1 9S_2 AC_1 AD_2 AH_1 JS_1 QH_1,20,3,3,3,0,0,0,310,-280,0,1,0.1667,-382.2667,-83.3333,,,0,
fold,C,490,210,100,20,10C_1 10C_2 9S_1 AC_2 JD_1 JD_2 JH_2 KC_1 KC_2 QC_1 QH_2 QS_1,80,1,6,2,0,1,0,300,280,0,0,0.1933,,,-314.8667,-320.0,,0
bid,D,230,190,,,10C_1 10S_2 9S_1 AD_1 AH_1 JD_2 JH_2 KD_1 KH_1 KH_2 QD_1 QD_2,40,2,5,4,0,0,0,300,40,0,0,0.5933,-31.9333,50.1333,,,0,
bid,S,190,230,,,10H_1 9D_2 9H_1 AS_1 JC_1 JD_1 JH_1 KC_2 KS_2 QC_1 QH_1 QS_1,100,1,3,4,0,1,0,300,-40,0,0,0.4333,-196.4,22.6667,,,0,
bid,C,230,190,,,10D_1 10D_2 10H_2 9C_2 9H_2 9S_2 AC_1 AC_2 AD_2 AH_2 JC_2 QC_2,10,4,5,3,0,0,0,300,40,0,1,0.74,74.2667,2.9333,,,1,
fold,S,190,230,210,40,10S_1 9C_1 9D_1 AS_1 AS_2 JD_1 JS_1 JS_2 KS_1 QH_2 QS_1 QS_2,190,2,8,2,1,1,0,250,-40,0,0,1.0,,,248.4,-290.0,,0
bid,D,570,350,,,10D_1 10H_2 9D_1 9H_2 9S_2 AC_1 AH_2 JS_2 KC_1 KD_2 KH_2 QD_1,50,2,4,4,0,0,0,300,220,0,0,0.3267,-263.0667,-44.0667,,,0,
bid,S,350,570,,,10D_2 9C_2 9D_2 9H_1 AH_1 AS_2 JC_2 JD_2 JS_1 KS_1 QC_1 QS_1,80,2,4,3,0,1,0,300,-220,0,0,0.7067,17.4,0.2,,,1,
bid,D,570,350,,,10H_1 10S_2 AD_1 AD_2 AS_1 JC_1 JD_1 JH_1 KC_2 KH_1 KS_2 QC_2,20,3,3,3,0,0,0,300,220,0,1,0.1667,-352.7333,207.0,,,0,
fold,C,350,570,140,60,10C_1 10C_2 9C_1 9S_1 AC_2 JD_2 KD_1 QC_1 QD_2 QH_1 QS_1 QS_2,130,1,5,3,0,1,1,250,-220,0,0,0.76,,,-11.3333,-310.0,,0
bid,H,600,770,,,10C_2 10H_1 9S_1 AC_1 AH_1 AH_2 AS_2 JS_2 KH_1 QD_2 QH_2 QS_1,40,4,5,4,0,0,0,300,-170,0,0,0.92,238.6,127.4,,,1,
bid,S,770,600,,,10D_2 10S_1 9D_1 9D_2 AC_2 AS_1 JD_1 JH_2 JS_1 KC_1 KS_2 QC_2,20,2,4,4,0,0,0,340,170,0,0,0.4867,-120.2,47.4,,,0,
bid,H,600,770,,,10C_1 9C_2 9H_2 AD_2 JC_2 JH_1 KC_2 KH_2 KS_1 QD_1 QH_1 QS_2,70,1,4,4,0,0,0,340,-170,1,0,0.3333,-246.2667,130.1333,,,0,
bid,D,770,600,,,10D_1 10H_2 10S_2 9C_1 9H_1 9S_2 AD_1 JC_1 JD_2 KD_1 KD_2 QC_1,0,1,5,3,0,0,0,340,170,0,1,0.2667,-265.6667,-3.2,,,0,
fold,H,600,770,90,30,10H_1 9S_1 AH_1 AH_2 JS_2 KH_1 KH_2 QD_2 QH_1 QH_2 QS_1 QS_2,80,2,7,4,0,0,0,330,-170,0,0,0.1333,,,-369.8,-360.0,,1
bid,H,840,270,,,10C_1 10H_1 10H_2 9C_1 9C_2 9D_2 9H_2 AH_2 JH_1 JS_2 KD_2 KH_1,10,1,6,3,0,0,0,300,570,0,0,0.64,-49.1333,-206.8667,,,1,
bid,D,270,840,,,9D_1 AC_1 AS_1 JC_2 JH_2 KC_1 KC_2 KD_1 KS_1 KS_2 QD_1 QH_1,50,2,3,4,0,0,0,300,-570,0,0,0.2467,-319.4,-0.1333,,,0,
bid,S,840,270,,,10C_2 10D_1 10S_2 9H_1 9S_2 AC_2 AD_2 AS_2 JS_1 QC_1 QH_2 QS_2,10,3,5,3,0,0,0,300,570,0,1,0.6267,0.3333,46.4667,,,0,
fold,D,270,840,220,10,10D_2 9S_1 AD_1 AS_1 JC_1 JD_1 JD_2 KD_1 QC_2 QD_1 QD_2 QS_1,190,2,7,3,1,1,0,250,-570,0,0,1.0,,,310.6667,-260.0,,0
bid,D,620,970,,,10D_1 10H_1 10S_2 9D_2 AD_1 JS_2 KD_1 KD_2 KS_2 QC_1 QD_1 QS_2,70,1,6,4,0,0,0,300,-350,0,0,0.76,109.2,-78.6667,,,1,
bid,S,970,620,,,10C_2 9C_1 9C_2 9D_1 AH_1 AS_1 JC_2 JD_1 JH_2 KS_1 QD_2 QS_1,80,2,3,4,0,1,0,340,350,0,0,0.4267,-204.2667,104.9333,,,0,
bid,H,620,970,,,10D_2 10S_1 9H_1 9H_2 9S_1 9S_2 AC_2 AD_2 AH_2 KH_2 QC_2 QH_2,60,3,5,3,0,0,0,340,-350,1,0,0.5933,-29.7333,19.0667,,,0,
bid,C,970,620,,,10C_1 10H_2 AC_1 AS_2 JC_1 JD_2 JH_1 JS_1 KC_1 KC_2 KH_1 QH_1,60,2,5,4,0,0,1,340,350,0,1,0.44,-130.1333,134.8,,,0,
fold,D,620,970,90,130,10D_1 10D_2 10S_1 9D_2 AD_1 AD_2 KD_1 KD_2 KS_2 QC_1 QD_1 QS_2,70,2,8,3,0,0,0,330,-350,0,0,0.2,,,-409.1333,-460.0,,0
bid,H,0,0,,,10C_1 10H_1 10H_2 AD_1 JC_1 JH_1 JH_2 JS_2 KH_2 KS_2 QD_1 QH_2,40,1,6,2,0,0,0,300,0,0,0,0.7067,49.2,-93.2667,,,1,
bid,S,0,0,,,10C_2 10S_1 10S_2 9S_2 AS_2 JC_2 JS_1 KD_2 KH_1 QC_2 QD_2 QS_1,30,1,6,3,0,0,0,310,0,0,0,0.54,-98.6,2.1333,,,0,
bid,H,0,0,,,9H_1 9H_2 9S_1 AC_1 AD_2 AH_2 JD_1 JD_2 KC_1 KC_2 KD_1 QS_2,60,3,3,4,0,1,0,310,0,1,0,0.4267,-140.4667,144.7333,,,0,
bid,D,0,0,,,10D_1 10D_2 9C_1 9C_2 9D_1 9D_2 AC_2 AH_1 AS_1 KS_1 QC_1 QH_1,20,3,4,4,0,0,0,310,0,0,1,0.4733,-160.4667,4.2,,,0,
fold,H,0,0,140,20,10H_1 10H_2 JC_1 JD_1 JH_1 JH_2 JS_2 KC_1 KH_2 QD_1 QH_2 QS_2,120,0,6,2,0,1,1,300,0,0,0,0.2067,,,-315.9333,-320.0,,0
bid,H,120,-300,,,10D_2 9C_2 9H_1 AC_1 AC_2 AH_1 AH_2 JD_1 JH_1 JS_2 QC_2 QD_1,10,4,4,4,0,0,0,300,420,0,0,0.3667,-181.5333,201.6667,,,0,
bid,S,-300,120,,,10C_2 10H_1 10H_2 10S_2 AD_2 AS_2 JC_1 JD_2 KD_1 KH_1 KS_2 QC_1,0,2,3,3,0,0,0,300,-420,0,0,0.2667,-269.1333,26.2,,,0,
bid,S,120,-300,,,10S_1 9D_1 9D_2 9H_2 9S_1 AS_1 JH_2 JS_1 KS_1 QD_2 QH_1 QH_2,10,1,5,4,0,0,0,300,420,0,1,0.52,-122.6667,-112.8,,,0,
fold,D,-300,120,60,20,10D_1 9C_1 9S_2 AD_1 AD_2 JC_2 JD_2 KC_1 KD_1 KD_2 QS_1 QS_2,40,2,6,3,0,1,0,250,-420,0,0,0.1933,,,-284.8667,-270.0,,1
bid,D,-550,250,,,10D_2 10H_1 9S_1 AD_2 AH_1 AS_1 JD_2 JH_2 JS_1 KC_2 KD_2 KS_1,0,3,4,4,0,0,0,300,-800,0,0,0.5867,-51.2667,52.4,,,0,
bid,D,250,-550,,,10C_1 10D_1 9C_1 9C_2 9D_1 9H_1 9S_2 AD_1 AH_2 JD_1 QD_1 QS_1,50,2,5,3,0,1,0,300,800,0,0,0.7133,35.6,-11.8,,,1,
bid,C,-550,250,,,10C_2 10H_2 10S_1 10S_2 AC_1 AC_2 KC_1 KH_2 QC_1 QD_2 QH_1 QH_2,60,2,5,4,0,0,0,340,-800,0,1,0.42,-196.4,134.2,,,0,
bid,S,250,-550,,,9D_2 9H_2 AS_2 JC_1 JC_2 JH_1 JS_2 KD_1 KH_1 KS_2 QC_2 QS_2,40,1,4,3,0,0,0,340,800,1,0,0.2933,-284.1333,50.0667,,,0,
fold,D,250,-550,210,40,10D_1 9C_1 9D_1 9H_1 9S_2 AD_1 JD_1 KD_1 KH_1 QD_1 QS_1 QS_2,200,1,6,3,1,1,0,330,800,0,0,0.6733,,,-8.8667,-370.0,,0
bid,H,610,-410,,,10H_1 9C_1 9H_1 9H_2 9S_2 AC_2 AS_1 JC_2 KH_2 QC_2 QD_2 QH_2,60,2,5,4,0,0,0,300,1020,0,0,0.5267,-96.6667,-24.7333,,,0,
bid,D,-410,610,,,10C_1 10D_1 10S_2 9S_1 AD_1 AS_2 JD_2 JS_1 KD_2 KH_1 QD_1 QH_1,170,2,5,4,1,0,0,300,-1020,0,0,0.9933,241.3333,-45.4667,,,1,
bid,S,610,-410,,,9C_2 9D_1 9D_2 AC_1 AH_2 JC_1 JD_1 JS_2 KC_1 KC_2 KS_1 QS_2,80,2,3,5,0,1,0,340,1020,0,1,0.3467,-268.1333,101.3333,,,0,
bid,S,-410,610,,,10C_2 10D_2 10H_2 10S_1 AD_2 AH_1 JH_1 JH_2 KD_1 KS_2 QC_1 QS_1,40,2,3,4,0,0,0,340,-1020,1,0,0.2867,-279.6,130.5333,,,0,
fold,D,-410,610,210,100,10D_1 10D_2 9S_1 AD_1 AD_2 JD_2 JS_1 KD_2 KH_1 QD_1 QH_1 QS_1,210,2,7,3,1,1,0,330,-1020,0,0,0.6133,,,-92.2667,-430.0,,0
bid,D,-20,780,,,10D_1 10H_1 9D_2 AD_2 AH_1 JC_2 JD_2 KD_2 KS_1 KS_2 QC_1 QS_1,70,2,5,3,0,1,0,300,-800,0,0,0.6533,41.8667,118.6667,,,0,
bid,D,780,-20,,,10H_2 9C_1 9D_1 9S_1 JH_1 JS_1 KC_1 KD_1 KH_2 QD_1 QD_2 QS_2,50,0,4,3,0,0,0,300,800,0,0,0.1533,-397.0,-64.7333,,,0,
bid,C,-20,780,,,10C_2 10D_2 10S_2 9H_2 9S_2 AC_1 AS_1 AS_2 JC_1 JS_2 KC_2 QH_2,0,3,4,5,0,0,0,300,-800,0,1,0.7067,63.3333,18.2667,,,1,
bid,H,780,-20,,,10C_1 10S_1 9C_2 9H_1 AC_2 AD_1 AH_2 JD_1 JH_2 KH_1 QC_2 QH_1,50,3,5,4,0,0,0,340,800,0,1,0.84,197.6667,4.7333,,,1,
fold,C,-20,780,190,60,10C_2 10S_2 9S_2 AC_1 AS_1 AS_2 JC_1 JD_2 JS_2 KC_2 QC_1 QS_1,190,3,5,6,1,1,0,330,-800,0,0,1.0,,,290.5333,-390.0,,0
bid,S,930,330,,,10H_1 10S_1 10S_2 AC_1 JC_2 JD_2 JH_1 JS_1 KC_1 KS_1 QS_1 QS_2,120,1,6,3,0,1,1,300,600,0,0,0.7867,169.7333,32.3333,,,1,
bid,D,330,930,,,10D_2 9C_1 AC_2 AD_1 AD_2 AS_1 AS_2 JD_1 KD_2 KH_1 KH_2 KS_2,0,5,5,3,0,0,0,300,-600,0,0,0.8067,170.0,293.2,,,0,
bid,C,930,330,,,9C_2 9D_1 9H_1 9H_2 9S_2 AH_2 JC_1 KC_2 KD_1 QC_1 QC_2 QD_1,70,1,5,3,0,0,0,300,600,0,1,0.5667,-98.4,-64.4,,,0,
fold,H,330,930,190,160,10H_2 9D_2 9S_1 AH_1 JD_1 JH_2 JS_2 KH_1 KH_2 QD_2 QH_1 QH_2,190,1,7,3,1,0,0,250,-600,0,0,1.0,,,85.4667,-410.0,,0
bid,D,0,0,,,10C_2 9D_1 9S_1 AD_2 AS_1 JC_2 JH_1 KD_2 KH_1 QC_2 QD_2 QH_1,70,2,4,3,0,0,0,300,0,0,0,0.3667,-241.3333,-36.1333,,,0,
bid,S,0,0,,,10H_1 9C_2 AD_1 AH_1 AS_2 JC_1 JS_1 KC_2 KS_2 QD_1 QH_2 QS_1,40,3,4,3,0,0,0,300,0,0,0,0.7,19.6667,132.2667,,,0,
bid,H,0,0,,,10D_2 10S_2 9D_2 9S_2 AC_2 AH_2 JD_1 JH_2 JS_2 KC_1 KD_1 QS_2,40,2,2,4,0,1,0,300,0,0,1,0.24,-331.0667,32.0,,,0,
fold,C,0,0,230,80,10C_1 9C_1 9H_1 9H_2 AC_1 JC_1 JD_2 KC_2 KH_2 KS_1 QC_1 QS_1,220,1,6,3,1,1,0,250,0,0,0,1.0,,,185.7333,-330.0,,0
bid,H,400,160,,,10H_1 9H_1 AD_1 JC_2 JH_1 JS_2 KH_1 KH_2 QC_1 QC_2 QD_1 QH_1,50,1,6,3,0,0,0,300,240,0,0,0.68,52.6667,-46.6667,,,1,
bid,S,160,400,,,10C_2 10H_2 10S_2 9H_2 9S_2 AH_2 AS_1 JD_1 JS_1 KC_1 KS_1 KS_2,10,2,6,3,0,0,0,300,-240,0,0,0.72,99.9333,-53.6667,,,1,
bid,C,400,160,,,10C_1 9C_1 AC_1 AC_2 AH_1 JC_1 JD_2 JH_2 KC_2 KD_1 QS_1 QS_2,50,3,6,2,0,1,0,300,240,0,1,0.8467,275.8667,204.0,,,1,
fold,D,160,400,170,60,10D_1 10D_2 9C_2 9D_1 9D_2 AD_2 AH_2 AS_1 JD_1 KD_2 QD_2 QH_2,170,3,8,2,1,0,0,250,-240,0,0,1.0,,,291.6,-310.0,,0
bid,D,520,520,,,10D_1 10D_2 10S_2 9D_1 9S_1 JC_2 KC_1 KD_2 QC_1 QC_2 QD_1 QH_1,70,0,5,4,0,0,0,300,0,0,0,0.38,-229.0,-22.2667,,,0,
bid,S,520,520,,,10C_1 10C_2 9S_2 AH_1 AS_1 AS_2 JC_1 JS_2 KH_1 QH_2 QS_1 QS_2,30,3,6,3,0,0,0,300,0,0,0,0.6533,33.9333,113.5333,,,0,
bid,C,520,520,,,10H_1 9C_1 9C_2 9H_1 9H_2 AD_2 JD_2 JH_1 JS_1 KH_2 KS_2 QD_2,20,1,2,5,0,0,0,300,0,0,1,0.0467,-455.6667,-67.6,,,0,
fold,H,520,520,80,60,10C_1 10H_2 9D_2 AC_1 AC_2 AD_1 AH_2 JD_1 JH_2 KD_1 QS_1 QS_2,40,4,3,4,0,1,0,250,0,0,0,0.4733,,,-157.0,-310.0,,0
bid,D,780,650,,,10D_2 10H_1 9H_2 AC_2 AS_1 JC_2 JS_1 KD_1 KD_2 KH_1 QD_2 QS_2,40,2,4,3,0,0,0,300,130,0,0,0.5467,-81.4,48.0667,,,0,
bid,H,650,780,,,10D_1 9C_2 9H_1 9S_1 AC_1 AH_2 JS_2 KC_2 KH_2 QD_1 QH_1 QH_2,50,2,5,3,0,0,0,300,-130,0,0,0.5267,-94.3333,-63.4667,,,0,
bid,D,780,650,,,10C_1 10S_1 9C_1 9D_1 AD_1 AS_2 JC_1 JD_2 JH_1 KS_1 KS_2 QC_2,10,2,3,4,0,0,0,310,130,0,1,0.1533,-363.0,58.6,,,0,
bid,D,650,780,,,10C_2 10H_2 10S_2 9D_2 9S_2 AD_2 AH_1 JD_1 JH_2 KC_1 QC_1 QS_1,70,2,3,3,0,1,0,310,-130,1,0,0.2733,-300.8,60.4,,,0,
fold,H,650,780,110,30,9C_2 9H_1 9S_1 AH_1 AH_2 JD_1 JS_2 KH_2 QD_1 QH_1 QH_2 QS_1,90,2,6,3,0,1,0,300,-130,0,0,0.24,,,-290.2667,-330.0,,0
bid,C,350,900,,,10H_1 10S_1 10S_2 9C_1 9C_2 JD_1 KC_2 KD_1 KS_1 QC_1 QD_2 QS_1,140,0,4,4,0,1,0,300,-550,0,0,0.3933,-213.5333,-8.6667,,,0,
bid,D,900,350,,,10C_1 10D_1 9D_1 AD_1 AH_2 AS_2 JC_1 JD_2 JS_1 KD_2 KH_2 QH_2,30,3,5,3,0,0,0,300,550,0,0,0.6267,-7.2,44.4667,,,0,
bid,S,350,900,,,10C_2 10H_2 9H_1 9S_1 9S_2 AC_1 AC_2 AD_2 AS_1 JH_1 JH_2 KH_1,20,4,3,5,0,0,0,310,-550,0,1,0.1533,-366.2,25.5333,,,0,
bid,S,900,350,,,10D_2 9D_2 9H_2 AH_1 JC_2 JS_2 KC_1 KS_2 QC_2 QD_1 QH_1 QS_2,120,1,3,3,0,0,1,310,550,1,0,0.34,-270.6,106.0667,,,0,
fold,D,900,350,100,120,10D_1 10D_2 9D_1 AD_1 AH_1 JC_1 JD_2 JS_1 KD_2 KH_2 QH_2 QS_2,70,2,6,3,0,1,0,300,550,0,0,0.1667,,,-410.2,-420.0,,0
bid,H,600,580,,,10S_2 9D_2 9H_2 9S_1 AH_1 AH_2 JC_2 JH_1 JS_1 QC_1 QC_2 QH_1,10,2,5,3,0,0,0,300,20,0,0,0.3067,-258.1333,-25.4,,,0,
bid,D,580,600,,,10D_1 9C_2 9D_1 9S_2 AC_1 AD_1 JD_2 JH_2 JS_2 KD_2 QD_1 QD_2,160,2,7,2,1,0,0,300,-20,0,0,1.0,326.0,-111.7333,,,1,
bid,S,600,580,,,10C_2 10H_2 AD_2 AS_2 JC_1 JD_1 KC_1 KD_1 KH_1 KS_1 QS_1 QS_2,160,2,4,3,0,1,1,340,20,0,1,0.62,21.0,286.7333,,,0,
bid,H,580,600,,,10C_1 10D_2 10H_1 10S_1 9C_1 9H_1 AC_2 AS_1 KC_2 KH_2 KS_2 QH_2,50,2,4,4,0,0,0,340,-20,1,0,0.3667,-230.9333,14.5333,,,0,
fold,D,580,600,180,150,10D_1 10D_2 9C_2 9D_1 AC_2 AD_1 AS_1 JD_2 JH_2 KD_2 QD_1 QD_2,160,3,8,2,1,0,0,330,-20,0,0,1.0,,,211.0667,-480.0,,0
bid,D,960,800,,,10C_2 10H_2 9C_1 9D_1 AD_2 JH_1 JH_2 JS_1 KH_1 QC_1 QD_1 QS_1,10,1,3,4,0,0,0,300,160,0,0,0.12,-399.5333,-6.4667,,,0,
bid,C,800,960,,,10S_2 9H_2 AH_1 JD_2 KC_1 KD_1 KD_2 KS_1 KS_2 QC_2 QH_1 QH_2,40,1,2,4,0,0,0,300,-160,0,0,0.12,-390.6,179.5333,,,0,
bid,S,960,800,,,10D_2 10H_1 10S_1 9D_2 9S_1 9S_2 AC_2 AH_2 AS_1 AS_2 JD_1 QD_2,20,4,5,4,0,0,0,300,160,0,1,0.54,-77.6667,118.5333,,,0,
fold,C,800,960,220,10,10C_1 9C_2 9H_1 AC_1 JC_1 JC_2 JD_2 JS_2 KC_1 KC_2 QC_2 QS_2,200,1,8,2,1,1,0,250,-160,0,0,1.0,,,301.0667,-260.0,,0
bid,S,0,0,,,10S_1 9C_1 9H_1 9S_2 AH_2 AS_1 JC_1 JD_1 JS_2 KC_2 KS_1 QS_2,200,2,6,3,1,1,0,300,0,0,0,1.0,319.2,5.1333,,,1,
bid,C,0,0,,,10D_2 10H_2 9C_2 9H_2 AC_1 AC_2 AS_2 JC_2 JH_1 KC_1 KD_2 KH_1,10,3,5,4,0,0,0,340,0,0,0,0.3333,-209.6,23.0,,,0,
bid,D,0,0,,,10D_1 10H_1 9D_1 9D_2 AD_1 JD_2 JS_1 QC_2 QD_1 QD_2 QH_1 QS_1,120,1,7,2,0,1,1,340,0,1,0,0.6,32.6,63.2667,,,0,
bid,H,0,0,,,10C_1 10C_2 10S_2 9S_1 AD_2 AH_1 JH_2 KD_1 KH_2 KS_2 QC_1 QH_2,40,2,4,3,0,0,0,340,0,0,1,0.34,-256.8,33.4,,,0,
fold,S,0,0,480,30,10H_1 10S_1 9H_1 9S_2 AS_1 JC_1 JD_1 JD_2 JS_2 KS_1 QS_1 QS_2,460,1,7,2,1,1,0,330,0,0,0,1.0,,,510.2667,-360.0,,0
bid,D,110,650,,,10C_1 10C_2 9H_1 AH_1 JD_1 JH_2 KC_1 KD_1 KD_2 KH_1 QC_1 QD_1,60,1,4,4,0,0,0,300,-540,0,0,0.3667,-250.6667,35.4667,,,0,
bid,S,650,110,,,10S_1 9C_1 9D_2 AC_1 AS_1 AS_2 JC_2 JD_2 JS_2 KH_2 KS_2 QS_1,190,3,6,3,1,1,0,300,540,0,0,1.0,318.6667,42.0,,,1,
bid,H,110,650,,,10H_1 9S_1 9S_2 AD_1 AD_2 AH_2 JH_1 JS_1 QC_2 QD_2 QH_1 QH_2,0,3,5,3,0,0,0,340,-540,0,1,0.56,-49.0,118.2667,,,0,
bid,S,650,110,,,10D_1 10D_2 10H_2 10S_2 9C_2 9D_1 9H_2 AC_2 JC_1 KC_2 KS_1 QS_2,40,1,3,4,0,0,0,340,540,1,0,0.1733,-391.5333,108.2,,,0,
fold,S,650,110,230,60,10S_1 10S_2 9D_2 AS_1 AS_2 JC_2 JD_2 JS_2 KS_1 KS_2 QS_1 QS_2,230,2,9,2,1,1,0,330,540,0,0,1.0,,,292.8,-390.0,,0
bid,H,0,0,,,10D_2 9H_1 9H_2 AD_2 AH_1 JH_2 KH_2 QC_1 QC_2 QH_1 QH_2 QS_1,60,2,7,2,0,0,0,300,0,0,0,0.96,346.2,69.7333,,,1,
bid,H,0,0,,,10H_2 9C_2 9S_1 9S_2 AD_1 AH_2 JC_2 JH_1 KC_1 KC_2 QD_2 QS_2,0,2,3,4,0,0,0,340,0,0,0,0.1533,-342.0,88.2,,,0,
bid,C,0,0,,,10C_2 10D_1 10H_1 10S_1 9C_1 9D_1 9D_2 AC_2 AS_1 JD_1 JS_1 KD_1,10,2,3,5,0,0,0,340,0,1,0,0.16,-367.6,-16.9333,,,0,
bid,S,0,0,,,10C_1 10S_2 AC_1 AS_2 JC_1 JD_2 JS_2 KD_2 KH_1 KS_1 KS_2 QD_1,20,2,5,3,0,0,0,340,0,0,1,0.54,-32.6,97.1333,,,0,
fold,H,0,0,210,20,10H_1 9H_1 9H_2 AH_1 AS_1 JD_1 JH_2 KH_2 QC_1 QH_1 QH_2 QS_1,210,2,8,2,1,1,0,330,0,0,0,1.0,,,314.4,-350.0,,0
bid,C,90,390,,,10H_1 10S_1 9C_2 AC_2 AH_2 JH_2 JS_1 KC_1 KC_2 QC_1 QC_2 QD_1,90,2,6,3,0,0,0,300,-300,0,0,0.9333,247.0667,-85.2667,,,1,
bid,S,390,90,,,10C_1 10H_2 9S_2 AC_1 AH_1 AS_1 JS_2 KD_2 KS_1 KS_2 QH_1 QS_1,50,3,6,3,0,0,0,310,300,0,0,0.9333,280.2667,59.4667,,,1,
bid,D,90,390,,,10C_2 10D_1 9H_1 9S_1 AD_2 AS_2 JC_2 JD_1 JD_2 KD_1 KH_1 QS_2,40,2,5,3,0,1,0,320,-300,1,0,0.7733,151.8,53.8667,,,1,
bid,D,390,90,,,10D_2 10S_2 9C_1 9D_1 9D_2 9H_2 AD_1 JC_1 JH_1 KH_2 QD_2 QH_2,40,1,5,4,0,0,0,330,300,1,0,0.2267,-323.5333,-98.2667,,,0,
bid,C,90,390,,,10H_1 10S_1 9C_2 AC_2 AH_2 JH_2 JS_1 KC_1 KC_2 QC_1 QC_2 QD_1,90,2,6,3,0,0,0,330,-300,1,0,0.8067,159.8,-32.6,,,1,
bid,S,390,90,,,10C_1 10H_2 9S_2 AC_1 AH_1 AS_1 JS_2 KD_2 KS_1 KS_2 QH_1 QS_1,50,3,6,3,0,0,0,330,300,0,1,0.86,223.3333,149.2,,,1,
bid,D,90,390,,,10C_2 10D_1 9H_1 9S_1 AD_2 AS_2 JC_2 JD_1 JD_2 KD_1 KH_1 QS_2,40,2,5,3,0,1,0,340,-300,1,1,0.76,158.6667,104.8,,,1,
fold,S,390,90,300,90,10D_2 10S_2 9S_2 AC_1 AD_1 AH_1 AS_1 JS_2 KS_1 KS_2 QH_1 QS_1,260,4,7,2,1,0,1,330,300,0,0,1.0,,,382.0,-420.0,,0
bid,C,850,270,,,10H_2 10S_2 9H_2 9S_1 AC_1 AS_2 JC_1 JC_2 JH_1 KH_1 KS_1 KS_2,0,2,3,5,0,0,0,300,580,0,0,0.1733,-349.8667,-93.6667,,,0,
bid,D,270,850,,,10C_1 10C_2 10S_1 9D_1 9D_2 AD_1 AD_2 JS_2 KD_2 QD_1 QS_1 QS_2,60,2,6,4,0,0,0,300,-580,0,0,0.5333,-31.6,94.7333,,,0,
bid,H,850,270,,,10D_2 9C_2 9H_1 9S_2 AH_2 JD_1 JH_2 JS_1 KH_2 QC_1 QD_2 QH_1,50,1,5,3,0,0,0,300,580,0,1,0.58,-70.6667,-46.5333,,,0,
fold,C,270,850,110,30,10S_1 9C_1 AC_2 AH_1 JD_2 KC_1 KC_2 KD_1 QC_2 QH_2 QS_1 QS_2,90,2,5,3,0,1,0,250,-580,0,0,0.66,,,-28.5333,-280.0,,0
bid,H,570,940,,,10C_2 9C_1 9D_1 9S_1 9S_2 JC_1 JS_2 KS_2 QC_1 QC_2 QD_1 QD_2,0,0,0,5,0,0,0,300,-370,0,0,0.0,-472.8,-155.8667,,,0,
bid,C,940,570,,,10D_2 10S_1 9C_2 AC_1 AC_2 AD_2 AS_2 JC_2 JD_1 JH_1 JH_2 QH_1,10,4,4,3,0,0,0,300,370,0,0,0.4533,-157.0,92.8,,,0,
bid,S,570,940,,,10C_1 10D_1 9H_1 9H_2 AS_1 JD_2 JS_1 KC_1 KC_2 KH_1 KS_1 QS_2,80,1,4,3,0,1,0,300,-370,0,1,0.5933,-97.8,43.1333,,,0,
fold,H,940,570,190,80,10H_1 10H_2 9D_2 AH_1 AH_2 JD_1 JH_1 KD_2 KH_2 QH_1 QH_2 QS_1,190,2,8,3,1,1,0,250,370,0,0,1.0,,,176.6667,-330.0,,0
bid,C,0,0,,,10D_2 10H_2 10S_1 10S_2 9S_2 AC_2 AD_1 JH_1 JS_2 KH_2 QD_1 QS_2,0,2,1,5,0,0,0,300,0,0,0,0.1067,-432.8667,13.2,,,0,
bid,H,0,0,,,10C_1 10D_1 9C_1 9H_1 9H_2 9S_1 AH_2 JD_1 JS_1 QC_2 QH_2 QS_1,60,1,4,3,0,1,0,300,0,0,0,0.3067,-273.2667,-45.3333,,,0,
bid,H,0,0,,,9D_2 AC_1 AH_1 AS_2 JC_1 JH_2 KC_1 KC_2 KD_1 KD_2 KH_1 QH_1,40,3,4,4,0,0,0,300,0,0,1,0.74,60.3333,55.8,,,1,
bid,D,0,0,,,10C_2 10H_1 9C_2 9D_1 AD_2 AS_1 JC_2 JD_2 KS_1 KS_2 QC_1 QD_2,10,2,4,4,0,0,0,340,0,0,1,0.1933,-325.6667,120.0667,,,0,
fold,H,0,0,170,60,10H_2 9D_2 AC_1 AH_1 JC_1 JH_2 KC_1 KC_2 KH_1 KH_2 QH_1 QS_2,150,2,6,4,1,0,0,330,0,0,0,0.48,,,-143.7333,-390.0,,0
bid,C,120,360,,,10H_1 9C_1 9D_2 9H_2 AC_1 AD_1 JC_1 JS_2 KD_1 KD_2 QC_2 QH_2,10,2,4,4,0,0,0,300,-240,0,0,0.38,-209.3333,-28.2,,,0,
bid,H,360,120,,,10S_1 JC_2 JD_1 JS_1 KC_2 KH_1 KH_2 KS_1 KS_2 QD_1 QD_2 QH_1,40,0,3,4,0,0,0,300,240,0,0,0.2533,-310.6,77.5333,,,0,
bid,D,120,360,,,10C_1 10H_2 10S_2 9C_2 9S_2 AC_2 AD_2 AH_1 AS_2 JH_2 KC_1 QS_1,100,4,1,4,0,0,1,300,-240,0,1,0.6933,-49.1333,131.0667,,,0,
fold,H,360,120,90,110,10S_1 9D_1 9H_1 9S_1 AH_2 AS_1 JD_1 JD_2 JH_1 KH_2 QC_1 QS_2,50,2,4,4,0,1,0,250,240,0,0,0.3933,,,-261.9333,-360.0,,0
bid,H,110,340,,,10H_2 9H_2 AH_1 AS_1 JC_1 JD_2 JH_1 JS_1 KH_2 KS_1 QD_1 QS_2,110,2,5,4,0,1,1,300,-230,0,0,0.6133,-5.2667,54.6667,,,0,
bid,S,340,110,,,10C_1 10D_1 10D_2 10S_2 9C_1 9H_1 9S_1 9S_2 JC_2 KD_2 QC_1 QH_2,20,0,3,4,0,0,0,300,230,0,0,0.0533,-456.4,-137.8,,,0,
bid,H,110,340,,,10C_2 9C_2 9D_1 AC_2 AH_2 AS_2 JD_1 JH_2 JS_2 KC_1 QD_2 QS_1,40,3,2,4,0,1,0,300,-230,0,1,0.4467,-184.7333,123.4667,,,0,
fold,C,340,110,150,150,10C_1 10S_2 9D_2 AC_1 AD_2 KC_2 KD_1 KH_1 KS_2 QC_1 QC_2 QH_1,140,2,5,3,0,0,1,250,230,0,0,0.8267,,,-57.8,-400.0,,0
bid,H,610,390,,,10S_2 9H_1 9H_2 AC_2 AD_1 AD_2 AH_1 AH_2 KC_1 KD_1 QS_1 QS_2,20,5,4,3,0,0,0,300,220,0,0,0.6267,42.1333,294.5333,,,0,
bid,H,390,610,,,10D_2 9C_1 9S_2 JD_1 JH_1 JS_1 KD_2 KH_2 KS_1 KS_2 QC_1 QH_2,40,0,3,4,0,0,0,300,-220,0,0,0.3667,-243.3333,-29.8667,,,0,
bid,C,610,390,,,10C_1 10H_2 10S_1 9D_1 AS_2 JC_1 JC_2 JH_2 KC_2 KH_1 QC_2 QH_1,60,1,5,4,0,0,0,300,220,0,1,0.5933,-71.4,-138.0667,,,1,
fold,S,390,610,40,40,10D_2 9C_2 9D_2 9S_1 AC_1 AS_1 JD_1 JD_2 JS_2 KS_2 QD_1 QD_2,10,2,4,6,0,0,0,250,-220,0,0,0.04,,,-365.2667,-290.0,,1
bid,C,140,650,,,9C_2 AC_1 AH_1 JD_2 JS_1 KC_2 KD_1 KH_1 QC_1 QC_2 QD_2 QH_1,90,2,5,3,0,0,0,300,-510,0,0,0.7667,94.1333,53.1333,,,1,
bid,S,650,140,,,10D_1 9D_2 9H_1 9S_2 AC_2 AS_2 JC_2 JD_1 JH_2 KC_1 QH_2 QS_1,50,2,3,3,0,1,0,310,510,0,0,0.2067,-348.5333,12.9333,,,0,
bid,D,140,650,,,10C_2 10D_2 10H_1 10H_2 9D_1 9H_2 AD_1 AD_2 AS_1 JC_1 KS_1 QD_1,10,3,5,3,0,0,0,310,-510,1,0,0.32,-263.8667,15.7333,,,0,
bid,S,650,140,,,10C_1 10S_1 10S_2 9C_1 9S_1 AH_2 JH_1 JS_2 KD_2 KH_2 KS_2 QS_2,50,1,6,3,0,0,0,310,510,0,1,0.6467,-6.1333,-16.6667,,,1,
bid,C,140,650,,,9C_2 AC_1 AH_1 JD_2 JS_1 KC_2 KD_1 KH_1 QC_1 QC_2 QD_2 QH_1,90,2,5,3,0,0,0,320,-510,0,1,0.6667,28.4667,102.7333,,,0,
bid,S,650,140,,,10C_1 10S_1 10S_2 9C_1 9S_1 AH_2 JH_1 JS_2 KD_2 KH_2 KS_2 QS_2,50,1,6,3,0,0,0,330,510,0,1,0.5667,-60.4667,27.8667,,,0,
fold,C,140,650,200,70,10C_2 9C_2 AC_1 AD_1 JC_1 KC_2 KD_1 KH_1 QC_1 QC_2 QD_2 QH_1,200,2,7,3,1,0,0,320,-510,0,0,0.82,,,101.2,-390.0,,0
bid,H,790,520,,,10C_2 10H_2 9C_2 9D_1 9D_2 9H_1 9S_2 AH_1 AH_2 JC_1 JH_2 JS_1,10,2,5,3,0,0,0,300,270,0,0,0.2133,-339.3333,-71.8,,,0,
bid,D,520,790,,,10C_1 10H_1 10S_1 10S_2 KD_1 KD_2 KH_1 KS_1 KS_2 QC_1 QD_1 QH_1,60,0,3,4,0,0,0,300,-270,0,0,0.1667,-391.0667,9.8,,,0,
bid,D,790,520,,,10D_2 9S_1 AD_1 AD_2 AS_2 JC_2 JD_2 JS_2 KC_1 KC_2 QC_2 QS_2,60,3,4,4,0,1,0,300,270,0,1,0.42,-187.7333,150.8,,,0,
fold,C,520,790,170,90,10C_1 10H_1 9C_1 AC_1 AC_2 JD_1 JH_1 KH_2 QC_1 QD_2 QH_2 QS_1,130,2,5,4,0,1,1,250,-270,0,0,0.8667,,,39.6,-340.0,,0
bid,D,0,0,,,10D_1 10H_2 9C_1 9S_2 AH_2 JC_1 JC_2 KC_1 KD_1 KH_2 KS_2 QD_1,120,1,3,4,0,0,1,300,0,0,0,0.4,-248.4,82.4667,,,0,
bid,C,0,0,,,10C_1 10C_2 10S_2 9D_1 9D_2 AC_2 JD_2 JH_1 JS_2 KD_2 QC_1 QS_2,40,1,4,4,0,1,0,300,0,0,0,0.4333,-193.8667,-30.7333,,,0,
bid,H,0,0,,,10H_1 9C_2 AC_1 AD_1 AD_2 AS_1 JH_2 KH_1 KS_1 QH_1 QH_2 QS_1,60,4,5,3,0,0,0,300,0,0,1,0.7667,197.5333,251.5333,,,0,
fold,H,0,0,80,160,9H_1 9H_2 9S_1 AH_1 JD_1 JD_2 JH_1 JS_1 KC_2 QC_2 QD_2 QS_2,80,1,4,3,0,1,0,250,0,0,0,0.0267,,,-540.3333,-410.0,,1
bid,C,-250,160,,,10C_2 10H_2 9C_1 9H_2 9S_2 AC_1 AD_1 JD_1 JH_1 JH_2 JS_1 QS_2,50,2,3,4,0,1,0,300,-410,0,0,0.2933,-314.2667,60.8667,,,0,
bid,S,160,-250,,,10D_1 10D_2 10S_1 9D_2 AS_1 KC_2 KD_2 KS_1 KS_2 QD_2 QH_1 QS_1,60,1,5,5,0,0,0,300,410,0,0,0.72,48.0,55.8667,,,0,
bid,D,-250,160,,,10H_1 10S_2 9D_1 9H_1 9S_1 AC_2 AD_2 JD_2 KC_1 KD_1 QC_1 QD_1,70,2,5,3,0,0,0,300,-410,0,1,0.6867,8.4,-19.6,,,1,
fold,H,160,-250,100,100,9C_2 AH_1 AH_2 AS_1 JC_1 JS_2 KH_1 KH_2 QC_2 QH_1 QH_2 QS_1,80,3,6,3,0,0,0,250,410,0,0,0.4667,,,-197.2667,-350.0,,0
bid,S,-90,-40,,,10C_1 10D_1 10H_1 9D_1 9S_2 AD_2 AS_2 JS_1 JS_2 KS_1 QS_1 QS_2,50,2,7,3,0,0,0,300,-50,0,0,0.9267,284.0,-83.0667,,,1,
bid,C,-40,-90,,,10C_2 10S_2 9C_1 9S_1 AC_1 AC_2 AH_2 KC_1 KC_2 KH_1 QC_2 QH_2,70,3,7,3,0,0,0,340,50,0,0,0.84,210.8667,-10.6,,,1,
bid,D,-90,-40,,,10S_1 9D_2 AD_1 JC_2 JD_1 JH_1 JH_2 KD_1 KD_2 KS_2 QC_1 QD_1,50,1,6,2,0,0,0,350,-50,1,0,0.4733,-134.8667,154.5333,,,0,
bid,H,-40,-90,,,10D_2 10H_2 9C_2 9H_1 9H_2 AH_1 AS_1 JC_1 JD_2 KH_2 QD_2 QH_1,60,2,6,3,0,0,0,350,50,1,0,0.7067,75.6667,-1.2667,,,1,
bid,S,-90,-40,,,10C_1 10D_1 10H_1 9D_1 9S_2 AD_2 AS_2 JS_1 JS_2 KS_1 QS_1 QS_2,50,2,7,3,0,0,0,350,-50,0,1,0.82,195.4,76.9333,,,1,
fold,C,-40,-90,210,40,10C_2 9C_1 AC_1 AC_2 AH_1 JC_1 JD_2 KC_1 KC_2 KH_1 QC_2 QH_2,180,3,8,3,1,0,0,340,50,0,0,0.9867,,,296.9333,-380.0,,0
bid,H,390,-20,,,10C_1 10C_2 10D_1 10H_1 AH_2 JC_1 JH_2 KH_2 QC_1 QC_2 QD_1 QH_1,150,1,5,5,1,0,0,300,410,0,0,0.94,184.6,0.5333,,,1,
bid,H,-20,390,,,10D_2 9C_1 9D_2 9H_2 AD_1 JC_2 JS_1 KC_2 KH_1 KS_2 QD_2 QH_2,50,1,3,4,0,0,0,340,-410,0,0,0.1133,-420.6,-23.7333,,,0,
bid,H,390,-20,,,9D_1 9S_2 AC_2 AH_1 AS_1 JD_1 JD_2 JS_2 KC_1 KD_1 KD_2 QS_1,40,3,1,5,0,1,0,340,410,1,0,0.3733,-175.6,113.7333,,,0,
bid,S,-20,390,,,10H_2 10S_1 10S_2 9C_2 9H_1 9S_1 AC_1 AD_2 AS_2 JH_1 KS_1 QS_2,50,3,6,3,0,0,0,340,-410,0,1,0.7933,138.3333,86.6,,,1,
fold,H,390,-20,250,80,10H_1 AC_2 AH_2 JC_1 JD_2 JH_2 KH_2 QC_1 QC_2 QD_1 QH_1 QS_1,250,2,5,4,1,1,1,330,410,0,0,0.9933,,,208.8,-410.0,,0
bid,S,220,730,,,10H_1 10S_1 10S_2 9S_1 JH_1 JH_2 KC_1 KD_2 KS_1 KS_2 QD_2 QS_1,70,0,6,3,0,0,0,300,-510,0,0,0.4533,-166.2,49.5333,,,0,
bid,C,730,220,,,10C_1 10D_1 9C_1 9D_1 9D_2 9H_2 AC_2 AD_1 AH_2 JC_2 JS_1 QC_2,10,3,5,4,0,0,0,300,510,0,0,0.7467,79.1333,-23.6667,,,1,
bid,D,220,730,,,10D_2 10H_2 9C_2 9H_1 AC_1 AD_2 JD_1 KD_1 KH_2 QD_1 QH_2 QS_2,210,2,5,4,1,1,0,310,-510,0,1,0.9933,268.1333,95.9333,,,1,
bid,C,730,220,,,10C_2 9S_2 AH_1 AS_1 AS_2 JC_1 JD_2 JS_2 KC_2 KH_1 QC_1 QH_1,60,3,4,4,0,0,0,320,510,1,0,0.6067,-3.4667,225.7333,,,0,
bid,C,730,220,,,10C_1 10D_1 9C_1 9D_1 9D_2 9H_2 AC_2 AD_1 AH_2 JC_2 JS_1 QC_2,10,3,5,4,0,0,0,320,510,0,1,0.6867,41.8667,-76.9333,,,1,
fold,D,220,730,250,60,10D_2 9H_1 AD_2 JD_1 KD_1 KD_2 KH_2 QD_1 QD_2 QH_2 QS_1 QS_2,250,1,7,3,1,1,0,310,-510,0,0,1.0,,,249.0667,-370.0,,0
bid,H,880,630,,,10H_1 10S_2 9C_1 9C_2 9S_2 AH_1 JC_1 JD_1 JS_1 KD_1 QC_1 QS_2,40,1,2,4,0,1,0,300,250,0,0,0.2133,-359.4667,-2.5333,,,0,
bid,C,630,880,,,10S_1 9D_2 9H_2 AC_1 JC_2 KC_1 KC_2 KH_1 QC_2 QD_1 QD_2 QH_1,60,1,5,3,0,0,0,300,-250,0,0,0.6267,-52.3333,-41.8,,,0,
bid,H,880,630,,,10C_1 10D_1 9H_1 AD_1 AS_1 AS_2 JH_1 KD_2 KH_2 KS_1 KS_2 QH_2,50,3,4,4,0,0,0,310,250,0,1,0.48,-117.0667,56.8667,,,0,
bid,D,630,880,,,10C_2 10D_2 10H_2 9D_1 9S_1 AC_2 AD_2 AH_2 JD_2 JH_2 JS_2 QS_1,50,3,4,3,0,1,0,310,-250,1,0,0.5867,-55.0667,60.2,,,0,
fold,C,630,880,160,80,9H_2 AC_1 AC_2 JC_2 JD_2 KC_1 KC_2 KH_1 QC_2 QD_2 QH_1 QS_1,160,2,6,3,0,1,1,300,-250,0,0,0.4067,,,-236.2,-380.0,,0
bid,C,0,0,,,10S_1 10S_2 9C_1 9C_2 AC_1 AH_2 JC_1 JD_1 JH_2 JS_2 KS_1 QD_2,60,2,4,4,0,0,1,300,0,0,0,0.2467,-303.4667,87.6667,,,0,
bid,S,0,0,,,10D_1 9H_2 9S_1 9S_2 AS_1 JD_2 JH_1 KC_1 KD_2 KH_1 QC_1 QH_1,60,1,3,4,0,0,0,300,0,0,0,0.16,-389.0,-20.8667,,,0,
bid,S,0,0,,,10C_2 10D_2 9D_1 AC_2 AD_2 AH_1 AS_2 JS_1 KS_2 QC_2 QS_1 QS_2,140,4,5,3,0,0,1,300,0,0,1,1.0,410.3333,197.4667,,,1,
bid,D,0,0,,,10C_1 10H_1 10H_2 9D_2 9H_1 AD_1 JC_2 KC_2 KD_1 KH_2 QD_1 QH_2,70,1,4,5,0,0,0,340,0,0,1,0.1533,-402.1333,-5.4667,,,0,
fold,S,0,0,290,100,10S_2 AC_2 AD_2 AH_1 AH_2 AS_2 JD_1 JS_1 KS_2 QC_2 QS_1 QS_2,290,5,6,2,1,1,1,330,0,0,0,1.0,,,348.4,-430.0,,0
bid,S,130,510,,,10S_2 9C_2 9H_2 AH_1 AS_2 JC_2 JD_1 JS_2 QD_2 QH_2 QS_1 QS_2,40,2,5,3,0,1,0,300,-380,0,0,0.7867,176.7333,64.1333,,,1,
bid,C,510,130,,,10D_2 10H_1 10H_2 9H_1 9S_2 AC_2 JC_1 JD_2 KC_1 KD_2 KH_2 KS_1,80,1,3,4,0,0,1,340,380,0,0,0.1533,-379.4,152.1333,,,0,
bid,C,130,510,,,10C_1 9D_2 9S_1 AC_1 AD_2 AS_1 JS_1 KC_2 QC_1 QC_2 QD_1 QH_1,40,3,5,3,0,0,0,340,-380,1,0,0.8,149.7333,75.4667,,,1,
bid,C,510,130,,,10C_2 10D_1 10S_1 9C_1 9D_1 AD_1 AH_2 JH_1 JH_2 KD_1 KH_1 KS_2,10,2,2,4,0,0,0,340,380,0,1,0.0333,-469.1333,-68.5333,,,0,
bid,S,600,-200,,,9C_2 9S_1 AD_2 AH_2 JC_1 JC_2 JH_1 JS_1 KC_1 KC_2 KS_1 QS_2,50,2,4,5,0,0,0,300,800,0,0,0.5467,-105.0,-5.9333,,,0,
bid,H,-200,600,,,10H_2 10S_1 9D_2 9H_1 9H_2 AS_1 JD_1 JS_2 KD_1 KH_1 QD_2 QH_1,80,1,5,4,0,0,0,300,-800,0,0,0.5467,-84.1333,-19.5333,,,0,
bid,D,600,-200,,,10C_1 10D_2 9C_1 9D_1 9S_2 AC_2 AS_2 JH_2 KD_2 KS_2 QD_1 QH_2,50,2,4,3,0,0,0,300,800,0,1,0.3533,-255.8,-30.0667,,,0,
fold,D,-200,600,220,70,10D_1 AC_1 AD_1 AH_1 JD_1 JD_2 KD_1 KH_2 QC_1 QC_2 QD_2 QS_1,190,3,6,3,1,1,0,250,-800,0,0,1.0,,,247.8667,-320.0,,0
bid,S,170,770,,,10S_1 9H_2 AC_1 AD_2 AS_1 JD_2 JS_2 KD_2 KH_2 KS_2 QC_2 QH_2,20,3,4,3,0,0,0,300,-600,0,0,0.68,37.2667,49.2,,,0,
bid,C,770,170,,,9C_1 9C_2 9H_1 9S_2 AH_1 AH_2 AS_2 JD_1 KC_2 KD_1 KH_1 QC_1,60,3,4,4,0,0,0,340,600,0,0,0.4533,-116.2,239.9333,,,0,
bid,S,170,770,,,10C_1 10C_2 10D_2 10H_1 10S_2 9S_1 JS_1 KC_1 QD_2 QH_1 QS_1 QS_2,10,0,5,3,0,0,0,340,-600,1,0,0.2733,-261.4667,78.8667,,,0,
bid,D,770,170,,,10D_1 10H_2 9D_1 9D_2 AC_2 AD_1 JC_1 JC_2 JH_1 JH_2 KS_1 QD_1,20,2,5,3,0,0,0,340,600,0,1,0.2333,-300.6667,72.3333,,,0,
fold,S,170,770,240,30,10S_1 10S_2 9H_2 AS_1 JD_2 JS_2 KH_2 KS_2 QC_2 QH_2 QS_1 QS_2,210,1,7,3,1,1,0,330,-600,0,0,0.9133,,,214.1333,-360.0,,0
bid,C,910,550,,,10S_1 9C_1 9D_1 9H_2 9S_2 AC_2 AH_1 JD_1 KD_2 KS_1 QC_2 QH_1,10,2,3,3,0,0,0,300,360,0,0,0.1933,-350.4667,-43.0,,,0,
bid,C,550,910,,,10H_1 10S_2 9D_2 AC_1 AS_1 JC_2 JH_1 JS_1 KC_1 KH_1 QC_1 QD_2,40,2,4,3,0,0,0,300,-360,0,0,0.64,-52.3333,-105.8,,,1,
bid,S,910,550,,,10C_1 10D_2 9C_2 9H_1 AS_2 JS_2 KC_2 KD_1 KH_2 KS_2 QD_1 QS_1,140,1,4,3,0,0,1,300,360,0,1,0.5333,-116.1333,120.2667,,,0,
fold,H,550,910,210,140,10D_1 10H_1 10H_2 10S_2 AD_1 AD_2 AH_2 JD_2 JH_2 KH_1 QH_2 QS_2,190,3,6,4,1,1,0,250,-360,0,0,1.0,,,207.4667,-390.0,,0
bid,S,0,0,,,10D_2 10S_1 9D_1 JC_2 JH_2 JS_1 JS_2 KC_1 KS_1 KS_2 QC_1 QS_1,60,0,6,3,0,0,0,300,0,0,0,0.6267,-36.4,-95.8,,,1,
bid,C,0,0,,,10D_1 10S_2 9C_1 9S_2 AC_1 AD_2 KC_2 KH_1 KH_2 QD_1 QD_2 QS_2,10,2,3,4,0,0,0,310,0,0,0,0.2067,-294.7333,69.9333,,,0,
bid,H,0,0,,,10C_2 10H_1 10H_2 9H_1 9H_2 9S_1 AC_2 AS_2 JC_1 JD_1 JH_1 QH_1,20,2,6,3,0,0,0,310,0,1,0,0.4533,-110.7333,-32.2667,,,0,
bid,S,0,0,,,10C_1 9C_2 9D_2 AD_1 AH_1 AH_2 AS_1 JD_2 KD_1 KD_2 QC_2 QH_2,0,4,1,5,0,0,0,310,0,0,1,0.1067,-371.2,128.5333,,,0,
fold,S,0,0,220,10,10S_1 AC_2 AS_2 JC_2 JD_1 JS_1 JS_2 KC_1 KS_1 KS_2 QC_1 QS_1,210,2,7,4,1,1,0,300,0,0,0,1.0,,,315.7333,-310.0,,0
bid,S,80,400,,,10H_2 10S_2 9C_1 9C_2 9D_2 9S_1 9S_2 AH_1 JS_1 JS_2 KD_1 QH_2,20,1,5,3,0,0,0,300,-320,0,0,0.0733,-415.6667,-151.5333,,,0,
bid,S,400,80,,,10D_1 10S_1 9H_1 AS_2 JC_2 KC_1 KD_2 KS_1 QC_1 QC_2 QH_1 QS_1,60,1,4,4,0,0,0,300,320,0,0,0.6133,-68.8667,77.9333,,,0,
bid,C,80,400,,,10C_2 10H_1 9H_2 AC_1 AC_2 AD_2 AS_1 JH_2 KH_1 KS_2 QD_1 QD_2,0,4,3,4,0,0,0,300,-320,0,1,0.36,-213.6,170.1333,,,0,
fold,D,400,80,430,10,10D_1 10D_2 10S_1 9D_1 AD_1 JC_1 JD_1 JD_2 JH_1 KC_2 QS_1 QS_2,310,1,6,3,0,1,0,250,320,0,0,1.0,,,458.4,-260.0,,0
bid,S,0,0,,,10D_2 9D_2 9S_1 AC_1 AD_2 AS_1 JD_2 JS_1 JS_2 KH_1 KH_2 QC_1,10,3,4,4,0,0,0,300,0,0,0,0.5333,-88.1333,182.1333,,,0,
bid,C,0,0,,,10H_2 9D_1 9H_1 AC_2 AH_1 AH_2 KC_1 KC_2 KS_1 QC_2 QD_1 QH_2,40,3,4,5,0,0,0,300,0,0,0,0.7867,120.0667,92.8667,,,1,
bid,D,0,0,,,10D_1 10H_1 10S_1 9C_2 9H_2 AD_1 JC_1 JD_1 JH_1 QD_2 QH_1 QS_1,40,1,4,4,0,1,0,310,0,0,1,0.5867,-80.6667,-59.0,,,0,
bid,S,0,0,,,10C_1 10C_2 10S_2 9C_1 9S_2 AS_2 JC_2 JH_2 KD_1 KD_2 KS_2 QS_2,50,1,5,4,0,0,0,320,0,1,0,0.4667,-153.6,101.9333,,,0,
bid,C,0,0,,,10H_2 9D_1 9H_1 AC_2 AH_1 AH_2 KC_1 KC_2 KS_1 QC_2 QD_1 QH_2,40,3,4,5,0,0,0,320,0,0,1,0.7667,118.2667,92.3333,,,1,
bid,D,0,0,,,10D_1 10H_1 10S_1 9C_2 9H_2 AD_1 JC_1 JD_1 JH_1 QD_2 QH_1 QS_1,40,1,4,4,0,1,0,330,0,0,1,0.4667,-150.2,42.3333,,,0,
fold,C,0,0,70,50,10C_1 10H_2 10S_2 9H_1 AC_2 AH_1 AH_2 KC_1 KC_2 QC_2 QH_2 QS_2,40,3,5,5,0,0,0,320,0,0,0,0.0667,,,-384.8,-370.0,,1
bid,C,-320,50,,,10C_2 10H_1 10S_1 10S_2 9H_2 9S_1 AC_1 AH_2 JD_1 JD_2 KH_1 KS_1,0,2,2,4,0,0,0,300,-370,0,0,0.2267,-297.6,42.9333,,,0,
bid,H,50,-320,,,10C_1 9C_1 9D_1 9H_1 AD_1 AD_2 AH_1 JS_1 KD_2 QC_1 QC_2 QS_1,10,3,2,4,0,0,0,300,370,0,0,0.2067,-315.0,152.8667,,,0,
bid,D,-320,50,,,10D_1 9D_2 AS_1 AS_2 JC_1 KC_1 KD_1 QD_1 QD_2 QH_1 QH_2 QS_2,50,2,5,3,0,0,0,300,-370,0,1,0.5533,-30.6,281.2667,,,0,
fold,D,50,-320,10,50,10D_2 9C_2 9S_2 AD_1 AD_2 JC_2 JH_1 JH_2 JS_2 KC_2 KH_2 QS_1,0,2,3,3,0,0,0,250,370,0,0,0.0067,,,-419.7333,-300.0,,1
bid,S,-200,-270,,,10H_1 10S_1 9C_2 9H_2 9S_1 9S_2 JH_1 JH_2 KC_1 KC_2 KH_1 QS_2,20,0,4,5,0,0,0,300,70,0,0,0.1467,-376.7333,-39.0667,,,0,
bid,H,-270,-200,,,10C_2 10S_2 AD_2 AH_1 AH_2 AS_2 JC_1 KD_1 KH_2 KS_1 QC_1 QC_2,0,4,3,4,0,0,0,300,-70,0,0,0.3733,-195.0,84.9333,,,0,
bid,S,-200,-270,,,9C_1 AC_1 AD_1 AS_1 JC_2 JD_1 JS_1 KS_2 QD_1 QD_2 QH_2 QS_1,80,3,4,4,0,1,0,300,70,0,1,0.8667,193.9333,94.2667,,,1,
fold,D,-270,-200,20,60,10D_1 10D_2 9D_1 9D_2 9H_1 AD_2 AH_1 JD_2 JS_2 KD_1 KD_2 QH_1,20,2,8,3,0,0,0,250,-70,0,0,0.32,,,-197.8,-310.0,,0
bid,C,-520,-90,,,10C_2 10S_2 9C_2 9D_2 AC_1 JC_2 JS_2 KC_1 KS_2 QD_1 QS_1 QS_2,30,1,5,5,0,0,0,300,-430,0,0,0.58,-24.0667,-24.0667,,,0,
bid,D,-90,-520,,,10D_1 9H_2 9S_2 AH_1 AH_2 JC_1 JD_1 JH_2 KD_1 KD_2 QC_2 QD_2,40,2,5,4,0,0,0,310,430,0,0,0.66,39.0667,106.0667,,,0,
bid,D,-520,-90,,,10C_1 10D_2 10H_1 10S_1 9C_1 AD_1 AD_2 AS_1 AS_2 KH_1 KS_1 QH_2,20,4,3,4,0,0,0,320,-430,1,0,0.14,-368.9333,144.7333,,,0,
bid,H,-90,-520,,,10H_2 9D_1 9H_1 9S_1 AC_2 JD_2 JH_1 JS_1 KC_2 KH_2 QC_1 QH_1,70,1,5,3,0,0,0,320,430,1,0,0.58,-52.8667,-39.2667,,,0,
bid,C,-520,-90,,,10C_2 10S_2 9C_2 9D_2 AC_1 JC_2 JS_2 KC_1 KS_2 QD_1 QS_1 QS_2,30,1,5,5,0,0,0,320,-430,0,1,0.46,-118.6,41.9333,,,0,
bid,D,-90,-520,,,10D_1 9H_2 9S_2 AH_1 AH_2 JC_1 JD_1 JH_2 KD_1 KD_2 QC_2 QD_2,40,2,5,4,0,0,0,330,430,0,1,0.5933,5.0,160.1333,,,0,
bid,C,-520,-90,,,10C_2 10S_2 9C_2 9D_2 AC_1 JC_2 JS_2 KC_1 KS_2 QD_1 QS_1 QS_2,30,1,5,5,0,0,0,340,-430,0,1,0.3867,-166.6,47.2,,,0,
fold,D,-90,-520,90,50,10D_1 10H_2 9H_2 9S_2 AC_2 JD_1 JD_2 JH_2 KD_1 KD_2 QC_2 QD_2,40,1,6,3,0,0,0,330,430,0,0,0.02,,,-478.6,-380.0,,1
bid,S,-420,-470,,,10C_1 10S_2 9C_2 AD_1 AH_2 AS_2 JD_1 JS_1 KD_1 QC_1 QC_2 QS_1,40,3,4,4,0,1,0,300,50,0,0,0.8,128.8667,88.0,,,1,
bid,D,-470,-420,,,9D_1 9H_2 9S_1 9S_2 AC_2 JC_1 JD_2 KC_1 KD_2 KH_2 QD_2 QH_2,70,1,4,3,0,0,0,300,-50,0,0,0.3733,-236.4,23.8,,,0,
bid,S,-420,-470,,,10C_2 10D_2 9C_1 9D_2 9H_1 AD_2 JH_1 JS_2 KH_1 KS_1 QD_1 QS_2,40,1,3,4,0,0,0,300,50,0,1,0.2733,-312.7333,-103.3333,,,0,
fold,H,-470,-420,180,70,10H_1 10H_2 AC_1 AH_1 AS_1 JC_2 JD_2 JH_2 KC_2 KH_2 QH_1 QH_2,150,3,7,3,1,0,0,250,-50,0,0,1.0,,,242.9333,-320.0,,0
bid,S,-90,-300,,,10C_2 9D_2 AC_2 AD_1 AH_2 AS_1 JH_1 JS_2 KS_1 KS_2 QH_2 QS_2,140,4,5,3,0,0,1,300,210,0,0,1.0,363.1333,194.0667,,,1,
bid,C,-300,-90,,,10H_1 9C_1 9C_2 9S_1 JD_1 JH_2 KC_2 KD_1 KD_2 QC_2 QH_1 QS_1,100,0,4,3,0,1,0,300,-210,0,0,0.3333,-241.8667,-24.4,,,0,
bid,C,-90,-300,,,10H_2 10S_2 9D_1 9H_2 AC_1 AH_1 AS_2 JC_2 JD_2 KC_1 QC_1 QD_2,40,3,4,3,0,0,0,300,210,0,1,0.9067,187.8,12.1333,,,1,
bid,S,-300,-90,,,10C_1 10D_1 10D_2 10S_1 9H_1 9S_2 AD_2 JC_1 JS_1 KH_1 KH_2 QD_1,10,1,3,4,0,0,0,310,-210,0,1,0.08,-415.6667,-24.8,,,0,
fold,C,-90,-300,80,100,9D_1 9H_2 AC_1 AC_2 AH_1 JC_2 JD_2 JS_2 KC_1 QC_1 QD_2 QS_2,80,3,5,3,0,1,0,300,210,0,0,0.0733,,,-461.8667,-400.0,,1
bid,C,-200,-390,,,10C_1 10C_2 10D_2 10H_1 10S_2 9C_2 9S_2 JC_2 KC_2 KS_1 QC_1 QS_1,70,0,6,4,0,0,0,300,190,0,0,0.6067,-61.5333,-86.7333,,,1,
bid,H,-390,-200,,,10H_2 9H_1 AC_1 AD_1 JC_1 JD_1 JD_2 KC_1 KD_1 KH_1 KH_2 QH_1,50,2,5,4,0,0,0,310,-190,0,0,0.6133,35.5333,75.4667,,,0,
bid,H,-200,-390,,,10D_1 9C_1 9D_1 AD_2 AH_1 AH_2 AS_2 JH_2 KD_2 KS_2 QC_2 QH_2,0,4,4,4,0,0,0,310,190,1,0,0.7267,63.4667,-30.2667,,,1,
bid,S,-390,-200,,,10S_1 9D_2 9H_2 9S_1 AC_2 AS_1 JH_1 JS_1 JS_2 QD_1 QD_2 QS_2,10,2,6,3,0,0,0,310,-190,0,1,0.6133,-4.2667,106.5333,,,0,
fold,C,-200,-390,80,20,10C_1 10C_2 9C_2 9S_2 AH_2 AS_2 JC_2 KC_2 KS_1 QC_1 QC_2 QS_1,70,2,7,4,0,0,0,300,190,0,0,0.1867,,,-283.0667,-320.0,,0
bid,H,-270,-500,,,9D_1 9H_1 9S_2 AC_2 AH_1 AH_2 JC_2 JH_1 JS_1 KS_2 QC_1 QS_2,30,3,4,4,0,0,0,300,230,0,0,0.2333,-299.6667,62.4667,,,0,
bid,D,-500,-270,,,10D_1 10D_2 10S_1 9D_2 9H_2 AS_2 JH_2 KD_1 QC_2 QD_2 QH_2 QS_1,110,1,5,3,0,0,1,300,-230,0,0,0.4733,-116.8667,99.6667,,,0,
bid,S,-270,-500,,,10C_2 10H_2 10S_2 9C_2 AC_1 AD_2 AS_1 JD_1 JD_2 KC_1 KD_2 KH_1,0,3,2,4,0,0,0,300,230,0,1,0.4067,-174.5333,48.2,,,0,
fold,H,-500,-270,70,30,10H_1 9C_1 9S_1 JC_1 JH_2 JS_2 KC_2 KH_2 QD_1 QH_1 QH_2 QS_1,40,0,5,3,0,0,0,250,-230,0,0,0.0333,,,-404.5333,-280.0,,1
bid,S,-750,-240,,,10C_1 10D_1 10S_1 9S_1 9S_2 AH_2 AS_2 JC_1 KD_2 KH_1 KH_2 QH_1,40,2,4,4,0,0,0,300,-510,0,0,0.08,-426.2667,-60.9333,,,0,
bid,D,-240,-750,,,10H_1 9D_1 9D_2 9H_1 AD_2 JC_2 JD_2 JS_1 KD_1 QD_2 QS_1 QS_2,100,1,6,3,0,1,0,300,510,0,0,0.8333,217.4,-37.8,,,1,
bid,C,-750,-240,,,10H_2 9C_1 9H_2 AC_2 AH_1 JD_1 JS_2 KC_2 KS_1 KS_2 QC_1 QC_2,50,2,5,3,0,0,0,340,-510,0,1,0.5333,-38.5333,179.3333,,,0,
bid,S,-240,-750,,,10C_2 10D_2 10S_2 9C_2 AC_1 AD_1 AS_1 JH_1 JH_2 KC_1 QD_1 QH_2,0,3,2,4,0,0,0,340,510,1,0,0.04,-436.6,92.1333,,,0,
fold,D,-240,-750,210,40,10D_2 9D_1 9D_2 9H_1 AD_1 AD_2 JC_2 JD_2 KD_1 QD_1 QD_2 QS_1,210,2,9,1,1,1,0,330,510,0,0,1.0,,,284.5333,-370.0,,0
bid,H,200,-690,,,10D_1 10H_1 9C_1 9H_1 9H_2 9S_1 AC_2 AD_1 AH_2 KH_1 KS_1 QH_1,60,3,6,2,0,0,0,300,890,0,0,0.96,269.0667,-125.4667,,,1,
bid,D,-690,200,,,10C_2 9C_2 AS_1 JD_1 JD_2 JS_2 KD_1 QC_1 QC_2 QD_2 QH_2 QS_1,140,1,4,4,0,1,1,340,-890,0,0,0.5133,-71.8,222.8667,,,0,
bid,C,200,-690,,,10C_1 10D_2 10S_1 9D_1 9S_2 AC_1 JC_1 KC_1 KC_2 KD_2 KH_2 QD_1,20,1,5,4,0,0,0,340,890,1,0,0.4267,-184.8667,-53.9333,,,0,
bid,S,-690,200,,,10H_2 10S_2 9D_2 AD_2 AH_1 AS_2 JC_2 JH_1 JH_2 JS_1 KS_2 QS_2,150,3,5,4,1,0,0,340,-890,0,1,0.9733,278.8,127.3333,,,1,
bid,H,200,-690,,,10D_1 10H_1 9C_1 9H_1 9H_2 9S_1 AC_2 AD_1 AH_2 KH_1 KS_1 QH_1,60,3,6,2,0,0,0,350,890,0,1,0.8733,230.0667,-10.9333,,,1,
bid,S,-690,200,,,10H_2 10S_2 9D_2 AD_2 AH_1 AS_2 JC_2 JH_1 JH_2 JS_1 KS_2 QS_2,150,3,5,4,1,0,0,360,-890,0,1,0.9267,238.9333,249.5333,,,0,
bid,H,200,-690,,,10D_1 10H_1 9C_1 9H_1 9H_2 9S_1 AC_2 AD_1 AH_2 KH_1 KS_1 QH_1,60,3,6,2,0,0,0,370,890,0,1,0.7467,120.4667,106.2,,,1,
fold,S,-690,200,510,60,10S_2 9D_2 AS_2 JC_2 JD_1 JD_2 JH_1 JH_2 JS_1 KS_2 QS_1 QS_2,490,1,6,3,1,1,1,360,-890,0,0,1.0,,,490.1333,-420.0,,0
bid,S,10,320,,,10D_2 10H_1 10S_1 9D_1 9H_2 9S_1 AC_1 AH_1 AS_2 JS_2 KH_1 QC_2,10,3,4,4,0,0,0,300,-310,0,0,0.32,-247.0667,-41.5333,,,0,
bid,S,320,10,,,10H_2 10S_2 9C_1 9D_2 9S_2 AD_2 JD_1 JD_2 KS_1 KS_2 QH_2 QS_1,90,1,5,4,0,1,0,300,310,0,0,0.7333,153.4,0.4667,,,1,
bid,C,10,320,,,10C_1 10D_1 9H_1 AH_2 JC_1 JC_2 KC_2 KD_2 QC_1 QD_1 QD_2 QH_1,60,1,5,4,0,0,0,340,-310,0,1,0.46,-148.8,26.5333,,,0,
bid,S,320,10,,,10C_2 9C_2 AC_2 AD_1 AS_1 JH_1 JH_2 JS_1 KC_1 KD_1 KH_2 QS_2,0,3,3,4,0,0,0,340,310,1,0,0.22,-300.4667,123.4667,,,0,
fold,S,320,10,240,50,10S_2 9C_1 9D_2 9S_2 AS_1 JD_1 JS_1 KS_1 KS_2 QH_2 QS_1 QS_2,240,1,8,2,1,1,0,330,310,0,0,1.0,,,294.4,-380.0,,0
bid,D,740,130,,,10C_2 10D_1 10H_2 9S_1 JH_1 JH_2 JS_2 KC_2 KD_1 KH_1 QD_1 QS_2,40,0,3,4,0,0,0,300,610,0,0,0.38,-252.0667,-67.5333,,,0,
bid,C,130,740,,,10C_1 10H_1 9C_1 9D_1 9H_2 AC_1 AC_2 AD_1 AH_1 JS_1 QC_2 QD_2,10,4,5,3,0,0,0,300,-610,0,0,0.8,120.8667,12.8,,,1,
bid,H,740,130,,,10D_2 10S_2 AH_2 AS_1 AS_2 JC_1 JC_2 KC_1 KH_2 KS_2 QC_1 QH_1,60,3,3,4,0,0,0,310,610,0,1,0.5267,-117.6,48.2667,,,0,
bid,S,130,740,,,10S_1 9C_2 9D_2 9H_1 9S_2 AD_2 JD_1 JD_2 KD_2 KS_1 QH_2 QS_1,90,1,4,5,0,1,0,310,-610,1,0,0.6333,42.0667,-10.5333,,,1,
bid,C,-170,820,,,10C_2 10D_1 10H_2 10S_2 9H_1 AC_1 AH_1 JC_1 JD_1 KD_2 QC_2 QH_1,0,2,4,4,0,0,0,300,-990,0,0,0.6067,-62.6667,-38.5333,,,0,
bid,D,820,-170,,,AC_2 AD_2 AH_2 AS_1 JC_2 JD_2 JH_2 JS_2 KC_2 KH_1 KH_2 KS_1,140,4,2,4,0,0,1,300,990,0,0,0.8533,102.1333,272.2667,,,0,
bid,S,-170,820,,,10D_2 10S_1 9C_1 9S_1 9S_2 AS_2 JH_1 JS_1 KD_1 QD_2 QS_1 QS_2,40,1,7,3,0,0,0,310,-990,0,1,0.72,127.4,-69.4,,,1,
bid,C,820,-170,,,10C_1 10H_1 9C_2 9D_1 9D_2 9H_2 AD_1 KC_1 KS_2 QC_1 QD_1 QH_2,50,1,4,4,0,0,0,320,990,1,0,0.2733,-311.5333,-77.2,,,0,
bid,D,820,-170,,,AC_2 AD_2 AH_2 AS_1 JC_2 JD_2 JH_2 JS_2 KC_2 KH_1 KH_2 KS_1,140,4,2,4,0,0,1,320,990,0,1,0.72,16.9333,309.3333,,,0,
fold,S,-170,820,80,160,10D_1 10S_1 10S_2 9S_1 9S_2 AS_2 JD_1 JS_1 KD_1 QD_2 QS_1 QS_2,80,1,8,4,0,1,0,310,-990,0,0,0.2467,,,-382.4,-470.0,,0
bid,D,0,0,,,10D_1 9D_2 9H_2 9S_2 AD_1 JC_2 JD_1 JD_2 JH_2 JS_1 KS_2 QS_2,110,1,5,4,0,1,1,300,0,0,0,0.6267,-2.2,23.0,,,0,
bid,C,0,0,,,10H_2 10S_1 10S_2 9C_1 9C_2 9H_1 AC_2 JH_1 KC_2 KD_1 KH_1 KH_2,20,1,4,5,0,0,0,300,0,0,0,0.1867,-341.2667,-75.4667,,,0,
bid,C,0,0,,,10C_1 9D_1 AD_2 AH_2 AS_1 JC_1 KC_1 KS_1 QC_2 QD_2 QH_1 QH_2,40,3,4,3,0,0,0,300,0,0,1,0.6133,28.2667,74.8,,,0,
fold,D,0,0,40,140,10D_2 10S_1 9S_1 AC_1 AC_2 AS_2 JS_2 KD_1 KD_2 QC_1 QD_1 QS_1,40,3,4,5,0,0,0,250,0,0,0,0.1267,,,-414.5333,-390.0,,1
bid,H,-250,140,,,10H_2 10S_1 9C_2 AC_2 AH_1 JD_2 JH_2 JS_1 KC_1 KH_2 QC_2 QS_1,60,2,4,4,0,1,0,300,-390,0,0,0.6333,-9.3333,53.2,,,0,
bid,D,140,-250,,,10C_2 10S_2 9D_1 9D_2 9H_1 9S_1 AD_1 JD_1 KH_1 KS_1 KS_2 QC_1,20,1,4,4,0,0,0,300,390,0,0,0.1867,-317.0667,-102.6667,,,0,
bid,D,-250,140,,,10C_1 10D_1 10D_2 9C_1 AD_2 JC_2 JS_2 KD_1 KD_2 QD_1 QD_2 QH_1,80,1,7,3,0,0,0,300,-390,0,1,0.76,96.9333,-165.8,,,1,
bid,H,140,-250,,,10H_1 9H_2 9S_2 AC_1 AH_2 AS_1 AS_2 JC_1 JH_1 KC_2 QH_2 QS_2,10,4,5,4,0,0,0,340,390,0,1,0.74,148.6667,222.6667,,,0,
fold,D,-250,140,250,20,10D_1 10D_2 AD_2 AH_1 JD_2 JS_2 KD_1 KD_2 QD_1 QD_2 QH_1 QS_1,230,2,8,2,1,1,0,330,-390,0,0,1.0,,,351.6,-350.0,,0
bid,S,230,180,,,10C_1 10S_1 AC_2 AD_2 JH_1 JH_2 KC_1 KC_2 KD_1 KS_2 QH_1 QS_2,40,2,3,4,0,0,0,300,50,0,0,0.3533,-225.6,127.0667,,,0,
bid,S,180,230,,,10D_1 10H_1 10H_2 9S_1 AC_1 AH_1 AS_2 JC_1 JC_2 JS_1 QD_1 QD_2,10,3,3,3,0,0,0,300,-50,0,0,0.1667,-353.8667,67.7333,,,0,
bid,S,230,180,,,10C_2 10D_2 9C_1 9H_2 9S_2 AH_2 JD_2 JS_2 KD_2 KH_2 QC_1 QC_2,10,1,2,4,0,0,0,300,50,0,1,0.0733,-437.5333,-3.5333,,,0,
fold,S,180,230,220,50,10D_1 10S_2 9C_2 9H_1 AS_1 AS_2 JD_1 JS_1 KH_1 KS_1 QH_2 QS_1,210,2,6,3,1,1,0,250,-50,0,0,1.0,,,183.6,-300.0,,0
bid,H,590,340,,,10H_2 9D_1 9H_1 AD_2 AH_1 AS_2 JD_2 JH_1 KH_1 KH_2 QH_2 QS_1,200,3,7,3,1,1,0,300,250,0,0,1.0,468.1333,18.6667,,,1,
bid,C,340,590,,,10C_1 9C_2 9H_2 AC_2 AD_1 AH_2 JC_2 JS_1 JS_2 KD_1 KS_1 QH_1,10,3,4,3,0,0,0,340,-250,0,0,0.38,-209.4667,140.4667,,,0,
bid,C,590,340,,,10C_2 10D_2 10S_2 9S_1 9S_2 AC_1 AS_1 JC_1 JD_1 KC_1 KD_2 KS_2,0,2,4,5,0,0,0,340,250,1,0,0.4467,-144.8,103.5333,,,0,
bid,C,340,590,,,10D_1 10H_1 10S_1 9C_1 9D_2 JH_2 KC_2 QC_1 QC_2 QD_1 QD_2 QS_2,50,0,4,4,0,0,0,340,-250,0,1,0.1067,-428.5333,16.3333,,,0,
fold,H,590,340,200,30,10H_2 9H_1 AC_1 AH_1 AS_1 JD_1 JD_2 JH_1 KH_1 KH_2 QH_2 QS_1,200,3,7,2,1,1,0,330,250,0,0,0.9933,,,292.3333,-360.0,,0
bid,C,420,990,,,10S_2 9H_2 9S_2 AC_1 AC_2 AH_1 JD_1 KC_1 KD_2 QC_1 QC_2 QH_2,40,3,5,3,0,0,0,300,-570,0,0,0.6867,19.0667,66.0,,,0,
bid,S,990,420,,,10C_1 10D_1 AD_2 AS_1 JC_2 JH_1 JS_1 KC_2 KS_1 KS_2 QD_1 QS_1,40,2,5,3,0,0,0,300,570,0,0,0.74,57.6,-11.0,,,1,
bid,H,420,990,,,10C_2 10S_1 9C_2 9D_1 9D_2 9S_1 AH_2 JD_2 KH_1 KH_2 QD_2 QH_1,40,1,4,4,0,0,0,310,-570,0,1,0.2733,-304.3333,-7.4667,,,0,
bid,C,990,420,,,10D_2 10H_1 10H_2 9C_1 9H_1 AD_1 AS_2 JC_1 JH_2 JS_2 KD_1 QS_2,10,2,2,4,0,0,0,310,570,1,0,0.08,-444.8,1.9333,,,0,
fold,S,990,420,80,60,AD_2 AS_1 AS_2 JC_2 JH_1 JS_1 JS_2 KS_1 KS_2 QD_1 QS_1 QS_2,80,3,8,2,0,0,0,300,570,0,0,0.2867,,,-242.5333,-360.0,,0
bid,H,690,530,,,10C_2 10D_2 9S_2 AC_1 AC_2 AD_2 AH_1 AS_2 KH_2 KS_1 QC_2 QH_1,140,5,3,4,0,0,1,300,160,0,0,0.9933,257.6667,131.8667,,,1,
bid,S,530,690,,,10D_1 10H_1 10S_2 9C_1 9D_1 9S_1 AS_1 JC_1 JC_2 JD_2 KC_2 KH_1,10,1,3,4,0,0,0,300,-160,0,0,0.14,-401.2667,-12.8,,,0,
bid,D,690,530,,,10C_1 10H_2 9D_2 9H_2 JH_2 JS_2 KD_2 KS_2 QC_1 QD_1 QD_2 QS_2,70,0,4,3,0,0,0,300,160,0,1,0.2667,-315.0667,3.2667,,,0,
fold,H,530,690,200,190,10H_1 9C_2 9H_1 AH_2 JD_1 JD_2 JH_1 JS_1 KD_1 KH_1 QH_2 QS_1,200,1,6,3,1,1,0,250,-160,0,0,1.0,,,50.1333,-440.0,,0
bid,H,0,0,,,10H_2 10S_2 9D_1 9S_2 AH_1 AH_2 JC_1 JD_1 KH_2 QD_1 QH_2 QS_1,80,2,5,3,0,1,0,300,0,0,0,0.72,53.8,77.6,,,0,
bid,S,0,0,,,10D_2 9C_1 AC_1 AD_1 AD_2 JD_2 KH_1 KS_1 KS_2 QC_1 QH_1 QS_2,100,3,3,4,0,1,0,300,0,0,0,0.7133,64.9333,257.0,,,0,
bid,S,0,0,,,10D_1 10H_1 10S_1 9C_2 9S_1 AC_2 AS_1 AS_2 JC_2 JH_1 JH_2 QC_2,10,3,4,4,0,0,0,300,0,0,1,0.1133,-395.2667,85.0,,,0,
fold,D,0,0,130,70,9D_2 9H_1 9H_2 AD_1 JD_2 JS_1 JS_2 KC_2 KD_1 KD_2 QD_2 QS_2,90,1,6,3,0,1,0,250,0,0,0,0.8067,,,19.5333,-320.0,,0
bid,S,270,180,,,10S_1 10S_2 9C_1 AC_2 AH_1 AS_1 JH_2 JS_2 KD_1 KD_2 KH_1 KS_1,0,3,5,3,0,0,0,300,90,0,0,0.6867,44.7333,44.2,,,1,
bid,H,180,270,,,9H_1 9H_2 AD_2 AH_2 AS_2 JC_1 JD_1 JS_1 KC_2 KS_2 QD_2 QH_1,20,3,4,3,0,0,0,300,-90,0,0,0.42,-150.6,42.7333,,,0,
bid,C,270,180,,,10C_1 10C_2 10H_2 9D_1 9D_2 9S_1 JC_2 JD_2 KC_1 QC_1 QD_1 QS_2,80,0,5,4,0,1,0,300,90,0,1,0.6133,-66.2667,-65.4,,,0,
fold,H,180,270,230,60,10H_1 9C_2 9S_2 AC_1 AH_2 JD_1 JH_1 KC_2 KH_2 QC_2 QH_2 QS_1,210,2,5,4,1,1,0,250,-90,0,0,1.0,,,214.8,-310.0,,0
bid,H,530,460,,,10D_2 10H_1 9C_1 9D_1 9S_2 AC_1 AC_2 AH_1 JH_1 JH_2 KD_2 KH_2,0,3,5,3,0,0,0,300,70,0,0,0.6867,32.3333,-3.9333,,,1,
bid,S,460,530,,,10C_1 10D_1 10S_1 9C_2 AD_2 AH_2 AS_2 JC_2 JS_1 KC_2 QD_1 QH_2,0,3,3,4,0,0,0,300,-70,0,0,0.2533,-318.1333,-24.8667,,,0,
bid,H,530,460,,,9D_2 9H_1 9H_2 AS_1 JS_2 KC_1 KH_1 KS_1 KS_2 QC_1 QD_2 QH_1,80,1,4,4,0,0,0,300,70,0,1,0.4067,-207.2,-27.8,,,0,
fold,H,460,530,300,80,10D_1 10H_2 9S_1 AH_2 JC_1 JD_1 JD_2 KD_1 QC_2 QH_2 QS_1 QS_2,300,1,3,4,0,1,0,250,-70,0,0,1.0,,,209.4667,-330.0,,0
bid,C,870,750,,,10C_1 10S_1 9D_2 AC_2 AH_2 JC_1 JD_1 JH_1 KC_2 KS_1 QD_2 QS_2,60,2,4,3,0,1,0,300,120,0,0,0.6933,23.4667,67.4667,,,0,
bid,S,750,870,,,10H_2 9D_1 9H_1 AC_1 AD_2 AS_2 JD_2 JH_2 JS_2 KD_1 QC_1 QH_2,0,3,2,4,0,0,0,300,-120,0,0,0.2533,-308.9333,47.2667,,,0,
bid,D,870,750,,,10C_2 10D_1 10D_2 10H_1 10S_2 9C_1 AD_1 AS_1 JC_2 KD_2 QD_1 QH_1,40,2,5,3,0,0,0,300,120,0,1,0.5533,-108.0667,-146.4,,,1,
bid,S,750,870,,,9C_2 9H_2 9S_1 9S_2 AH_1 JS_1 KC_1 KH_1 KH_2 KS_2 QC_2 QS_1,80,1,5,4,0,0,0,310,-120,0,1,0.3933,-184.4667,40.2,,,0,
fold,D,870,750,200,50,10D_1 10D_2 10S_1 9C_1 AD_1 AS_1 JC_2 JD_1 KD_2 QD_1 QH_1 QS_2,190,2,6,3,1,1,0,300,120,0,0,0.9533,,,204.8,-350.0,,0
bid,S,0,0,,,9D_2 9H_2 AC_2 AD_1 AH_1 AS_1 JS_1 KC_2 KS_2 QD_2 QS_1 QS_2,140,4,5,3,0,0,1,300,0,0,0,1.0,406.9333,231.8667,,,1,
bid,C,0,0,,,10C_2 10H_2 9C_1 9C_2 AC_1 AD_2 AS_2 JD_1 KS_1 QC_1 QC_2 QH_2,20,3,6,2,0,0,0,340,0,0,0,0.5533,1.2,80.5333,,,0,
bid,D,0,0,,,10C_1 10D_1 10S_2 9H_1 JC_1 JD_2 JH_2 KC_1 KD_1 KD_2 KH_2 QD_1,40,0,5,3,0,0,0,340,0,1,0,0.28,-320.8667,24.0667,,,0,
bid,H,0,0,,,10D_2 10H_1 10S_1 9D_1 9S_1 9S_2 AH_2 JC_2 JH_1 JS_2 KH_1 QH_1,150,1,5,4,1,0,0,340,0,0,1,0.5733,-124.9333,-50.5333,,,0,
fold,S,0,0,330,40,10C_1 10S_2 9H_2 AC_2 AD_1 AH_1 AS_1 JD_2 JS_1 KS_2 QS_1 QS_2,290,4,6,2,1,1,1,330,0,0,0,1.0,,,426.1333,-370.0,,0
bid,S,150,470,,,10C_1 10C_2 10D_1 10H_1 10S_2 9C_2 9S_1 AS_2 JH_2 KS_2 QC_1 QS_1,50,1,5,4,0,0,0,300,-320,0,0,0.5667,-107.5333,-14.1333,,,0,
bid,C,470,150,,,10H_2 9D_2 9S_2 AH_1 AH_2 JC_1 JC_2 JD_2 JS_2 QD_1 QH_2 QS_2,40,2,2,4,0,1,0,300,320,0,0,0.1667,-378.0,120.2,,,0,
bid,H,150,470,,,9H_1 9H_2 AS_1 JS_1 KC_1 KC_2 KD_2 KH_1 KH_2 KS_1 QC_2 QH_1,160,1,5,3,0,0,1,300,-320,0,1,0.3867,-217.1333,145.0667,,,0,
fold,D,470,150,210,140,10D_2 9C_1 9D_1 AD_1 AD_2 JD_1 JD_2 JH_1 KD_1 QD_1 QD_2 QS_2,200,2,9,1,1,1,0,250,320,0,0,1.0,,,205.2,-390.0,,0
bid,D,900,320,,,10C_2 10S_1 9D_1 AH_2 JH_2 JS_2 KC_2 KD_1 QC_1 QC_2 QD_2 QH_2,70,1,3,4,0,0,0,300,580,0,0,0.3667,-268.8667,-50.6,,,0,
bid,S,320,900,,,10C_1 10H_2 10S_2 9D_2 9H_1 9H_2 AH_1 AS_1 AS_2 KD_2 KS_1 QS_2,40,3,5,4,0,0,0,300,-580,0,0,0.68,-4.8,57.3333,,,0,
bid,D,900,320,,,10D_2 10H_1 9C_1 9S_1 9S_2 AD_1 AD_2 JC_2 JD_2 JH_1 KC_1 QS_1,40,2,4,3,0,1,0,300,580,0,1,0.3667,-240.2,59.4,,,0,
fold,C,320,900,70,110,10C_1 9C_2 AC_1 AC_2 AS_1 JC_1 JD_1 JS_1 KH_2 QD_1 QH_1 QS_2,70,3,5,3,0,1,0,250,-580,0,0,0.2533,,,-335.7333,-360.0,,0
bid,S,0,0,,,10C_2 10S_1 9D_1 9D_2 AD_1 AH_2 AS_1 AS_2 JS_2 KD_1 KS_2 QH_2,0,4,5,4,0,0,0,300,0,0,0,0.7467,79.8667,-48.4,,,1,
bid,S,0,0,,,10H_1 10H_2 9H_1 9S_1 JC_2 JD_2 JH_1 KS_1 QC_2 QD_2 QH_1 QS_1,150,0,3,5,0,1,1,300,0,0,0,0.2933,-305.9333,10.6667,,,0,
bid,C,0,0,,,9C_1 9C_2 9H_2 9S_2 AC_2 JS_1 KC_2 KH_1 KH_2 QC_1 QD_1 QS_2,60,1,5,3,0,0,0,300,0,0,1,0.48,-133.0667,2.1333,,,0,
fold,D,0,0,190,40,10D_1 10D_2 AC_1 AD_2 JC_1 JD_1 JD_2 JH_2 KC_1 KD_2 QD_2 QS_1,190,2,7,3,1,1,0,250,0,0,0,1.0,,,240.2667,-290.0,,0
bid,S,360,120,,,10D_2 9C_1 9D_1 9S_1 AD_1 JC_2 JS_1 JS_2 KD_1 QC_1 QC_2 QH_1,10,1,3,4,0,0,0,300,240,0,0,0.0533,-464.9333,-48.6667,,,0,
bid,H,120,360,,,10C_2 10S_2 9H_1 AD_2 AH_1 AS_1 JH_1 KC_1 KH_2 KS_2 QH_2 QS_2,70,3,5,4,0,0,0,300,-240,0,0,0.84,202.0667,8.5333,,,1,
bid,C,360,120,,,10C_1 10D_1 10H_1 10H_2 9C_2 9D_2 AC_2 JD_2 JH_2 KH_1 KS_1 QS_1,70,1,3,4,0,1,0,340,240,0,1,0.18,-377.2,115.5333,,,0,
bid,S,120,360,,,10S_1 9H_2 9S_2 AC_1 AH_2 AS_2 JC_1 JD_1 KC_2 KD_2 QD_1 QD_2,30,3,3,4,0,0,0,340,-240,1,0,0.18,-334.0,210.2667,,,0,
fold,H,120,360,140,60,10S_1 9H_1 AH_1 AH_2 AS_1 JD_1 JH_1 KC_1 KH_2 KS_2 QH_2 QS_2,110,3,6,4,0,1,0,330,-240,0,0,0.2267,,,-330.9333,-390.0,,0
bid,C,480,450,,,10D_2 10H_1 9C_1 JC_2 JH_1 JH_2 JS_1 KC_1 KC_2 QC_1 QC_2 QD_1,90,0,6,3,0,0,0,300,30,0,0,0.6267,-46.6667,-101.8,,,1,
bid,H,450,480,,,10C_2 10D_1 9D_1 9H_1 9S_1 AH_1 AH_2 AS_1 JD_1 JS_2 KS_1 QH_2,10,3,4,4,0,0,0,300,-30,0,0,0.2933,-268.5333,37.0667,,,0,
bid,C,480,450,,,10C_1 10H_2 10S_1 10S_2 9D_2 9S_2 AC_1 AC_2 AD_1 JC_1 KD_2 QS_1,0,3,4,4,0,0,0,300,30,0,1,0.4267,-185.5333,144.7333,,,0,
fold,D,450,480,260,50,10C_2 10D_1 9H_2 AD_2 JD_1 JD_2 KD_1 KH_1 KS_2 QD_2 QH_1 QS_2,230,1,6,3,1,1,0,250,-30,0,0,1.0,,,228.8,-300.0,,0
bid,D,890,600,,,10C_1 9C_1 AC_2 AD_1 AD_2 JD_1 JD_2 KD_1 KH_2 QC_2 QD_2 QH_1,60,3,6,4,0,0,0,300,290,0,0,0.9,247.0,72.3333,,,1,
bid,S,600,890,,,10S_1 9C_2 9H_1 AH_2 JC_1 JC_2 JS_1 JS_2 KC_1 KS_1 QD_1 QS_2,40,1,5,4,0,0,0,300,-290,0,0,0.5667,-94.6667,-8.8,,,0,
bid,S,890,600,,,10D_1 10S_2 9D_1 9D_2 9H_2 9S_1 AC_1 AS_1 AS_2 KC_2 KS_2 QS_1,50,3,6,3,0,0,0,300,290,0,1,0.7133,54.5333,-45.2,,,1,
bid,H,600,890,,,10C_2 10D_2 10H_1 10H_2 9S_2 AH_1 JH_1 JH_2 KD_2 KH_1 QC_1 QH_2,150,1,7,2,1,0,0,340,-290,0,1,0.92,234.2,-61.7333,,,1,
bid,S,890,600,,,10D_1 10S_2 9D_1 9D_2 9H_2 9S_1 AC_1 AS_1 AS_2 KC_2 KS_2 QS_1,50,3,6,3,0,0,0,350,290,0,1,0.5467,-56.8,70.0,,,0,
bid,H,600,890,,,10C_2 10D_2 10H_1 10H_2 9S_2 AH_1 JH_1 JH_2 KD_2 KH_1 QC_1 QH_2,150,1,7,2,1,0,0,360,-290,0,1,0.8467,231.6667,-38.0,,,1,
bid,S,890,600,,,10D_1 10S_2 9D_1 9D_2 9H_2 9S_1 AC_1 AS_1 AS_2 KC_2 KS_2 QS_1,50,3,6,3,0,0,0,370,290,0,1,0.52,-82.4667,196.1333,,,0,
fold,H,600,890,180,90,10H_1 10H_2 10S_1 9S_2 AH_1 AH_2 JH_1 JH_2 KH_1 QC_1 QH_2 QS_2,150,2,8,3,1,0,0,360,-290,0,0,0.3667,,,-249.5333,-450.0,,0
bid,H,0,0,,,9C_1 9H_2 9S_1 JH_1 JS_1 KD_2 KH_2 KS_1 KS_2 QC_1 QD_1 QH_1,70,0,4,4,0,0,0,300,0,0,0,0.3267,-279.3333,-129.6667,,,0,
bid,C,0,0,,,10C_2 10S_1 10S_2 9D_1 AC_1 AD_2 AH_1 AS_1 AS_2 JC_2 KC_1 QS_1,100,5,4,5,0,0,1,300,0,0,0,1.0,360.6667,145.1333,,,1,
bid,H,0,0,,,10C_1 10D_2 10H_1 10H_2 9H_1 9S_2 JC_1 JD_1 JS_2 KC_2 KD_1 QS_2,50,0,3,3,0,1,0,340,0,0,1,0.1,-449.2667,38.6,,,0,
bid,D,0,0,,,10D_1 9C_2 9D_2 AC_2 AD_1 AH_2 JD_2 JH_2 KH_1 QC_2 QD_2 QH_2,30,3,5,4,0,0,0,340,0,1,0,0.6133,-1.4667,128.4,,,0,
fold,C,0,0,190,90,10C_2 10D_1 10S_1 AC_1 AC_2 AD_2 AH_1 AS_1 AS_2 JC_2 JD_2 KC_1,100,6,5,3,0,0,1,330,0,0,0,1.0,,,279.3333,-420.0,,0
bid,D,420,110,,,10D_1 9C_2 9D_1 9S_1 AD_1 AS_2 JC_1 JC_2 JD_1 JD_2 KD_2 KS_2,10,2,6,3,0,0,0,300,310,0,0,0.7133,100.1333,32.4,,,1,
bid,C,110,420,,,10H_1 10H_2 10S_2 9C_1 9H_1 9S_2 AC_2 AH_1 JS_1 KC_1 QC_1 QS_1,50,2,4,4,0,0,0,300,-310,0,0,0.6333,-35.0667,-38.8,,,1,
bid,H,420,110,,,10S_1 9D_2 AD_2 AH_2 JH_1 JH_2 JS_2 KC_2 KH_1 QD_1 QD_2 QH_1,40,2,5,4,0,0,0,300,310,0,1,0.6867,9.4667,-82.0,,,1,
fold,S,110,420,200,30,10S_2 9H_2 AC_1 AS_1 JS_1 KD_1 KH_2 KS_1 QC_2 QH_2 QS_1 QS_2,170,2,6,3,1,0,0,250,-310,0,0,1.0,,,226.6667,-280.0,,0
bid,C,480,530,,,10C_1 10D_1 9D_1 9D_2 JC_1 JD_1 JD_2 KC_1 KH_2 KS_1 QC_2 QH_2,60,0,4,5,0,0,0,300,-50,0,0,0.6067,-49.4,-80.1333,,,1,
bid,H,530,480,,,10D_2 10H_1 10H_2 9H_2 AC_1 AD_2 AH_2 AS_1 JH_1 JS_1 JS_2 QH_1,110,4,6,3,0,0,1,300,50,0,0,0.9867,330.8667,63.0667,,,1,
bid,S,480,530,,,10S_1 9C_1 9C_2 9H_1 9S_2 JH_2 KD_1 KH_1 KS_2 QC_1 QD_1 QS_1,70,0,4,3,0,0,0,340,-50,0,1,0.26,-335.8667,-16.2,,,0,
bid,C,530,480,,,10C_2 10S_2 9S_1 AC_2 AD_1 AH_1 AS_2 JC_2 KC_2 KD_2 QD_2 QS_2,120,4,4,4,0,0,1,340,50,1,0,0.8733,223.6667,240.4667,,,0,
fold,H,530,480,130,110,10H_1 10H_2 10S_2 9H_2 AC_1 AD_2 AH_1 AH_2 AS_1 JH_1 QH_1 QS_2,110,5,7,3,0,0,1,330,50,0,0,0.7333,,,50.0667,-440.0,,0
bid,S,910,590,,,10C_1 10S_1 9C_2 9D_1 9H_2 AD_2 JD_1 JH_2 JS_1 JS_2 KS_2 QS_2,80,1,5,3,0,1,0,300,320,0,0,0.6467,-9.2667,-68.5333,,,1,
bid,S,590,910,,,10S_2 9C_1 9D_2 9S_1 AH_1 AH_2 JC_1 JC_2 KD_2 KH_2 KS_1 QS_1,50,2,4,3,0,0,0,310,-320,0,0,0.2867,-272.3333,126.5333,,,0,
bid,D,910,590,,,10C_2 10H_1 10H_2 9H_1 AC_1 AC_2 JH_1 KD_1 KH_1 QC_2 QD_1 QD_2,40,2,3,5,0,0,0,310,320,1,0,0.1067,-412.8667,11.8,,,0,
bid,S,590,910,,,10D_1 10D_2 9S_2 AD_1 AS_1 AS_2 JD_2 KC_1 KC_2 QC_1 QH_1 QH_2,30,3,3,4,0,0,0,310,-320,0,1,0.1667,-331.7333,444.7333,,,0,
fold,S,910,590,100,80,10C_2 10S_1 9C_2 9D_1 AC_1 AC_2 JD_1 JH_2 JS_1 JS_2 KS_2 QS_2,80,2,5,4,0,1,0,300,320,0,0,0.0867,,,-429.4667,-380.0,,1
bid,D,670,610,,,10D_1 10D_2 10S_1 10S_2 9D_1 9H_2 AD_2 AS_2 JC_2 JH_1 KD_1 QD_1,50,2,6,3,0,0,0,300,60,0,0,0.7533,72.7333,-145.6,,,1,
bid,C,610,670,,,10C_1 9C_1 9S_1 AC_1 AD_1 JD_2 JS_1 KC_1 KH_2 QC_1 QH_1 QH_2,70,2,5,3,0,0,0,310,-60,0,0,0.72,65.2667,62.4,,,1,
bid,S,670,610,,,10H_1 10H_2 9H_1 9S_2 AH_1 AH_2 AS_1 JD_1 JH_2 JS_2 KS_2 QS_1,90,3,5,6,0,1,0,310,60,1,0,0.8733,202.4667,18.3333,,,1,
bid,C,610,670,,,10C_2 9C_2 9D_2 AC_2 JC_1 KC_2 KD_2 KH_1 KS_1 QC_2 QD_2 QS_2,280,1,6,3,1,0,1,310,-60,0,1,1.0,265.7333,177.0667,,,1,
bid,D,670,610,,,10D_1 10D_2 10S_1 10S_2 9D_1 9H_2 AD_2 AS_2 JC_2 JH_1 KD_1 QD_1,50,2,6,3,0,0,0,320,60,0,1,0.7,31.7333,-76.9333,,,1,
bid,C,610,670,,,10C_2 9C_2 9D_2 AC_2 JC_1 KC_2 KD_2 KH_1 KS_1 QC_2 QD_2 QS_2,280,1,6,3,1,0,1,330,-60,0,1,0.96,230.9333,168.5333,,,1,
fold,D,670,610,200,210,10D_1 10D_2 9D_1 9H_2 AD_2 AH_2 JC_2 JD_1 JH_1 KD_1 QD_1 QS_1,200,2,7,3,1,1,0,320,60,0,0,0.9933,,,77.0,-530.0,,0
bid,S,0,0,,,10C_1 10C_2 10H_2 9S_1 AS_2 JC_2 JD_1 JH_1 KC_1 KD_2 KS_1 QS_1,90,1,4,4,0,1,0,300,0,0,0,0.5267,-123.8667,27.0,,,0,
bid,D,0,0,,,10D_1 9H_2 9S_2 AC_1 AD_1 AH_2 JC_1 JD_2 JS_1 JS_2 KH_2 QD_1,0,3,4,3,0,0,0,300,0,0,0,0.5467,-86.5333,86.0667,,,0,
bid,C,0,0,,,10D_2 10S_1 10S_2 9C_2 9D_1 AC_2 AD_2 KC_2 KH_1 QC_1 QH_1 QS_2,70,2,4,3,0,0,0,300,0,0,1,0.66,-19.2,92.6667,,,0,
fold,H,0,0,190,120,10H_1 9D_2 9H_1 AH_1 AH_2 JD_2 JH_2 KD_1 KH_2 QC_2 QD_2 QH_2,180,2,7,4,1,0,0,250,0,0,0,1.0,,,126.9333,-370.0,,0
bid,D,400,160,,,10S_1 9C_2 9D_2 9H_2 9S_2 JD_1 JH_1 JH_2 JS_1 KH_2 KS_2 QC_2,10,0,2,4,0,0,0,300,240,0,0,0.0733,-453.0,-135.8,,,0,
bid,H,160,400,,,10D_1 10H_1 10H_2 9H_1 9S_1 AC_1 AH_1 JC_2 JD_2 KC_1 KD_1 QH_1,10,2,5,3,0,0,0,300,-240,0,0,0.5667,-74.4667,19.8,,,0,
bid,S,400,160,,,10C_2 10D_2 10S_2 9C_1 AH_2 JC_1 JS_2 KD_2 KS_1 QC_1 QD_2 QS_1,60,1,4,4,0,0,0,300,240,0,1,0.5867,-84.8667,-2.6,,,0,
fold,D,160,400,220,70,10D_1 9D_1 AD_1 AD_2 AS_1 AS_2 JD_2 KD_1 KH_1 QD_1 QH_2 QS_2,220,4,7,3,1,1,0,250,-240,0,0,1.0,,,244.1333,-320.0,,0
bid,D,550,550,,,10D_2 9D_2 AC_2 AD_1 AS_2 JD_1 JD_2 JH_2 KD_2 KH_2 QH_2 QS_2,70,3,6,3,0,1,0,300,0,0,0,0.9067,318.0,97.4,,,1,
bid,S,550,550,,,10C_1 10D_1 10H_2 10S_2 9D_1 9H_2 JC_1 JC_2 JS_1 KC_1 KS_1 QS_1,40,0,4,4,0,0,0,340,0,0,0,0.3267,-303.8,-57.2,,,0,
bid,D,550,550,,,10C_2 10H_1 9C_2 9S_1 9S_2 AC_1 AD_2 JS_2 KH_1 KS_2 QC_1 QH_1,20,2,1,4,0,0,0,340,0,1,0,0.0067,-484.2667,59.4667,,,0,
bid,H,550,550,,,10S_1 9C_1 9H_1 AH_1 AH_2 AS_1 JH_1 KC_2 KD_1 QC_2 QD_1 QD_2,50,3,4,3,0,0,0,340,0,0,1,0.18,-346.4,136.7333,,,0,
fold,D,550,550,90,90,10D_2 10H_1 9D_2 AC_1 AD_1 AD_2 JD_1 JD_2 KD_2 KH_2 QH_2 QS_2,70,3,7,3,0,1,0,330,0,0,0,0.2267,,,-353.4,-420.0,,0
bid,H,700,220,,,10S_1 10S_2 9H_2 9S_1 AD_1 AH_1 JD_2 JS_2 KC_1 KC_2 QC_1 QS_1,70,2,2,5,0,1,0,300,480,0,0,0.1933,-361.8667,77.2,,,0,
bid,C,220,700,,,10C_1 10D_1 10H_1 9C_2 9D_1 AC_2 JH_1 KD_1 KD_2 KH_1 KS_2 QC_2,10,1,4,4,0,0,0,300,-480,0,0,0.28,-291.7333,-83.6,,,0,
bid,H,700,220,,,10D_2 10H_2 9C_1 9S_2 AS_1 JD_1 JH_2 JS_1 KH_2 KS_1 QD_1 QH_2,40,1,4,4,0,0,0,300,480,0,1,0.5933,-63.7333,-132.8,,,1,
bid,C,220,700,,,10C_2 9D_2 9H_1 AC_1 AD_2 AH_2 AS_2 JC_1 JC_2 QD_2 QH_1 QS_2,100,4,4,3,0,0,1,310,-480,0,1,0.9067,196.7333,302.0667,,,0,
fold,H,700,220,220,110,10H_2 9C_1 9S_2 AH_1 JD_1 JD_2 JH_2 JS_1 KH_2 QD_1 QH_2 QS_1,190,1,5,3,1,1,0,300,480,0,0,0.8667,,,37.8667,-410.0,,0
bid,D,0,0,,,10H_1 9C_1 9C_2 9H_1 AC_1 AD_1 AH_2 AS_2 KC_1 KD_2 QD_1 QS_2,140,4,3,4,0,0,1,300,0,0,0,0.9333,198.0667,185.8667,,,1,
bid,S,0,0,,,9D_1 9D_2 9H_2 9S_1 AC_2 AH_1 AS_1 JC_1 JD_2 JS_2 KS_1 QS_1,90,3,5,3,0,1,0,300,0,0,0,0.9133,227.5333,15.0667,,,1,
bid,H,0,0,,,10C_2 10D_1 10H_2 10S_1 AD_2 JD_1 KH_1 KH_2 KS_2 QC_1 QH_1 QH_2,80,1,5,3,0,0,0,340,0,0,1,0.4733,-135.4667,111.4,,,0,
bid,C,0,0,,,10C_1 10D_2 10S_2 9S_2 JC_2 JH_1 JH_2 JS_1 KC_2 KD_1 QC_2 QD_2,60,0,4,3,0,0,0,340,0,1,0,0.32,-313.0,-78.8667,,,0,
fold,S,0,0,250,160,10D_2 10S_2 9D_1 9H_2 9S_1 AS_1 JC_1 JD_2 JS_1 JS_2 KS_1 QS_1,200,1,7,3,1,1,0,330,0,0,0,0.9867,,,154.5333,-490.0,,0
bid,D,440,220,,,10D_1 9C_2 AC_2 AD_2 AS_2 JD_1 JD_2 KD_1 KD_2 KS_1 KS_2 QC_1,0,3,6,3,0,0,0,300,220,0,0,0.8667,259.6667,22.1333,,,1,
bid,D,220,440,,,10C_1 10C_2 10D_2 10H_1 9C_1 9D_2 JC_1 JH_2 JS_1 JS_2 KC_2 QS_1,10,0,2,5,0,0,0,340,-220,0,0,0.0267,-465.3333,24.2,,,0,
bid,S,440,220,,,10S_1 10S_2 9H_1 9H_2 9S_1 9S_2 AD_1 AH_2 AS_1 KH_1 QC_2 QD_2,20,3,5,4,0,0,0,340,220,1,0,0.2333,-301.4667,77.7333,,,0,
bid,H,220,440,,,10H_2 9D_1 AC_1 AH_1 JC_2 JH_1 KC_1 KH_2 QD_1 QH_1 QH_2 QS_2,150,2,6,3,1,0,0,340,-220,0,1,0.9733,331.2667,111.2,,,1,
bid,D,440,220,,,10D_1 9C_2 AC_2 AD_2 AS_2 JD_1 JD_2 KD_1 KD_2 KS_1 KS_2 QC_1,0,3,6,3,0,0,0,350,220,0,1,0.72,154.6667,188.5333,,,0,
bid,H,220,440,,,10H_2 9D_1 AC_1 AH_1 JC_2 JH_1 KC_1 KH_2 QD_1 QH_1 QH_2 QS_2,150,2,6,3,1,0,0,360,-220,0,1,0.9733,331.5333,177.8,,,1,
bid,D,440,220,,,10D_1 9C_2 AC_2 AD_2 AS_2 JD_1 JD_2 KD_1 KD_2 KS_1 KS_2 QC_1,0,3,6,3,0,0,0,370,220,0,1,0.6867,132.8,217.6,,,0,
fold,H,220,440,150,20,10H_1 10H_2 AH_1 JC_2 JH_1 JH_2 KH_2 QD_1 QH_1 QH_2 QS_1 QS_2,150,1,8,2,1,0,0,360,-220,0,0,0.2467,,,-280.6667,-380.0,,0
bid,D,-140,560,,,10D_2 9D_2 9H_1 9H_2 JH_1 JS_1 KC_1 KC_2 KD_1 QD_2 QH_2 QS_1,50,0,4,4,0,0,0,300,-700,0,0,0.3667,-238.8667,-30.8667,,,0,
bid,S,560,-140,,,10C_1 10D_1 10S_2 9D_1 AD_1 AS_1 JH_2 JS_2 KH_1 KH_2 KS_1 QH_1,20,2,4,4,0,0,0,300,700,0,0,0.54,-104.2,-1.4,,,0,
bid,D,-140,560,,,10H_2 AC_1 AC_2 AD_2 AS_2 JD_2 KD_2 KS_2 QC_1 QC_2 QD_1 QS_2,100,4,4,4,0,1,0,300,-700,0,1,0.9867,310.4,223.4,,,1,
bid,C,560,-140,,,10C_2 10H_1 10S_1 9C_1 9C_2 9S_1 9S_2 AH_1 AH_2 JC_1 JC_2 JD_1,20,2,5,3,0,0,0,340,700,0,1,0.1933,-312.5333,125.7333,,,0,
fold,D,-140,560,220,30,10D_2 AC_2 AD_2 JD_2 KD_1 KD_2 KS_2 QC_1 QC_2 QD_1 QS_1 QS_2,210,2,6,3,1,1,0,330,-700,0,0,0.72,,,58.3333,-360.0,,0
bid,H,660,260,,,10H_1 9D_1 9H_1 9H_2 AH_1 AH_2 AS_2 JD_1 KC_2 QC_1 QD_1 QH_1,40,3,6,3,0,0,0,300,400,0,0,0.6933,81.4,58.4667,,,1,
bid,H,260,660,,,10S_2 9D_2 9S_2 AC_2 JC_1 JC_2 JD_2 KH_2 KS_1 KS_2 QC_2 QH_2,40,1,2,4,0,0,0,300,-400,0,0,0.2667,-307.1333,40.1333,,,0,
bid,S,660,260,,,10C_2 10D_2 10S_1 9C_1 AC_1 AD_2 AS_1 JS_1 KD_1 KH_1 QS_1 QS_2,0,3,5,3,0,0,0,300,400,0,1,0.8333,219.2667,32.8,,,1,
bid,D,260,660,,,10C_1 10D_1 10H_2 9C_2 9S_1 AD_1 JH_1 JH_2 JS_2 KC_1 KD_2 QD_2,40,1,4,3,0,0,0,340,-400,0,1,0.26,-322.0,8.9333,,,0,
fold,S,660,260,180,60,10S_1 9C_1 AC_1 AD_2 AH_2 AS_1 AS_2 JD_1 JS_1 KD_1 QS_1 QS_2,140,5,6,3,0,1,1,330,400,0,0,0.86,,,163.3333,-390.0,,0
bid,C,0,0,,,10C_1 10D_2 AC_1 AH_1 JC_1 JC_2 JD_2 JS_2 KD_1 QC_1 QC_2 QS_2,40,2,6,3,0,1,0,300,0,0,0,0.74,123.9333,-14.6667,,,1,
bid,S,0,0,,,10H_2 9C_1 9D_1 9S_1 AD_2 AH_2 AS_1 AS_2 KH_2 KS_1 QD_1 QD_2,10,4,4,4,0,0,0,300,0,0,0,0.44,-159.4667,23.0667,,,0,
bid,H,0,0,,,10C_2 10D_1 10S_1 10S_2 9H_2 9S_2 AC_2 JD_1 JH_1 KC_2 KH_1 QH_2,50,1,4,3,0,0,0,300,0,0,1,0.38,-230.4667,-81.6667,,,0,
fold,S,0,0,50,70,9C_2 9D_2 9H_1 AS_1 AS_2 JH_2 JS_1 KD_2 KS_1 KS_2 QH_1 QS_1,40,2,6,3,0,0,0,250,0,0,0,0.2333,,,-308.1333,-320.0,,0
bid,D,-250,70,,,10D_2 9D_2 9H_1 9S_2 AC_1 AD_2 AH_1 JD_1 JH_2 JS_2 QD_1 QS_2,50,3,5,3,0,1,0,300,-320,0,0,0.7867,127.4667,46.2667,,,1,
bid,C,70,-250,,,10C_2 10H_2 10S_1 9C_1 9H_2 JC_1 JD_2 KC_2 KD_1 KH_2 QC_2 QH_1,70,0,5,4,0,0,0,340,320,0,0,0.56,-67.5333,-23.5333,,,0,
bid,H,-250,70,,,10H_1 9D_1 9S_1 AC_2 AH_2 JH_1 KC_1 KH_1 KS_2 QC_1 QD_2 QH_2,170,2,5,3,1,0,0,340,-320,1,0,0.9,185.8667,81.5333,,,1,
bid,S,70,-250,,,10C_1 10D_1 10S_2 9C_2 AD_1 AS_1 AS_2 JC_2 JS_1 KD_2 KS_1 QS_1,150,3,6,3,1,0,0,340,320,0,1,0.96,286.4,104.8667,,,1,
bid,D,-250,70,,,10D_2 9D_2 9H_1 9S_2 AC_1 AD_2 AH_1 JD_1 JH_2 JS_2 QD_1 QS_2,50,3,5,3,0,1,0,350,-320,0,1,0.6467,25.0667,181.2,,,0,
bid,S,70,-250,,,10C_1 10D_1 10S_2 9C_2 AD_1 AS_1 AS_2 JC_2 JS_1 KD_2 KS_1 QS_1,150,3,6,3,1,0,0,360,320,0,1,0.8267,173.5333,102.2667,,,1,
fold,D,-250,70,100,60,10D_2 9D_2 9H_1 AC_2 AD_2 AH_2 JD_1 JH_2 JS_2 QD_1 QD_2 QS_2,50,3,6,3,0,1,0,350,-320,0,0,0.0333,,,-460.0667,-410.0,,1
bid,D,130,-600,,,10C_1 10H_1 10H_2 9C_2 9H_2 AD_2 JC_1 JH_1 KC_1 KD_1 KS_2 QD_2,40,1,3,4,0,0,0,300,730,0,0,0.28,-329.4,-75.1333,,,0,
bid,S,-600,130,,,10S_2 9S_1 9S_2 AC_1 JC_2 JH_2 JS_2 KH_1 QC_1 QD_1 QH_1 QS_2,100,1,5,3,0,0,1,300,-730,0,0,0.2067,-317.2,0.6,,,0,
bid,D,130,-600,,,10D_1 10D_2 9D_1 9D_2 AC_2 AD_1 AS_2 JD_1 JS_1 KC_2 KD_2 KS_1,20,3,7,3,0,0,0,300,730,0,1,0.8467,246.2,-2.2667,,,1,
bid,H,-600,130,,,10C_2 10S_1 9C_1 9H_1 AH_1 AH_2 AS_1 JD_2 KH_2 QC_2 QH_2 QS_1,90,3,5,3,0,1,0,340,-730,0,1,0.6,7.4667,183.8,,,0,
fold,D,130,-600,170,140,10D_1 10D_2 9D_1 9D_2 AD_1 AD_2 JD_1 JS_1 KD_1 KD_2 KS_1 QD_2,170,2,10,2,1,0,0,330,730,0,0,1.0,,,202.5333,-470.0,,0
bid,C,-420,510,,,10C_2 10D_1 9C_2 AC_1 AD_1 JC_1 JC_2 JH_2 KC_1 KH_2 QH_2 QS_1,30,2,6,3,0,0,0,300,-930,0,0,0.7,78.7333,-5.4667,,,1,
bid,H,510,-420,,,10H_2 9D_2 9H_2 9S_1 9S_2 AC_2 AD_2 AH_1 JS_2 KH_1 KS_2 QH_1,50,3,5,4,0,0,0,300,930,0,0,0.8533,146.1333,-25.6,,,1,
bid,D,-420,510,,,10C_1 10D_2 10H_1 9D_1 9H_1 AH_2 AS_1 AS_2 JD_1 KC_2 KD_1 QD_1,50,3,5,3,0,0,0,340,-930,0,1,0.5667,-21.2667,275.4,,,0,
bid,S,510,-420,,,10S_1 10S_2 9C_1 JD_2 JH_1 JS_1 KD_2 KS_1 QC_1 QC_2 QD_2 QS_2,100,0,5,3,0,1,0,340,930,1,0,0.5867,-71.4,113.2667,,,0,
fold,H,510,-420,220,70,10H_2 9D_2 9H_2 9S_1 9S_2 AH_1 JD_2 JH_1 JS_2 KH_1 QH_1 QS_2,200,1,6,4,1,1,0,330,930,0,0,0.78,,,46.6,-400.0,,0
bid,C,180,-200,,,9C_2 9S_1 JC_1 JD_2 JS_1 JS_2 KC_2 KD_1 QC_1 QD_1 QS_1 QS_2,110,0,4,5,0,1,0,300,380,0,0,0.6733,22.2,-59.4,,,1,
bid,D,-200,180,,,10C_2 10D_1 10H_2 9D_1 9D_2 9H_2 AC_1 AD_1 AD_2 KC_1 KH_1 QH_1,40,3,5,4,0,0,0,300,-380,0,0,0.2333,-299.4667,66.7333,,,0,
bid,H,180,-200,,,10D_2 10S_1 9H_1 AH_1 AH_2 AS_2 JC_2 JH_2 KH_2 KS_1 KS_2 QC_2,10,3,5,4,0,0,0,300,380,0,1,0.54,-61.5333,1.4667,,,0,
fold,S,-200,180,50,90,10S_2 9C_1 9S_2 AC_1 AD_1 AD_2 AS_1 JD_1 JH_1 KD_2 QD_2 QH_2,30,4,3,5,0,0,0,250,-380,0,0,0.14,,,-366.6,-340.0,,1
bid,C,-450,270,,,10C_1 10C_2 9C_1 9D_2 9H_2 AD_2 AH_1 AS_2 JH_2 KC_2 QC_1 QC_2,50,3,6,3,0,0,0,300,-720,0,0,0.74,144.9333,-109.2,,,1,
bid,H,270,-450,,,10D_1 9S_1 AC_2 AD_1 AH_2 JC_1 JS_2 KC_1 KH_1 QD_2 QH_1 QS_1,40,3,3,3,0,0,0,310,720,0,0,0.5733,-65.8,134.6,,,0,
bid,D,-450,270,,,10D_2 10H_1 10H_2 10S_1 10S_2 9C_2 9D_1 AS_1 KD_2 KS_2 QD_1 QH_2,50,1,4,4,0,0,0,310,-720,1,0,0.3467,-258.0667,-46.5333,,,0,
bid,S,270,-450,,,9H_1 9S_2 AC_1 JC_2 JD_1 JD_2 JH_1 JS_1 KD_1 KH_2 KS_1 QS_2,130,1,4,3,0,1,1,310,720,0,1,0.66,43.8667,101.2,,,0,
fold,C,-450,270,80,120,10C_1 10C_2 10H_1 10H_2 9C_1 9D_2 9H_2 AS_1 JH_2 KC_2 QC_1 QC_2,50,1,6,4,0,0,0,300,-720,0,0,0.0333,,,-503.6,-420.0,,1
bid,D,390,-750,,,10D_2 10H_2 9H_1 9H_2 9S_2 AD_1 AH_2 JD_1 JD_2 KC_2 KD_1 QC_1,20,2,5,4,0,0,0,300,1140,0,0,0.66,10.5333,-35.4,,,1,
bid,H,-750,390,,,10C_2 10S_2 9C_1 9D_1 AH_1 AS_1 AS_2 JC_1 KH_1 QH_2 QS_1 QS_2,40,3,3,5,0,0,0,300,-1140,0,0,0.5933,-29.2,62.0,,,0,
bid,D,390,-750,,,10H_1 10S_1 9D_2 9S_1 AC_2 AD_2 JC_2 JS_1 KD_2 KS_1 QD_1 QH_1,50,2,4,4,0,0,0,300,1140,0,1,0.3267,-271.0,-35.1333,,,0,
fold,C,-750,390,80,60,10C_1 10C_2 9C_2 AC_1 JH_1 JH_2 JS_2 KC_1 QC_2 QD_2 QS_1 QS_2,50,1,6,3,0,0,0,250,-1140,0,0,0.2933,,,-260.7333,-310.0,,0
bid,H,0,0,,,10C_2 10S_2 9C_2 9D_2 9H_2 AD_1 AS_2 KC_1 KH_2 QD_1 QH_1 QH_2,50,2,4,3,0,0,0,300,0,0,0,0.5467,-135.6,10.2667,,,0,
bid,S,0,0,,,9D_1 9H_1 9S_1 9S_2 AC_1 KC_2 KD_1 KD_2 KS_1 QC_2 QS_1 QS_2,80,1,5,3,0,0,0,300,0,0,0,0.54,-62.8667,128.2,,,0,
bid,C,0,0,,,10C_1 10D_1 10D_2 10H_1 10H_2 9C_1 AC_2 AS_1 JC_2 JD_1 JS_1 QD_2,10,2,4,4,0,0,0,300,0,0,1,0.32,-256.0,-39.3333,,,0,
fold,H,0,0,110,50,AC_1 AH_1 AH_2 JC_1 JD_2 JH_1 JH_2 JS_2 KH_1 QC_1 QS_1 QS_2,80,3,5,3,0,1,1,250,0,0,0,0.64,,,-57.7333,-300.0,,0
bid,S,-250,170,,,10C_2 10H_1 10H_2 9S_2 AD_2 AS_1 AS_2 JH_2 QD_1 QD_2 QH_2 QS_2,10,3,4,4,0,0,0,300,-420,0,0,0.26,-279.2667,235.4667,,,0,
bid,C,170,-250,,,9C_1 9C_2 9D_2 9H_2 AH_1 JD_2 KC_2 KD_1 KS_1 KS_2 QC_2 QH_1,60,1,4,3,0,0,0,300,420,0,0,0.26,-303.5333,44.4,,,0,
bid,H,-250,170,,,10C_1 10D_1 10S_2 9D_1 9H_1 9S_1 AD_1 AH_2 JC_2 KD_2 QC_1 QS_1,10,2,2,4,0,0,0,300,-420,0,1,0.1,-412.2667,-28.9333,,,0,
fold,C,170,-250,120,0,AC_1 AC_2 JC_1 JD_1 JD_2 JH_1 JS_1 JS_2 KC_1 KC_2 KH_2 QC_2,80,2,6,2,0,0,1,250,420,0,0,0.58,,,-26.7333,-250.0,,0
bid,D,420,-130,,,10C_2 9C_1 9C_2 9D_2 9S_1 AD_2 JC_1 JC_2 KD_1 QD_1 QS_1 QS_2,50,1,4,5,0,0,0,300,550,0,0,0.4067,-157.2667,76.3333,,,0,
bid,D,-130,420,,,10C_1 10D_1 10S_1 10S_2 AD_1 AH_1 JS_1 KD_2 KH_1 KS_2 QC_1 QC_2,0,2,3,4,0,0,0,300,-550,0,0,0.2,-336.2667,9.7333,,,0,
bid,S,420,-130,,,10D_2 10H_2 9D_1 9H_2 9S_2 AC_2 AH_2 AS_1 AS_2 JD_2 JH_2 KC_1,10,4,3,4,0,0,0,300,550,0,1,0.26,-303.6,161.1333,,,0,
fold,H,-130,420,220,30,10H_1 9H_1 AD_1 AH_1 JD_1 JH_1 JS_2 KH_1 KH_2 QD_2 QH_1 QH_2,200,2,8,3,1,0,0,250,-550,0,0,1.0,,,343.2,-280.0,,0
bid,H,250,540,,,10C_2 10D_1 10H_1 9D_1 9S_1 9S_2 AH_1 AS_2 JH_1 KS_2 QH_1 QS_1,20,2,4,5,0,0,0,300,-290,0,0,0.5933,-68.2,-17.2667,,,0,
bid,D,540,250,,,10C_1 9C_2 9D_2 AC_2 AS_1 JS_1 JS_2 KD_1 KH_1 QC_2 QD_2 QH_2,70,2,3,4,0,0,0,310,290,0,0,0.1467,-407.0667,21.7333,,,0,
bid,D,250,540,,,10H_2 10S_1 9C_1 AD_2 JC_2 JD_1 JH_2 KC_2 KD_2 KH_2 KS_1 QD_1,120,1,4,3,0,0,1,310,-290,1,0,0.44,-197.6667,44.4667,,,0,
bid,C,540,250,,,10D_2 10S_2 9H_1 9H_2 AC_1 AD_1 AH_2 JC_1 JD_2 KC_1 QC_1 QS_2,80,3,4,3,0,1,0,310,290,0,1,0.8267,158.4,96.3333,,,1,
bid,H,250,540,,,10C_2 10D_1 10H_1 9D_1 9S_1 9S_2 AH_1 AS_2 JH_1 KS_2 QH_1 QS_1,20,2,4,5,0,0,0,320,-290,0,1,0.4733,-142.3333,-38.0,,,0,
fold,C,540,250,240,130,10C_1 9H_1 9H_2 AC_1 AC_2 AD_1 AS_1 JC_1 JD_2 KC_1 QC_1 QS_2,190,4,6,2,1,1,0,310,290,0,0,1.0,,,194.8,-440.0,,0
bid,H,950,460,,,9D_2 9H_1 9H_2 AH_2 JD_1 JH_1 JS_2 QC_1 QD_1 QD_2 QS_1 QS_2,60,1,4,4,0,1,0,300,490,0,0,0.4867,-101.3333,48.6,,,0,
bid,S,460,950,,,10D_1 10S_1 9D_1 9S_1 AS_1 JC_1 JC_2 JD_2 KC_2 KD_2 QC_2 QH_1,30,1,3,4,0,0,0,300,-490,0,0,0.2,-360.0,-36.2667,,,0,
bid,D,950,460,,,10C_1 10C_2 10H_1 10S_2 9C_1 9S_2 AD_1 AD_2 JS_1 KC_1 KH_1 QH_2,20,2,2,4,0,0,0,300,490,0,1,0.0133,-453.6,95.2667,,,0,
fold,H,460,950,170,100,10H_2 9C_2 AC_1 AC_2 AH_1 AS_1 AS_2 JD_2 JH_2 KH_2 KS_2 QH_1,150,5,5,3,1,0,0,250,-490,0,0,1.0,,,196.5333,-350.0,,0
bid,S,0,0,,,10D_2 10H_2 10S_1 10S_2 AD_1 AH_2 AS_1 JD_1 JS_1 KS_1 QD_1 QH_1,0,3,5,4,0,0,0,300,0,0,0,0.8267,219.8667,15.2,,,1,
bid,H,0,0,,,10C_1 9C_1 9D_2 9H_1 9S_1 AD_2 JH_1 JH_2 JS_2 KC_1 KD_2 QS_2,10,1,3,3,0,0,0,340,0,0,0,0.0333,-442.2,92.9333,,,0,
bid,S,0,0,,,10D_1 10H_1 9D_1 AS_2 JC_1 JC_2 JD_2 KD_1 KH_2 QC_1 QC_2 QS_1,40,1,2,4,0,1,0,340,0,1,0,0.12,-389.8667,93.0667,,,0,
bid,H,0,0,,,10C_2 9C_2 9H_2 9S_2 AC_1 AC_2 AH_1 KC_2 KH_1 KS_2 QD_2 QH_2,50,3,4,5,0,0,0,340,0,0,1,0.5,-75.7333,138.3333,,,0,
fold,S,0,0,190,40,10S_1 10S_2 AD_1 AS_1 AS_2 JD_1 JD_2 JS_1 KS_1 QD_1 QH_1 QS_1,190,3,7,4,1,1,0,330,0,0,0,0.5933,,,-22.6667,-370.0,,0
bid,S,90,390,,,10D_1 10H_2 10S_2 9H_1 9S_1 AC_1 AS_1 JC_2 JD_1 JS_1 JS_2 KC_1,10,2,5,3,0,0,0,300,-300,0,0,0.3733,-196.8,2.6667,,,0,
bid,H,390,90,,,10S_1 9C_1 9H_2 AH_1 AS_2 JD_2 JH_2 KC_2 KH_2 KS_1 QH_2 QS_2,110,2,5,4,0,1,0,300,300,0,0,0.86,198.9333,54.9333,,,1,
bid,C,90,390,,,10C_1 10D_2 9C_2 9S_2 AC_2 JC_1 JH_1 KD_1 KD_2 KS_2 QC_1 QD_2,30,1,5,4,0,0,0,340,-300,0,1,0.4067,-197.1333,-33.1333,,,0,
bid,H,390,90,,,10C_2 10H_1 9D_1 9D_2 AD_1 AD_2 AH_2 KH_1 QC_2 QD_1 QH_1 QS_1,100,3,4,5,0,0,1,350,300,1,0,0.6333,22.0667,333.8,,,0,
bid,H,390,90,,,10S_1 9C_1 9H_2 AH_1 AS_2 JD_2 JH_2 KC_2 KH_2 KS_1 QH_2 QS_2,110,2,5,4,0,1,0,350,300,0,1,0.7,88.7333,186.1333,,,0,
fold,C,90,390,180,170,10C_1 9C_2 9S_2 AC_1 AC_2 JC_1 JD_1 JH_1 KC_1 KD_2 QC_1 QD_2,180,2,7,3,1,0,0,340,-300,0,0,0.4333,,,-292.0,-510.0,,0
bid,H,650,430,,,10C_1 10C_2 10H_1 10S_2 9D_2 9H_1 AH_1 JH_1 JS_2 KD_1 QC_1 QC_2,10,1,4,4,0,0,0,300,220,0,0,0.2533,-294.9333,-107.7333,,,0,
bid,H,430,650,,,10H_2 9D_1 AC_2 AD_1 JS_1 KC_1 KC_2 KH_2 QD_1 QH_1 QS_1 QS_2,40,2,3,3,0,0,0,300,-220,0,0,0.5,-101.0667,181.2,,,0,
bid,D,650,430,,,10S_1 9C_1 AS_1 JC_1 JC_2 JD_2 KD_2 KH_1 KS_1 KS_2 QD_2 QH_2,60,1,3,4,0,0,0,300,220,0,1,0.3533,-248.7333,131.2667,,,0,
fold,S,430,650,180,40,9C_2 9H_2 9S_1 9S_2 AC_1 AD_2 AH_2 AS_2 JD_1 JS_1 QS_1 QS_2,160,4,6,2,0,1,1,250,-220,0,0,1.0,,,271.8667,-290.0,,0
bid,D,780,770,,,10S_1 9D_1 AD_1 AD_2 AH_2 AS_2 JD_1 KC_2 KD_1 KS_2 QC_1 QD_1,70,4,6,3,0,0,0,300,10,0,0,0.9667,314.1333,117.7333,,,1,
bid,C,770,780,,,10C_1 10D_1 10H_1 10H_2 9C_1 9C_2 AC_1 JD_2 JS_1 KH_1 KS_1 QH_2,40,1,4,4,0,0,0,300,-10,0,0,0.2333,-329.2667,-105.4,,,0,
bid,C,780,770,,,10C_2 9D_2 9S_1 AS_1 JC_2 JH_1 JH_2 JS_2 KC_1 QC_2 QH_1 QS_2,40,1,4,4,0,0,0,300,10,0,1,0.5667,-104.8667,-71.0667,,,0,
bid,D,770,780,,,10D_2 10S_2 9H_1 9H_2 9S_2 AC_2 AH_1 JC_1 KD_2 KH_2 QD_2 QS_1,40,2,3,4,0,0,0,310,-10,0,1,0.4,-215.6667,20.6,,,0,
fold,C,780,770,120,60,10C_2 9D_2 9S_1 JC_2 JD_1 JH_1 JH_2 KC_1 KC_2 QC_1 QC_2 QH_1,80,0,6,3,0,0,0,300,10,0,0,0.1067,,,-421.5333,-360.0,,1
bid,H,830,480,,,10H_2 9H_1 9S_1 AD_1 JH_1 JS_2 KH_2 QC_1 QD_2 QH_1 QH_2 QS_2,110,1,6,3,0,0,1,300,350,0,0,0.72,82.9333,-2.5333,,,1,
bid,S,480,830,,,10D_1 10D_2 10H_1 10S_2 9C_1 9C_2 9H_2 AS_2 JC_1 KD_2 KH_1 QC_2,0,1,2,4,0,0,0,300,-350,0,0,0.0467,-440.1333,-110.6667,,,0,
bid,C,830,480,,,10C_2 9D_1 9D_2 AC_1 AD_2 AH_2 JC_2 JD_1 KC_1 KD_1 KS_1 QS_1,60,3,4,5,0,1,0,300,350,0,1,0.8333,166.8667,54.2667,,,1,
bid,S,480,830,,,10C_1 10S_1 9S_2 AC_2 AH_1 AS_1 JD_2 JH_2 JS_1 KC_2 KS_2 QD_1,10,3,5,3,0,0,0,340,-350,0,1,0.66,48.2,75.4,,,0,
fold,C,830,480,250,20,10C_2 9D_1 9D_2 AC_1 AD_1 JC_2 JD_1 KC_1 KS_1 QC_1 QS_1 QS_2,210,2,5,4,1,1,0,330,350,0,0,0.9933,,,291.1333,-350.0,,0
bid,C,0,0,,,10C_2 10D_1 10D_2 9D_2 9H_2 AS_1 JC_2 JH_1 KC_2 KD_1 KD_2 QC_2,40,1,4,5,0,0,0,300,0,0,0,0.4667,-167.7333,-66.5333,,,0,
bid,S,0,0,,,AC_2 JC_1 JS_1 KC_1 KH_2 KS_1 QD_1 QD_2 QH_1 QH_2 QS_1 QS_2,60,1,4,3,0,0,0,300,0,0,0,0.4,-181.4,217.1333,,,0,
bid,S,0,0,,,10H_1 10S_2 9C_1 9H_1 9S_2 AD_2 AH_1 AS_2 JD_1 JS_2 KH_1 KS_2,10,3,5,4,0,0,0,300,0,0,1,0.7067,96.8667,-73.5333,,,1,
bid,D,0,0,,,10C_1 10H_2 10S_1 9C_2 9D_1 9S_1 AC_1 AD_1 AH_2 JD_2 JH_2 QC_1,10,3,3,4,0,0,0,340,0,0,1,0.08,-415.8667,101.1333,,,0,
bid,H,70,-330,,,10C_1 10S_2 9H_2 AC_2 AH_1 JD_1 JH_2 KC_2 KH_1 KS_1 QH_1 QH_2,50,2,6,3,0,0,0,300,400,0,0,0.8867,230.3333,34.8667,,,1,
bid,S,-330,70,,,10D_2 10H_1 10S_1 9D_2 9H_1 9S_2 AS_1 JD_2 JS_2 KD_2 KS_2 QD_1,30,1,5,5,0,0,0,340,-400,0,0,0.4533,-110.2667,-16.3333,,,0,
bid,D,70,-330,,,10H_2 9C_1 9C_2 9D_1 AD_1 AD_2 AS_2 JS_1 KC_1 KH_2 QD_2 QS_1,10,3,4,3,0,0,0,340,400,1,0,0.1267,-355.4667,192.4667,,,0,
bid,C,-330,70,,,10C_2 10D_1 9S_1 AC_1 AH_2 JC_1 JC_2 JH_1 KD_1 QC_1 QC_2 QS_2,0,2,6,2,0,0,0,340,-400,0,1,0.6267,30.0,76.2667,,,0,
bid,H,70,-330,,,10C_1 10S_2 9H_2 AC_2 AH_1 JD_1 JH_2 KC_2 KH_1 KS_1 QH_1 QH_2,50,2,6,3,0,0,0,350,400,0,1,0.7667,158.1333,79.6667,,,1,
bid,C,-330,70,,,10C_2 10D_1 9S_1 AC_1 AH_2 JC_1 JC_2 JH_1 KD_1 QC_1 QC_2 QS_2,0,2,6,2,0,0,0,360,-400,0,1,0.6067,13.4667,142.8667,,,0,
fold,H,70,-330,240,30,10H_2 9H_2 AC_2 AH_1 JD_1 JH_2 KC_2 KH_1 KH_2 QH_1 QH_2 QS_1,240,2,8,2,1,1,0,350,400,0,0,1.0,,,338.2667,-380.0,,0
bid,S,-220,480,,,10D_1 10H_2 10S_2 9D_2 AC_1 AH_1 AH_2 AS_1 JC_1 JS_1 JS_2 QD_1,0,4,4,3,0,0,0,300,-700,0,0,0.4133,-179.0667,121.0667,,,0,
bid,C,480,-220,,,10H_1 9C_1 9C_2 9D_1 9H_2 9S_2 JH_2 KC_1 KD_2 KS_1 QC_1 QS_2,80,0,4,3,0,0,0,300,700,0,0,0.2533,-324.7333,-84.0,,,0,
bid,D,-220,480,,,10C_1 10C_2 10S_1 9H_1 9S_1 AC_2 AD_1 AD_2 JD_1 KH_2 KS_2 QD_2,0,3,4,3,0,0,0,300,-700,0,1,0.3467,-242.7333,147.7333,,,0,
fold,C,480,-220,160,0,JC_2 JD_2 JH_1 KC_1 KC_2 KH_1 QC_1 QC_2 QH_1 QH_2 QS_1 QS_2,140,0,5,4,0,1,0,250,700,0,0,0.7933,,,46.9333,-250.0,,0
bid,H,230,-30,,,10C_2 9D_2 AC_1 AD_1 JD_1 JS_2 KC_1 KC_2 KH_1 KS_1 QD_1 QH_2,40,2,2,4,0,0,0,300,260,0,0,0.3,-274.9333,97.2,,,0,
bid,H,-30,230,,,10H_1 10S_2 9D_1 9H_1 AH_1 AS_2 JC_2 JH_2 JS_1 KD_1 KD_2 QH_1,10,2,5,3,0,0,0,300,-260,0,0,0.6333,-9.0,-50.2667,,,1,
bid,C,230,-30,,,10D_1 10D_2 10H_2 10S_1 9C_2 9H_2 9S_1 9S_2 AC_2 JD_2 JH_1 QD_2,10,1,2,4,0,0,0,340,260,0,1,0.0533,-471.3333,3.0667,,,0,
bid,S,-30,230,,,10C_1 9C_1 AD_2 AH_2 AS_1 JC_1 KH_2 KS_2 QC_1 QC_2 QS_1 QS_2,40,3,4,5,0,0,0,340,-260,1,0,0.5667,-26.2667,200.6667,,,0,
bid,C,-360,280,,,10D_1 10S_2 9C_2 AS_2 JD_1 JH_1 JH_2 KD_2 QC_1 QH_1 QS_1 QS_2,50,1,2,4,0,1,0,300,-640,0,0,0.34,-240.4,158.4667,,,0,
bid,D,280,-360,,,10D_2 10S_1 9D_2 9S_1 AC_1 AD_2 AH_2 JS_1 KH_2 KS_2 QC_2 QD_2,10,3,4,4,0,0,0,300,640,0,0,0.4667,-148.9333,-32.4,,,0,
bid,D,-360,280,,,10H_1 10H_2 9D_1 9H_1 9H_2 AD_1 JC_2 JD_2 JS_2 KC_1 KH_1 QD_1,10,1,4,5,0,0,0,300,-640,0,1,0.3533,-246.0667,-37.3333,,,0,
fold,C,280,-360,180,50,10C_1 10C_2 9C_1 9S_2 AC_1 AC_2 AH_2 AS_1 JC_1 KC_2 QC_2 QH_2,160,4,8,2,1,0,0,250,640,0,0,1.0,,,304.9333,-300.0,,0
bid,H,690,-290,,,10S_2 9C_1 9C_2 9S_2 AD_1 AH_1 JS_1 KC_2 KD_1 KH_1 KS_2 QH_2,120,2,3,4,0,0,1,300,980,0,0,0.44,-207.5333,34.9333,,,0,
bid,C,-290,690,,,10C_1 10H_2 9H_2 9S_1 AC_1 AC_2 AS_2 JC_1 JC_2 KS_1 QC_1 QH_1,0,3,6,3,0,0,0,300,-980,0,0,0.7667,104.5333,-72.3333,,,1,
bid,D,690,-290,,,10C_2 10D_2 9D_2 9H_1 AH_2 AS_1 JD_2 JS_2 KC_1 KD_2 QD_1 QS_1,90,2,5,3,0,1,0,340,980,0,1,0.5933,-13.7333,107.8,,,0,
bid,D,-290,690,,,10D_1 10H_1 10S_1 9D_1 AD_2 JD_1 JH_1 JH_2 KH_2 QC_2 QD_2 QS_2,50,1,5,4,0,1,0,340,-980,1,0,0.56,-43.0,96.6,,,0,
bid,D,-620,870,,,10C_1 9C_2 9H_1 AH_2 AS_2 JH_2 JS_2 KD_2 KS_2 QC_2 QD_1 QH_1,40,2,2,4,0,0,0,300,-1490,0,0,0.14,-415.7333,-15.2667,,,0,
bid,S,870,-620,,,10D_1 10S_1 9S_1 9S_2 AC_2 AH_1 AS_1 JC_1 KC_1 KD_1 KH_2 QD_2,40,3,4,3,0,0,0,300,1490,0,0,0.3133,-260.9333,-27.6,,,0,
bid,D,-620,870,,,10C_2 10H_2 10S_2 9D_2 9H_2 AC_1 AD_2 JD_1 KH_1 KS_1 QC_1 QH_2,30,2,3,4,0,0,0,310,-1490,0,1,0.1667,-359.2,81.4667,,,0,
bid,D,870,-620,,,10D_2 10H_1 9C_1 9D_1 AD_1 JC_2 JD_2 JH_1 JS_1 KC_2 QS_1 QS_2,90,1,4,3,0,1,1,310,1490,1,0,0.5,-101.8,9.4,,,0,
fold,S,870,-620,80,40,10S_1 9S_1 9S_2 AC_2 AS_1 JC_1 JD_2 KC_1 KD_1 QD_2 QS_1 QS_2,80,2,6,3,0,1,0,300,1490,0,0,0.08,,,-381.0,-340.0,,1
bid,S,570,-580,,,10D_1 10S_1 AC_1 AH_1 AS_1 JC_1 JD_1 JS_2 KC_1 QD_2 QH_1 QH_2,0,3,3,3,0,0,0,300,1150,0,0,0.34,-225.0667,125.1333,,,0,
bid,S,-580,570,,,10C_1 9C_2 9D_1 9H_1 AD_1 JC_2 JH_1 JS_1 KD_1 KD_2 KS_2 QS_1,40,1,3,4,0,0,0,300,-1150,0,0,0.3333,-264.5333,-22.6667,,,0,
bid,D,570,-580,,,10S_2 9C_1 9D_2 9S_1 AC_2 AD_2 JD_2 KH_1 KH_2 KS_1 QC_2 QD_1,10,2,4,3,0,0,0,300,1150,0,1,0.2733,-274.6,37.5333,,,0,
fold,H,-580,570,40,0,10H_1 10H_2 9H_2 9S_2 AD_1 AH_2 JH_1 JH_2 KC_2 QC_1 QS_1 QS_2,30,2,6,3,0,0,0,250,-1150,0,0,0.1333,,,-272.9333,-250.0,,1
bid,S,-830,570,,,10D_1 10D_2 9C_2 9D_1 9H_2 9S_1 AS_1 JD_1 JS_1 QC_2 QD_2 QH_2,10,1,3,5,0,0,0,300,-1400,0,0,0.1,-429.1333,-66.6,,,0,
bid,H,570,-830,,,10H_1 10H_2 10S_1 AC_2 AH_2 JC_1 JC_2 JH_1 JH_2 KS_1 QD_1 QH_1,0,2,6,3,0,0,0,300,1400,0,0,0.7133,46.9333,-71.9333,,,1,
bid,C,-830,570,,,10C_1 10S_2 9H_1 AC_1 AD_2 JD_2 JS_2 KC_1 KD_2 QC_1 QS_1 QS_2,80,2,4,4,0,1,0,340,-1400,0,1,0.7267,108.2,180.0667,,,0,
bid,S,570,-830,,,10C_2 9C_1 9D_2 9S_2 AD_1 AH_1 AS_2 KC_2 KD_1 KH_1 KH_2 KS_2,90,3,3,3,0,0,1,350,1400,1,0,0.0267,-453.1333,210.4,,,0,
bid,H,570,-830,,,10H_1 10H_2 10S_1 AC_2 AH_2 JC_1 JC_2 JH_1 JH_2 KS_1 QD_1 QH_1,0,2,6,3,0,0,0,350,1400,0,1,0.6067,-0.5333,21.5333,,,0,
fold,C,-830,570,370,90,10C_1 10D_1 9H_1 AC_1 JD_1 JD_2 JS_2 KC_1 QC_1 QC_2 QS_1 QS_2,340,1,5,3,0,1,0,340,-1400,0,0,1.0,,,303.0667,-430.0,,0
bid,D,740,-290,,,9D_2 9S_1 9S_2 JS_1 JS_2 KC_2 KD_1 KH_1 QC_1 QD_1 QH_2 QS_1,150,0,3,5,0,0,1,300,1030,0,0,0.2467,-336.5333,-10.0667,,,0,
bid,C,-290,740,,,10D_1 9C_1 9C_2 9H_2 AC_2 AH_2 AS_1 JC_2 JD_2 KD_2 KH_2 QC_2,20,3,5,3,0,0,0,300,-1030,0,0,0.7533,92.7333,2.5333,,,1,
bid,S,740,-290,,,10C_1 10C_2 10D_2 10H_1 9D_1 AD_1 AS_2 JC_1 JD_1 KS_1 KS_2 QS_2,80,2,4,4,0,1,0,310,1030,0,1,0.62,-18.8,84.4667,,,0,
bid,H,-290,740,,,10H_2 10S_1 10S_2 9H_1 AC_1 AD_2 AH_1 JH_1 JH_2 KC_1 QD_2 QH_1,10,3,6,2,0,0,0,310,-1030,1,0,0.8133,172.8,58.2667,,,1,
fold,C,-290,740,80,200,9C_1 9C_2 9H_2 AC_1 AC_2 AD_2 AH_2 JC_2 JD_2 KC_1 KD_2 QC_2,60,4,7,3,0,0,0,300,-1030,0,0,0.32,,,-361.6,-500.0,,0
bid,H,0,0,,,10S_1 10S_2 9H_1 9S_1 AH_2 AS_2 JC_2 JH_1 JS_1 KD_1 KH_2 QH_1,50,2,5,5,0,0,0,300,0,0,0,0.7333,37.7333,-44.8667,,,1,
bid,C,0,0,,,10D_1 10H_1 9H_2 AC_2 AD_1 AS_1 JC_1 JH_2 KC_1 QC_2 QD_2 QS_2,40,3,4,3,0,0,0,310,0,0,0,0.8333,134.6667,74.8,,,1,
bid,C,0,0,,,10C_1 10H_2 9C_1 9D_1 9D_2 AH_1 JD_2 KC_2 KD_2 KS_1 QC_1 QS_1,110,1,4,4,0,1,0,320,0,1,0,0.44,-168.2667,71.9333,,,0,
bid,D,0,0,,,10C_2 10D_2 9C_2 9S_2 AC_1 AD_2 JD_1 JS_2 KH_1 KS_2 QD_1 QH_2,20,2,4,3,0,0,0,320,0,1,0,0.4933,-134.3333,51.8,,,0,
bid,H,0,0,,,10S_1 10S_2 9H_1 9S_1 AH_2 AS_2 JC_2 JH_1 JS_1 KD_1 KH_2 QH_1,50,2,5,5,0,0,0,320,0,0,1,0.68,12.1333,-41.8,,,1,
fold,C,0,0,220,130,10C_2 9H_2 AC_1 AC_2 AD_1 JC_1 JD_1 JH_2 KC_1 QC_2 QD_2 QS_2,190,3,6,3,1,1,0,310,0,0,0,1.0,,,143.3333,-440.0,,0
bid,D,350,250,,,10C_1 9H_1 AD_1 JD_1 KD_1 KD_2 KH_1 QD_1 QD_2 QH_1 QH_2 QS_2,140,1,6,4,0,1,0,300,100,0,0,0.96,254.0667,80.6,,,1,
bid,C,250,350,,,10D_1 10D_2 9C_2 AC_1 AC_2 AH_1 AS_2 JC_2 JH_1 JS_1 KC_2 QS_1,10,4,5,3,0,0,0,300,-100,0,0,0.6933,40.4,123.3333,,,0,
bid,C,350,250,,,10C_2 10H_1 9C_1 9D_1 9S_2 AD_2 AH_2 JC_1 JS_2 KC_1 KS_2 QC_2,50,2,5,3,0,0,0,300,100,0,1,0.64,-15.1333,-60.9333,,,1,
fold,S,250,350,90,130,10D_2 10S_1 10S_2 9D_2 9H_2 9S_1 AS_1 AS_2 JH_2 KS_1 QC_1 QS_1,50,2,7,2,0,0,0,250,-100,0,0,0.42,,,-251.0667,-380.0,,0
bid,H,510,560,,,10H_1 10S_1 9C_2 9D_1 AC_2 AH_2 AS_1 JD_2 JH_1 KS_2 QC_2 QH_1,0,3,4,3,0,0,0,300,-50,0,0,0.7133,65.4,45.0,,,1,
bid,D,560,510,,,10C_1 10D_2 10H_2 10S_2 9D_2 9H_1 9H_2 JD_1 JS_1 KH_2 QC_1 QS_2,50,0,3,4,0,1,0,300,50,0,0,0.1667,-403.2667,-109.2667,,,0,
bid,C,510,560,,,10C_2 9C_1 9S_1 AC_1 AD_1 AH_1 JC_1 KC_1 KD_2 KH_1 KS_1 QH_2,110,3,5,3,0,0,1,300,-50,0,1,0.72,57.7333,108.8667,,,0,
fold,D,560,510,220,110,10C_1 10D_1 9S_2 AD_2 JC_2 JD_1 JH_2 KD_1 QD_1 QD_2 QS_1 QS_2,190,1,6,3,1,1,0,250,50,0,0,1.0,,,143.3333,-360.0,,0
bid,S,930,720,,,10S_2 9C_2 9D_1 AS_1 JC_2 JH_1 JS_2 KD_1 KD_2 KH_1 QD_1 QS_1,20,1,4,4,0,0,0,300,210,0,0,0.4467,-176.7333,18.2,,,0,
bid,S,720,930,,,10D_1 10D_2 10H_2 9H_1 9S_1 AC_2 AH_1 AS_2 JS_1 KC_2 QH_2 QS_2,10,3,4,4,0,0,0,300,-210,0,0,0.4,-182.3333,115.8667,,,0,
bid,H,930,720,,,10C_2 10H_1 10S_1 9S_2 AC_1 AD_1 AH_2 JD_2 JH_2 KH_2 KS_1 KS_2,0,3,4,4,0,0,0,300,210,0,1,0.6533,10.9333,102.8,,,0,
fold,C,720,930,240,30,10C_1 9C_1 9H_2 AC_2 JC_1 JD_1 KC_1 KC_2 QC_1 QC_2 QH_1 QS_2,240,1,8,2,1,1,0,250,-210,0,0,1.0,,,308.0,-280.0,,0
bid,S,0,0,,,10C_2 10H_2 9D_1 9D_2 9H_1 AH_2 AS_1 JC_2 JS_1 QC_2 QD_1 QH_2,0,2,2,4,0,0,0,300,0,0,0,0.0467,-448.1333,-13.6667,,,0,
bid,H,0,0,,,10C_1 10D_2 10S_2 9C_2 AS_2 KC_1 KC_2 KD_1 KH_1 KH_2 QH_1 QS_2,40,1,3,4,0,0,0,300,0,0,0,0.2933,-278.5333,97.8667,,,0,
bid,H,0,0,,,10D_1 10H_1 10S_1 9H_2 AC_1 AD_2 AH_1 JC_1 JH_1 JH_2 KS_1 QS_1,30,3,5,3,0,0,0,300,0,0,1,0.68,37.0667,23.7333,,,1,
fold,D,0,0,210,40,10D_2 9C_1 9S_2 AD_1 JD_1 JD_2 JS_2 KD_1 KD_2 QC_1 QD_2 QS_2,190,1,7,3,1,1,0,250,0,0,0,1.0,,,229.8667,-290.0,,0
bid,S,390,110,,,10D_2 9C_2 9D_1 AH_2 JS_2 KC_1 KC_2 KS_2 QD_1 QH_1 QS_1 QS_2,40,1,4,3,0,0,0,300,280,0,0,0.4133,-166.5333,67.3333,,,0,
bid,S,110,390,,,10C_1 10C_2 10S_1 9S_2 AD_1 AS_2 JC_1 JD_2 JH_2 KD_1 KD_2 QH_2,10,2,3,4,0,0,0,300,-280,0,0,0.1467,-354.4667,20.7333,,,0,
bid,D,390,110,,,10H_1 10S_2 9C_1 9D_2 AC_1 AC_2 AD_2 AH_1 AS_1 KH_2 KS_1 QC_2,110,5,2,4,0,0,1,300,280,0,1,0.78,16.2667,169.8667,,,0,
fold,S,110,390,80,140,10S_1 9H_1 9H_2 9S_1 AS_2 JC_2 JD_1 JD_2 JH_1 JS_1 QC_1 QD_2,50,1,4,3,0,0,1,250,-280,0,0,0.08,,,-480.2,-390.0,,1
bid,S,-140,530,,,10C_1 9C_2 AS_1 AS_2 JC_1 JH_1 JH_2 JS_1 KS_1 QC_2 QS_1 QS_2,40,2,6,4,0,0,0,300,-670,0,0,0.78,135.7333,84.9333,,,1,
bid,C,530,-140,,,10C_2 10H_2 10S_2 9H_2 9S_2 JC_2 JD_1 JD_2 KC_2 KD_2 QC_1 QH_2,40,0,4,3,0,0,0,300,670,0,0,0.4733,-167.2667,-40.2667,,,0,
bid,D,-140,530,,,10D_2 10H_1 9D_1 9H_1 AC_2 AD_1 JS_2 KD_1 KH_1 KS_2 QD_2 QH_1,70,2,5,4,0,0,0,300,-670,0,1,0.6733,-7.6,-65.2,,,1,
bid,S,530,-140,,,10D_1 10S_1 9C_1 9D_2 9S_1 AC_1 AD_2 AH_1 AH_2 KC_1 KH_2 QD_1,10,4,2,4,0,0,0,340,670,0,1,0.2867,-299.0667,97.9333,,,0,
bid,C,560,-470,,,10C_2 10D_1 10H_2 10S_1 9D_2 AC_2 AS_2 JC_1 JS_1 KH_1 QC_2 QD_1,0,2,4,3,0,0,0,300,1030,0,0,0.5733,-104.3333,-83.4667,,,0,
bid,D,-470,560,,,10H_1 9C_2 9H_1 9S_1 AC_1 AD_2 JD_1 KD_2 KH_2 KS_1 QD_2 QH_2,60,2,4,4,0,0,0,310,-1030,0,0,0.62,-59.8,36.6667,,,0,
bid,S,560,-470,,,10S_2 9C_1 9D_1 9H_2 AH_1 AS_1 JC_2 KC_1 KC_2 KS_2 QC_1 QS_1,60,2,4,5,0,0,0,310,1030,1,0,0.6,-71.0,68.6,,,0,
bid,D,-470,560,,,10C_1 10D_2 9S_2 AD_1 AH_2 JD_2 JH_1 JH_2 JS_2 KD_1 QH_1 QS_2,40,2,4,4,0,1,0,310,-1030,0,1,0.5933,-50.4,55.2667,,,0,
bid,C,560,-470,,,10C_2 10D_1 10H_2 10S_1 9D_2 AC_2 AS_2 JC_1 JS_1 KH_1 QC_2 QD_1,0,2,4,3,0,0,0,320,1030,0,1,0.3933,-211.2667,-37.0667,,,0,
bid,D,-470,560,,,10C_1 10D_2 9S_2 AD_1 AH_2 JD_2 JH_1 JH_2 JS_2 KD_1 QH_1 QS_2,40,2,4,4,0,1,0,330,-1030,0,1,0.6133,-41.1333,89.8,,,0,
fold,C,560,-470,200,90,10C_2 10S_2 9D_2 AC_2 AS_2 JC_1 JS_1 KC_2 KH_1 QC_2 QD_1 QS_1,150,2,5,4,1,0,0,320,1030,0,0,0.8267,,,62.2,-410.0,,0
bid,D,-290,920,,,10C_2 10S_1 9D_1 9S_2 AD_1 AS_1 JD_1 JH_2 KC_2 KD_2 QC_2 QD_2,70,2,5,3,0,0,0,300,-1210,0,0,0.7067,40.7333,-14.7333,,,1,
bid,H,920,-290,,,10S_2 9C_2 9H_2 AC_2 AH_1 JC_2 JH_1 KC_1 KH_2 KS_1 QH_2 QS_2,70,2,5,4,0,0,0,300,1210,0,0,0.7533,89.6,-18.1333,,,1,
bid,H,-290,920,,,10C_1 10D_1 10H_2 9D_2 9H_1 AD_2 AH_2 JC_1 JS_2 QC_1 QD_1 QS_1,10,2,3,4,0,0,0,310,-1210,0,1,0.14,-374.9333,27.0667,,,0,
bid,C,920,-290,,,10D_2 10H_1 9C_1 9S_1 AC_1 AS_2 JD_2 JS_1 KD_1 KH_1 KS_2 QH_1,30,2,2,4,0,0,0,310,1210,1,0,0.14,-393.7333,2.0667,,,0,
fold,H,920,-290,340,50,10D_2 10H_1 9C_2 9H_2 AH_1 JC_2 JD_2 JH_1 KH_2 KS_1 QH_2 QS_2,220,1,6,2,1,1,0,300,1210,0,0,1.0,,,337.0667,-350.0,,0
bid,S,0,0,,,10C_1 10S_1 10S_2 9C_2 9S_2 AS_1 JH_1 JS_1 KS_2 QC_1 QC_2 QH_2,10,1,6,4,0,0,0,300,0,0,0,0.58,-54.3333,-118.2667,,,1,
bid,H,0,0,,,10D_1 10D_2 10H_2 9H_1 AC_1 AH_2 JD_2 JH_2 KC_2 QD_2 QH_1 QS_1,50,2,5,4,0,1,0,340,0,0,0,0.6467,28.4667,148.0,,,0,
bid,D,0,0,,,10C_2 10H_1 9C_1 9D_1 9D_2 9S_1 AD_1 AD_2 JS_2 KD_1 KD_2 QD_1,60,2,7,2,0,0,0,350,0,1,0,0.3267,-235.0667,-24.8,,,0,
bid,S,0,0,,,9H_2 AC_2 AH_1 AS_2 JC_1 JC_2 JD_1 KC_1 KH_1 KH_2 KS_1 QS_2,80,3,3,4,0,1,0,350,0,1,0,0.56,-57.4667,245.3333,,,0,
bid,S,0,0,,,10C_1 10S_1 10S_2 9C_2 9S_2 AS_1 JH_1 JS_1 KS_2 QC_1 QC_2 QH_2,10,1,6,4,0,0,0,350,0,0,1,0.4533,-136.4667,-15.4667,,,0,
fold,H,0,0,320,20,10H_2 9H_1 AH_2 AS_2 JD_1 JD_2 JH_2 KC_2 QD_2 QH_1 QS_1 QS_2,310,2,5,3,0,1,0,340,0,0,0,1.0,,,333.8667,-360.0,,0
bid,C,510,80,,,10S_2 9C_1 9C_2 9D_2 9H_1 9S_1 JC_2 JD_2 KD_2 KS_2 QC_2 QH_1,20,0,4,3,0,0,0,300,430,0,0,0.1733,-363.5333,-137.6,,,0,
bid,H,80,510,,,10S_1 AH_2 AS_1 AS_2 JD_1 JH_2 KC_1 KC_2 KH_2 QC_1 QH_2 QS_1,100,3,4,4,0,1,0,300,-430,0,0,0.8533,182.8,265.8667,,,0,
bid,D,510,80,,,10C_1 10D_1 9H_2 9S_2 AC_1 AD_2 JC_1 JS_1 KD_1 KH_1 KS_1 QD_1,40,2,4,3,0,0,0,300,430,0,1,0.5533,-120.7333,-22.1333,,,0,
bid,C,80,510,,,10C_2 10D_2 10H_1 10H_2 9D_1 AC_2 AD_1 AH_1 JH_1 JS_2 QD_2 QS_2,0,3,2,4,0,0,0,310,-430,0,1,0.3,-281.0,32.4,,,0,
fold,D,510,80,180,90,10D_1 10S_2 9H_2 9S_2 AD_2 JC_1 JD_2 JS_1 KD_1 KD_2 KS_1 QD_1,150,1,6,4,1,0,0,300,430,0,0,0.7067,,,-38.1333,-390.0,,0
bid,C,290,820,,,10C_1 10D_2 9C_2 9D_1 9H_2 AC_1 AH_2 JC_1 JS_2 KS_1 QD_2 QS_1,30,2,4,3,0,0,0,300,-530,0,0,0.2667,-300.8,14.2,,,0,
bid,D,820,290,,,10S_2 AD_1 JC_2 JD_2 JH_1 JH_2 JS_1 KD_2 KS_2 QC_1 QC_2 QH_2,40,1,3,3,0,0,1,300,530,0,0,0.1533,-354.4667,74.0667,,,0,
bid,D,290,820,,,10D_1 10H_2 9D_2 9H_1 9S_1 9S_2 AC_2 AD_2 KC_2 KD_1 KH_1 QD_1,50,2,5,3,0,0,0,310,-530,0,1,0.6133,-75.2667,-56.2667,,,0,
bid,H,820,290,,,10C_2 10H_1 10S_1 9C_1 AH_1 AS_1 AS_2 JD_1 KC_1 KH_2 QH_1 QS_2,80,3,4,4,0,1,0,320,530,1,0,0.82,166.8667,161.5333,,,1,
bid,D,820,290,,,10S_2 AD_1 JC_2 JD_2 JH_1 JH_2 JS_1 KD_2 KS_2 QC_1 QC_2 QH_2,40,1,3,3,0,0,1,320,530,0,1,0.1067,-395.4,104.0667,,,0,
fold,D,290,820,60,100,10D_1 10D_2 9D_2 9H_1 9S_1 9S_2 AD_2 KD_1 KH_1 QD_1 QD_2 QS_1,50,1,7,3,0,0,0,310,-530,0,0,0.1067,,,-444.0,-410.0,,1
bid,H,920,-20,,,10D_1 10H_1 AC_2 AH_1 AS_2 JC_1 JH_1 KD_2 KH_1 KH_2 KS_1 QS_1,20,3,5,3,0,0,0,300,940,0,0,0.7533,120.6667,64.4,,,1,
bid,S,-20,920,,,9D_1 9D_2 9H_1 9S_1 AC_1 AS_1 JC_2 JS_1 JS_2 KS_2 QD_2 QS_2,50,2,6,3,0,0,0,300,-940,0,0,0.78,99.9333,-19.4667,,,1,
bid,D,920,-20,,,10C_2 10D_2 10H_2 10S_2 9C_2 9S_2 AD_1 AH_2 JD_2 KC_1 KD_1 QH_1,0,2,4,3,0,0,0,300,940,0,1,0.3667,-234.7333,-9.9333,,,0,
fold,C,-20,920,90,30,10C_1 9C_1 9H_2 AC_1 AS_1 JD_1 JH_2 KC_2 QC_1 QC_2 QD_1 QS_2,90,2,6,2,0,1,0,250,-940,0,0,0.4333,,,-147.5333,-280.0,,0
bid,C,0,0,,,10C_2 10D_1 10H_1 9C_1 9D_2 9H_1 AC_1 AC_2 AH_1 JD_1 KC_2 QC_1,50,3,6,3,0,0,0,300,0,0,0,0.9333,255.5333,9.0,,,1,
bid,D,0,0,,,10H_2 10S_2 9D_1 9S_2 AD_1 AD_2 JC_1 JS_1 KS_2 QC_2 QD_2 QH_2,10,2,4,4,0,0,0,340,0,0,0,0.06,-423.8667,38.3333,,,0,
bid,S,0,0,,,10C_1 10S_1 9C_2 9H_2 AS_1 JC_2 JD_2 JH_1 KD_2 KH_2 KS_1 QS_1,80,1,4,3,0,1,0,340,0,1,0,0.36,-260.2,98.5333,,,0,
bid,H,0,0,,,10D_2 9S_1 AH_2 AS_2 JH_2 JS_2 KC_1 KD_1 KH_1 QD_1 QH_1 QS_2,60,2,4,4,0,0,0,340,0,0,1,0.5133,-127.5333,126.4,,,0,
fold,C,0,0,100,40,10C_1 10C_2 9C_1 9D_2 9H_1 AC_1 AC_2 JD_1 JD_2 KC_2 QC_1 QS_1,90,2,7,3,0,1,0,330,0,0,0,0.16,,,-360.8,-370.0,,0
bid,D,100,-330,,,10S_1 10S_2 9D_2 9H_1 9S_2 AD_1 AD_2 JC_2 JD_1 JD_2 QC_1 QH_2,10,2,5,3,0,0,0,300,430,0,0,0.26,-265.8,124.8,,,0,
bid,H,-330,100,,,10C_1 10D_1 10H_1 9C_1 AH_1 AS_2 JH_2 KC_1 KD_2 KH_1 QD_2 QS_2,20,2,4,3,0,0,0,300,-430,0,0,0.64,-18.8667,4.0,,,0,
bid,D,100,-330,,,10C_2 10D_2 10H_2 9H_2 9S_1 AH_2 JS_1 KC_2 KD_1 KH_2 QC_2 QD_1,60,1,3,4,0,0,0,300,430,0,1,0.3267,-289.1333,-94.5333,,,0,
fold,S,-330,100,100,60,9D_1 AH_1 AS_1 AS_2 JC_1 JH_1 JS_2 KS_1 KS_2 QH_1 QS_1 QS_2,80,3,7,3,0,0,0,250,-430,0,0,0.5333,,,-92.8,-310.0,,0
bid,C,-70,250,,,10H_1 10S_2 9C_2 9H_2 9S_1 9S_2 AC_2 AS_2 JC_2 KC_1 QC_1 QD_2,50,2,5,4,0,0,0,300,-320,0,0,0.7733,74.0667,-117.9333,,,1,
bid,D,250,-70,,,10D_2 9C_1 AC_1 AD_1 AH_2 AS_1 JC_1 JD_2 JH_1 KC_2 KD_2 QS_1,140,4,4,4,0,1,1,310,320,0,0,0.9667,303.2,221.9333,,,1,
bid,H,-70,250,,,10C_1 10C_2 9D_1 AH_1 JH_2 JS_1 JS_2 KD_1 KH_1 KS_2 QH_2 QS_2,60,1,4,4,0,0,0,320,-320,1,0,0.42,-214.6667,98.4667,,,0,
bid,D,250,-70,,,10D_1 10H_2 10S_1 9D_2 9H_1 AD_2 JD_1 KH_2 KS_1 QC_2 QD_1 QH_1,30,1,5,4,0,0,0,320,320,1,0,0.4933,-122.0667,49.2667,,,0,
bid,C,-70,250,,,10H_1 10S_2 9C_2 9H_2 9S_1 9S_2 AC_2 AS_2 JC_2 KC_1 QC_1 QD_2,50,2,5,4,0,0,0,320,-320,0,1,0.6667,-4.6,16.6667,,,0,
fold,D,250,-70,190,70,10D_2 10S_1 AC_1 AD_1 AD_2 AH_2 AS_1 JD_1 JD_2 JH_1 KD_2 QS_1,140,5,6,3,0,1,1,310,320,0,0,1.0,,,267.8667,-380.0,,0
bid,H,670,20,,,10D_2 9C_1 9H_1 9S_2 AH_1 AH_2 AS_2 JD_1 JS_1 KS_1 KS_2 QC_2,10,3,3,5,0,0,0,300,650,0,0,0.1133,-378.5333,69.9333,,,0,
bid,C,20,670,,,10C_1 10D_1 10S_1 9D_1 AC_1 AD_1 JD_2 KC_2 KH_2 QC_1 QH_2 QS_1,100,2,4,4,0,1,0,300,-650,0,0,0.8733,162.1333,91.6667,,,1,
bid,S,670,20,,,10C_2 10H_2 10S_2 9D_2 9H_2 9S_1 AC_2 AS_1 JC_1 JH_2 KH_1 QD_1,10,2,3,4,0,0,0,340,650,0,1,0.06,-448.6667,-62.0,,,0,
bid,D,20,670,,,10H_1 9C_2 AD_2 JC_2 JH_1 JS_2 KC_1 KD_1 KD_2 QD_2 QH_1 QS_2,40,1,4,3,0,0,0,340,-650,1,0,0.3,-242.2,142.4667,,,0,
fold,C,20,670,130,10,10C_1 10H_1 9D_1 AC_1 JD_2 KC_1 KC_2 KH_2 QC_1 QH_2 QS_1 QS_2,100,1,5,3,0,1,0,330,-650,0,0,0.1,,,-384.4667,-340.0,,1
bid,C,-310,680,,,10H_2 9C_2 9S_2 AC_1 JC_1 JH_1 KC_2 KD_2 KS_2 QC_1 QD_2 QS_2,90,1,5,3,0,0,0,300,-990,0,0,0.6733,-18.2,40.4667,,,0,
bid,D,680,-310,,,10S_1 9D_1 9D_2 9H_2 AS_1 JD_1 JD_2 JS_2 KC_1 KD_1 QD_1 QH_2,60,1,6,3,0,0,0,300,990,0,0,0.6,9.0667,-56.4667,,,1,
bid,H,-310,680,,,10C_1 10C_2 10D_1 10D_2 AD_2 AH_2 AS_2 JC_2 JS_1 KH_2 QH_1 QS_1,40,3,3,3,0,0,0,310,-990,0,1,0.5667,-102.8,140.2,,,0,
bid,H,680,-310,,,10H_1 10S_2 9C_1 9H_1 9S_1 AC_2 AD_1 AH_1 JH_2 KH_1 KS_1 QC_2,10,3,5,3,0,0,0,310,990,1,0,0.6933,60.9333,-64.3333,,,1,
fold,D,680,-310,80,100,9D_1 9D_2 9H_2 AC_2 AD_1 AH_1 JD_1 JD_2 JS_2 KD_1 QD_1 QH_2,60,3,7,3,0,0,0,300,990,0,0,0.1667,,,-356.5333,-400.0,,0
bid,H,380,-160,,,10D_2 10H_1 9C_1 9H_2 AH_2 AS_1 JC_1 JH_1 KS_2 QD_2 QH_1 QS_2,30,2,5,3,0,0,0,300,540,0,0,0.5867,-49.9333,11.3333,,,0,
bid,D,-160,380,,,10C_2 10H_2 9C_2 9D_1 9S_1 AD_1 AD_2 JS_1 KC_2 KD_2 KH_1 QD_1,50,2,5,3,0,0,0,300,-540,0,0,0.2867,-303.2,30.9333,,,0,
bid,S,380,-160,,,9H_1 9S_2 AS_2 JC_2 JD_1 KC_1 KD_1 KH_2 KS_1 QC_1 QH_2 QS_1,210,1,4,3,0,1,1,300,540,0,1,0.56,-80.3333,91.0,,,0,
fold,H,-160,380,20,240,10C_1 10H_2 9D_2 AC_1 AC_2 AD_1 AH_1 JD_2 JH_2 JS_2 KH_1 QC_2,0,4,4,4,0,0,0,250,-540,0,0,0.04,,,-540.1333,-490.0,,1
bid,D,-410,620,,,10C_1 10D_1 10D_2 9H_1 AC_1 AC_2 AD_2 JC_2 JS_1 KD_1 QD_2 QS_1,40,3,5,4,0,0,0,300,-1030,0,0,0.7467,114.4667,65.1333,,,1,
bid,H,620,-410,,,10H_2 9C_1 9S_1 9S_2 AH_2 AS_2 JD_1 JH_1 JH_2 KH_1 QC_1 QS_2,40,2,5,4,0,1,0,340,1030,0,0,0.66,36.6,78.4667,,,0,
bid,H,-410,620,,,10C_2 10S_1 9D_1 9D_2 9H_2 AS_1 JC_1 KC_2 KD_2 KH_2 KS_2 QH_1,130,1,3,3,0,0,1,350,-1030,1,0,0.0867,-424.0,102.6,,,0,
bid,C,620,-410,,,10H_1 10S_2 9C_2 AD_1 AH_1 JD_2 JS_2 KC_1 KS_1 QC_2 QD_1 QH_2,50,2,3,3,0,0,0,350,1030,1,0,0.1933,-343.3333,185.8,,,0,
bid,D,-410,620,,,10C_1 10D_1 10D_2 9H_1 AC_1 AC_2 AD_2 JC_2 JS_1 KD_1 QD_2 QS_1,40,3,5,4,0,0,0,350,-1030,0,1,0.6267,36.9333,162.2667,,,0,
bid,H,620,-410,,,10H_2 9C_1 9S_1 9S_2 AH_2 AS_2 JD_1 JH_1 JH_2 KH_1 QC_1 QS_2,40,2,5,4,0,1,0,360,1030,0,1,0.6,-0.7333,161.9333,,,0,
fold,D,-410,620,100,60,10C_1 10D_1 10D_2 10S_1 9H_1 AC_1 AC_2 AD_2 AS_1 KD_1 KD_2 QD_2,40,4,6,3,0,0,0,350,-1030,0,0,0.1867,,,-323.2667,-410.0,,0
bid,S,740,-760,,,9D_1 AC_1 AH_1 AS_1 JD_1 JS_1 KC_2 KS_2 QD_1 QD_2 QH_1 QS_1,80,3,4,4,0,1,0,300,1500,0,0,0.8467,186.0667,144.2667,,,1,
bid,D,-760,740,,,10C_1 10D_2 10S_2 9D_2 9H_2 AC_2 AD_1 JH_2 KH_1 QC_1 QC_2 QS_2,10,2,3,4,0,0,0,300,-1500,0,0,0.1333,-358.9333,51.2667,,,0,
bid,H,740,-760,,,10C_2 10H_2 AD_2 AS_2 JC_2 JD_2 JH_1 JS_2 KD_1 KD_2 KH_2 QH_2,80,2,4,4,0,0,1,300,1500,0,1,0.5867,-50.2,48.2667,,,0,
fold,H,-760,740,60,140,10H_1 10S_2 9C_1 9C_2 9H_1 9S_1 9S_2 AH_2 JC_1 KH_1 KS_1 QS_2,30,1,4,5,0,0,0,250,-1500,0,0,0.1267,,,-436.1333,-390.0,,1
bid,S,0,0,,,10C_2 10D_1 10D_2 10S_1 9C_2 9S_1 AS_2 JD_2 JH_2 JS_2 KH_1 QS_2,50,1,5,3,0,1,0,300,0,0,0,0.6333,-19.7333,13.5333,,,0,
bid,H,0,0,,,10H_1 9C_1 9H_2 AC_1 AD_2 AH_1 JC_2 JD_1 JS_1 KC_1 QD_1 QH_1,10,3,4,4,0,0,0,300,0,0,0,0.5867,-34.8667,-44.1333,,,1,
bid,C,0,0,,,10C_1 10H_2 9H_1 AC_2 AD_1 JC_1 JH_1 KC_2 KD_2 KS_1 QD_2 QS_1,40,2,4,3,0,0,0,300,0,0,1,0.66,-17.6667,33.7333,,,0,
fold,H,0,0,70,90,10H_1 9D_1 9D_2 9S_2 AH_1 AH_2 AS_1 JD_1 KH_2 QC_1 QC_2 QH_2,40,3,5,3,0,0,0,250,0,0,0,0.2,,,-344.8667,-340.0,,1
bid,H,-250,180,,,10S_1 9C_2 9D_2 9H_2 9S_2 AH_1 JC_2 JS_2 KC_2 KD_1 KH_2 QS_1,10,1,3,4,0,0,0,300,-430,0,0,0.1667,-373.2667,-62.4,,,0,
bid,D,180,-250,,,10C_1 10D_1 10S_2 9D_1 AC_1 AD_1 AS_2 JC_1 JD_2 KS_1 KS_2 QH_2,10,3,4,4,0,0,0,300,430,0,0,0.4733,-113.2667,25.7333,,,0,
bid,C,-250,180,,,10H_1 10H_2 9C_1 9S_1 AC_2 AH_2 AS_1 KC_1 QC_2 QD_2 QH_1 QS_2,110,3,4,4,0,0,1,300,-430,0,1,0.8333,155.6667,123.5333,,,1,
fold,D,180,-250,180,90,10D_1 10D_2 9H_1 AD_1 AD_2 JD_1 JD_2 JH_1 JS_1 KD_2 QC_1 QD_1,150,2,8,2,1,0,0,250,430,0,0,1.0,,,162.0,-340.0,,0
bid,H,500,-50,,,10D_1 9C_1 9C_2 9D_2 9S_1 9S_2 AH_2 JD_2 KH_1 KH_2 QC_2 QH_1,40,1,4,3,0,0,0,300,550,0,0,0.4067,-205.3333,-69.4,,,0,
bid,D,-50,500,,,10C_2 10S_1 10S_2 9D_1 9H_2 AD_1 JD_1 JH_2 KD_2 QC_1 QD_2 QS_2,90,1,5,3,0,1,0,300,-550,0,0,0.7467,44.7333,-2.8667,,,1,
bid,H,500,-50,,,10C_1 10D_2 10H_2 AC_1 AH_1 AS_2 JS_1 JS_2 KC_1 KC_2 KS_2 QD_1,0,3,2,4,0,0,0,300,550,0,1,0.22,-323.3333,-24.8,,,0,
fold,S,-50,500,100,40,10C_2 9H_1 AC_2 AS_1 JC_1 JC_2 JD_1 JH_1 KS_1 QH_2 QS_1 QS_2,80,2,4,4,0,1,0,250,-550,0,0,0.56,,,-97.1333,-290.0,,0
bid,S,-300,680,,,10H_1 9C_2 9D_1 AD_2 AS_2 JC_2 JS_1 KC_2 KH_2 KS_2 QD_2 QS_1,40,2,4,3,0,0,0,300,-980,0,0,0.5533,-100.2,30.7333,,,0,
bid,H,680,-300,,,10C_1 10C_2 10D_2 10S_1 9C_1 AC_2 AH_1 AH_2 JD_1 JD_2 JH_2 KS_1,0,3,3,4,0,0,0,300,980,0,0,0.2467,-276.3333,266.0,,,0,
bid,H,-300,680,,,10D_1 10S_2 9S_2 AC_1 AD_1 JH_1 JS_2 KD_2 KH_1 QC_2 QH_1 QS_2,40,2,3,4,0,0,0,300,-980,0,1,0.46,-151.4667,108.0667,,,0,
fold,S,680,-300,50,70,10S_1 9D_2 9S_1 AS_1 JC_1 JD_1 JD_2 KC_1 KD_1 QC_1 QD_1 QH_2,50,1,3,5,0,0,0,250,980,0,0,0.0333,,,-427.2,-320.0,,1
bid,D,430,-230,,,10C_2 10D_1 10H_2 9D_1 9H_1 AD_2 JD_1 JH_2 KC_2 KD_1 QC_2 QH_1,30,1,5,4,0,0,0,300,660,0,0,0.4733,-148.4667,-21.4667,,,0,
bid,C,-230,430,,,9C_1 9C_2 9H_2 AC_1 AD_1 AH_2 AS_1 AS_2 JC_1 JC_2 KD_2 QD_2,140,5,5,3,0,0,1,300,-660,0,0,0.9733,253.5333,225.2667,,,1,
bid,H,430,-230,,,10C_1 10D_2 10H_1 10S_2 9S_1 AC_2 JS_1 JS_2 KC_1 KH_2 KS_2 QH_2,40,1,3,5,0,0,0,300,660,0,1,0.3467,-275.3333,-49.4667,,,0,
fold,S,-230,430,110,50,10S_1 9S_2 AD_1 AS_1 AS_2 JD_2 JH_1 KS_1 QC_1 QD_1 QS_1 QS_2,90,3,7,3,0,1,0,250,-660,0,0,0.5667,,,-60.7333,-300.0,,0
bid,D,80,530,,,10D_2 9S_1 AD_1 AH_2 JD_1 JH_1 JS_1 JS_2 KC_2 KS_1 KS_2 QD_1,0,2,4,5,0,0,0,300,-450,0,0,0.5,-112.7333,1.2,,,0,
bid,H,530,80,,,10H_1 10H_2 9C_1 9D_1 9H_1 9H_2 AC_2 JC_1 JD_2 KD_2 QC_2 QS_1,60,1,4,4,0,1,0,300,450,0,0,0.28,-291.1333,-24.7333,,,0,
bid,C,80,530,,,10C_1 10C_2 10D_1 10S_1 9C_2 9D_2 AC_1 AS_1 AS_2 QC_1 QD_2 QH_2,10,3,5,3,0,0,0,300,-450,0,1,0.6,-22.4,92.3333,,,0,
bid,H,530,80,,,10S_2 9S_2 AD_2 AH_1 JC_2 JH_2 KC_1 KD_1 KH_1 KH_2 QH_1 QS_2,40,2,5,3,0,0,0,310,450,0,1,0.74,69.5333,20.6667,,,1,
bid,C,80,530,,,10C_1 10C_2 10D_1 10S_1 9C_2 9D_2 AC_1 AS_1 AS_2 QC_1 QD_2 QH_2,10,3,5,3,0,0,0,320,-450,0,1,0.4933,-96.0,91.2,,,0,
fold,H,530,80,120,0,9S_2 AH_1 JC_2 JD_2 JH_2 KD_1 KD_2 KH_1 KH_2 QH_1 QS_1 QS_2,80,1,5,3,0,1,0,310,450,0,0,0.14,,,-333.4,-310.0,,1
bid,C,220,80,,,10C_2 10H_1 9C_1 AC_1 AC_2 JD_1 JH_2 JS_1 KC_2 KD_1 QC_1 QD_1,70,2,6,3,0,0,0,300,140,0,0,0.7267,76.2667,13.4667,,,1,
bid,S,80,220,,,10H_2 10S_1 9C_2 9D_2 9S_1 9S_2 AD_1 AS_1 JC_1 KD_2 QC_2 QS_2,20,2,5,3,0,0,0,340,-140,0,0,0.1667,-331.8,39.1333,,,0,
bid,H,220,80,,,10D_1 10D_2 9H_1 9H_2 AH_2 AS_2 JD_2 KH_1 KH_2 QD_2 QH_1 QH_2,100,2,7,4,0,0,0,340,140,1,0,0.86,249.1333,-37.6667,,,1,
bid,S,80,220,,,10C_1 10S_2 9D_1 AD_2 AH_1 JC_2 JH_1 JS_2 KC_1 KS_1 KS_2 QS_1,40,2,5,3,0,0,0,340,-140,0,1,0.54,-71.4,55.6667,,,0,
fold,C,220,80,110,30,10C_2 9C_1 AC_1 AC_2 AH_2 AS_2 JD_2 JH_2 KC_2 KD_1 QC_1 QD_1,70,4,6,3,0,0,0,330,140,0,0,0.1667,,,-331.6,-360.0,,0
bid,C,190,-110,,,10C_1 9C_2 9H_1 AC_2 AD_1 JC_2 JH_1 KC_1 KD_2 KS_1 KS_2 QH_1,10,2,5,3,0,0,0,300,300,0,0,0.56,-88.4667,-18.8667,,,0,
bid,D,-110,190,,,10D_2 9D_1 9H_2 9S_1 AC_1 AH_1 JC_1 JD_2 JS_1 KH_2 QC_1 QS_1,50,2,3,3,0,1,0,300,-300,0,0,0.2467,-324.6,27.4,,,0,
bid,D,190,-110,,,10D_1 9C_1 9D_2 9S_2 AD_2 AH_2 JD_1 JH_2 JS_2 KC_2 QD_2 QH_2,10,2,5,3,0,0,0,300,300,0,1,0.5667,-89.4667,-14.8,,,0,
fold,D,-110,190,90,10,10S_1 10S_2 AC_1 AS_1 AS_2 JD_2 KD_1 KH_1 QC_2 QD_1 QS_1 QS_2,80,3,3,6,0,1,0,250,-300,0,0,0.2467,,,-249.6,-260.0,,0
bid,S,-360,370,,,10S_1 9C_2 9D_1 AD_2 AS_1 KS_1 QC_1 QD_1 QD_2 QH_1 QS_1 QS_2,100,2,5,4,0,0,1,300,-730,0,0,0.82,158.2667,154.4667,,,1,
bid,C,370,-360,,,10D_2 10H_1 9H_2 AC_1 AC_2 JH_2 JS_1 JS_2 KC_1 KD_2 KS_2 QH_2,0,2,3,4,0,0,0,300,730,0,0,0.12,-402.8,10.6,,,0,
bid,C,-360,370,,,10C_1 10D_1 10S_2 9S_1 9S_2 AD_1 AH_1 AH_2 JC_1 KC_2 KD_1 QC_2,40,3,4,3,0,0,0,300,-730,0,1,0.5667,-53.3333,41.1333,,,0,
fold,S,370,-360,60,140,9C_1 9D_2 9H_1 AS_2 JC_2 JD_1 JD_2 JH_1 JS_1 JS_2 KH_2 KS_2,40,1,4,3,0,0,1,250,730,0,0,0.0533,,,-484.6667,-390.0,,1
bid,D,120,-220,,,10D_1 9C_1 9C_2 JD_1 KC_1 KC_2 KD_1 KH_2 QC_1 QD_2 QH_2 QS_1,180,0,4,5,0,1,1,300,340,0,0,0.56,-83.0667,100.1333,,,0,
bid,C,-220,120,,,10C_1 10H_2 9H_1 AC_1 AD_2 AS_2 JC_1 JS_2 KH_1 QC_2 QD_1 QH_1,20,3,4,4,0,0,0,300,-340,0,0,0.7133,34.0667,61.9333,,,0,
bid,S,120,-220,,,10C_2 10D_2 10H_1 10S_2 9D_1 9H_2 9S_1 9S_2 JC_2 JH_1 JH_2 KD_2,20,0,3,4,0,0,0,300,340,0,1,0.0133,-513.3333,-241.0,,,0,
fold,S,-220,120,310,180,10S_1 AC_2 AD_1 AD_2 AH_2 AS_1 AS_2 JD_2 JS_1 JS_2 KS_1 QS_2,290,6,7,3,1,1,1,250,-340,0,0,1.0,,,355.8667,-430.0,,0
bid,C,310,330,,,10D_1 10H_2 9S_1 9S_2 AC_1 AD_1 AD_2 AH_1 AH_2 JC_2 KD_1 QS_2,0,5,2,4,0,0,0,300,-20,0,0,0.4867,-129.4667,151.0667,,,0,
bid,C,330,310,,,10C_2 10S_1 9D_2 AC_2 AS_2 JC_1 JD_2 JS_1 JS_2 KC_2 QD_1 QD_2,0,2,4,4,0,0,0,300,20,0,0,0.5733,-51.6667,2.6667,,,0,
bid,H,310,330,,,10C_1 10H_1 9C_2 9H_2 JH_1 JH_2 KC_1 KD_2 KH_1 KH_2 QC_2 QH_2,70,0,7,4,0,0,0,300,-20,0,1,0.7733,101.8,-143.5333,,,1,
bid,S,330,310,,,10D_2 10S_2 9C_1 9D_1 9H_1 AS_1 JD_1 KS_1 KS_2 QC_1 QH_1 QS_1,80,1,5,3,0,1,0,310,20,0,1,0.74,78.0667,13.4,,,1,
bid,H,310,330,,,10C_1 10H_1 9C_2 9H_2 JH_1 JH_2 KC_1 KD_2 KH_1 KH_2 QC_2 QH_2,70,0,7,4,0,0,0,320,-20,0,1,0.6933,61.6667,-91.0,,,1,
bid,S,330,310,,,10D_2 10S_2 9C_1 9D_1 9H_1 AS_1 JD_1 KS_1 KS_2 QC_1 QH_1 QS_1,80,1,5,3,0,1,0,330,20,0,1,0.6933,31.3333,88.9333,,,0,
fold,H,310,330,180,70,10H_1 9H_2 AH_1 AH_2 JH_1 JH_2 KC_1 KH_1 KH_2 QC_2 QH_2 QS_2,180,2,9,2,1,0,0,320,-20,0,0,1.0,,,215.8667,-390.0,,0
bid,H,430,710,,,10C_2 10H_1 10S_1 10S_2 9H_2 AC_1 AH_1 AH_2 AS_1 AS_2 KS_2 QD_1,10,5,4,5,0,0,0,300,-280,0,0,0.76,97.0667,28.8,,,1,
bid,S,710,430,,,10C_1 10H_2 9C_1 9C_2 9H_1 JD_2 JH_2 KD_1 KS_1 QC_2 QS_1 QS_2,80,0,3,4,0,1,0,300,280,0,0,0.5733,-74.4,-36.5333,,,0,
bid,D,430,710,,,10D_2 9D_1 9S_2 AD_1 JC_2 JH_1 JS_1 JS_2 KC_1 KD_2 KH_1 QD_2,50,1,5,3,0,0,0,300,-280,0,1,0.6,-87.0667,-131.4,,,1,
fold,C,710,430,180,20,10H_2 9D_2 9S_1 AC_2 JC_1 JD_2 KC_2 KH_2 QC_1 QH_1 QH_2 QS_1,100,1,4,4,0,1,0,250,280,0,0,0.9733,,,167.4667,-270.0,,0
bid,C,0,0,,,10D_1 9D_1 9S_1 AC_1 AD_1 JH_1 JS_1 KC_2 KS_1 QC_1 QH_2 QS_2,60,2,3,4,0,0,0,300,0,0,0,0.4867,-146.5333,67.8,,,0,
bid,S,0,0,,,10C_2 10H_1 10H_2 10S_1 9C_1 9C_2 AS_2 JD_1 KD_1 KH_2 QD_2 QH_1,40,1,2,4,0,0,0,300,0,0,0,0.0733,-455.3333,-13.0,,,0,
bid,S,0,0,,,10C_1 10D_2 10S_2 9H_1 AD_2 AH_2 AS_1 JC_2 JS_2 QC_2 QD_1 QS_1,0,3,4,3,0,0,0,300,0,0,1,0.5467,-78.6667,60.6667,,,0,
fold,H,0,0,150,50,10H_1 10H_2 9H_2 9S_2 AH_1 JC_1 JD_1 JH_2 KC_1 KD_2 KH_1 KS_2,90,1,6,2,0,0,1,250,0,0,0,0.7267,,,-16.4667,-300.0,,0
bid,S,300,150,,,9C_1 9D_2 9S_2 AS_2 JC_1 JC_2 JH_2 JS_1 JS_2 KH_2 QH_1 QS_2,30,1,5,3,0,0,0,300,150,0,0,0.2867,-277.7333,-84.8,,,0,
bid,H,150,300,,,10S_2 9D_1 9H_1 AC_1 AC_2 JH_1 KD_1 KD_2 KH_1 KS_1 QC_1 QH_2,50,2,4,3,0,0,0,300,-150,0,0,0.38,-213.5333,101.9333,,,0,
bid,D,300,150,,,10C_1 10D_1 10D_2 10H_1 10H_2 9S_1 AD_2 AH_2 AS_1 JD_1 JD_2 QS_1,40,3,5,3,0,1,0,300,150,0,1,0.8533,203.4,87.2667,,,1,
fold,C,150,300,110,70,10C_2 9C_2 9H_2 AC_1 AC_2 AD_1 KC_1 KC_2 QC_1 QC_2 QD_1 QD_2,90,3,8,3,0,0,0,250,-150,0,0,1.0,,,185.3333,-320.0,,0
bid,C,480,400,,,10D_1 10H_2 10S_1 10S_2 9C_2 AC_2 AD_1 JC_1 JC_2 KC_1 KD_1 QS_2,10,2,5,3,0,0,0,300,80,0,0,0.5267,-95.2,45.2,,,0,
bid,H,400,480,,,10C_1 10D_2 10H_1 9D_1 9D_2 AH_2 JS_1 KH_1 KH_2 QC_1 QD_2 QH_2,40,1,5,4,0,0,0,300,-80,0,0,0.6,-73.6,-119.8,,,1,
bid,S,480,400,,,10C_2 9C_1 9H_2 9S_1 9S_2 JD_2 JH_1 KD_2 KS_2 QC_2 QD_1 QS_1,120,0,4,3,0,1,0,300,80,0,1,0.4,-209.1333,-96.7333,,,0,
fold,D,400,480,160,100,10D_2 9H_1 AC_1 AD_2 AH_1 AH_2 AS_1 JD_1 JH_2 JS_2 QD_2 QH_1,100,5,4,5,0,0,1,250,-80,0,0,1.0,,,179.3333,-350.0,,0
bid,H,730,660,,,9C_1 9H_1 9S_1 JC_1 JD_1 JS_1 JS_2 KC_2 KD_1 KD_2 KH_2 QH_2,50,0,3,3,0,0,0,300,70,0,0,0.2267,-359.5333,-30.2667,,,0,
bid,H,660,730,,,10C_1 10H_2 9D_2 9H_2 AH_1 JH_1 KC_1 KH_1 KS_2 QC_1 QD_1 QS_2,50,1,5,3,0,0,0,300,-70,0,0,0.5867,-56.6,20.6,,,0,
bid,S,730,660,,,10C_2 10D_2 10S_2 9C_2 AD_2 AS_1 JC_2 JD_2 KS_1 QD_2 QH_1 QS_1,80,2,4,4,0,1,0,300,70,0,1,0.7533,93.8667,29.1333,,,1,
fold,S,660,730,170,110,10S_1 9D_1 9S_2 AC_1 AD_1 AH_1 AH_2 AS_2 JH_2 KS_2 QC_2 QS_2,150,5,5,3,0,0,1,250,-70,0,0,1.0,,,189.3333,-360.0,,0
bid,C,990,930,,,10C_2 9D_1 9D_2 9H_2 AC_1 AC_2 JD_1 JD_2 JH_1 JS_1 KD_2 QS_2,40,2,3,5,0,1,0,300,60,0,0,0.3933,-202.6667,95.2,,,0,
bid,H,930,990,,,10D_1 10H_1 10S_1 9C_2 AD_1 AD_2 AH_2 AS_2 KH_1 QD_1 QH_1 QH_2,40,4,5,4,0,0,0,300,-60,0,0,0.9533,298.5333,77.6,,,1,
bid,S,990,930,,,10D_2 10S_2 9C_1 9S_1 9S_2 AH_1 KC_1 KH_2 KS_1 QC_1 QD_2 QS_1,80,1,5,3,0,0,0,340,60,0,1,0.2067,-343.5333,105.0,,,0,
bid,C,930,990,,,10C_1 10H_2 9H_1 AS_1 JC_1 JC_2 JH_2 JS_2 KC_2 KD_1 KS_2 QC_2,40,1,5,3,0,0,0,340,-60,1,0,0.42,-201.3333,-8.6667,,,0,
fold,H,930,990,180,90,10C_1 10D_1 10H_1 10H_2 AD_1 AD_2 AH_2 JH_2 KH_1 QD_1 QH_1 QH_2,150,3,7,4,1,0,0,330,-60,0,0,0.9867,,,255.0,-420.0,,0
bid,S,0,0,,,10D_1 10S_1 9H_1 9S_2 AD_2 AS_1 JH_2 KD_1 KH_1 KS_2 QD_2 QS_2,70,2,5,4,0,0,0,300,0,0,0,0.8267,141.3333,-18.9333,,,1,
bid,C,0,0,,,10C_2 9C_1 9C_2 9H_2 AC_1 AC_2 JC_1 JC_2 JD_2 JS_1 JS_2 QS_1,60,2,7,3,0,1,0,340,0,0,0,0.4933,-58.7333,75.6667,,,0,
bid,H,0,0,,,10C_1 10D_2 10H_1 AD_1 AH_2 JD_1 KC_2 KD_2 KH_2 KS_1 QC_2 QH_2,140,2,4,4,0,0,1,340,0,1,0,0.66,1.6667,249.2,,,0,
bid,H,0,0,,,10H_2 10S_2 9D_1 9D_2 9S_1 AH_1 AS_2 JH_1 KC_1 QC_1 QD_1 QH_1,20,2,4,3,0,0,0,340,0,0,1,0.44,-172.2,-6.5333,,,0,
fold,S,0,0,150,70,10C_1 10S_1 9H_1 9S_2 AS_1 JD_1 JH_2 KD_1 KS_1 KS_2 QD_2 QS_2,110,1,6,3,0,1,0,330,0,0,0,0.2467,,,-335.9333,-400.0,,0
bid,H,180,-330,,,10H_1 10S_1 9C_1 9H_2 9S_1 JD_1 KC_1 KD_2 KH_1 QD_1 QH_2 QS_2,110,0,4,3,0,1,0,300,510,0,0,0.54,-102.6,13.2667,,,0,
bid,D,-330,180,,,10C_1 10C_2 10D_1 9S_2 AH_2 AS_2 JC_1 JH_2 JS_1 KD_1 KS_1 QD_2,40,2,3,4,0,0,0,310,-510,0,0,0.2867,-318.0,-1.5333,,,0,
bid,C,180,-330,,,10H_2 10S_2 9C_2 9H_1 AC_1 AS_1 JC_2 JD_2 KC_2 KS_2 QC_2 QH_1,50,2,5,3,0,0,0,310,510,1,0,0.72,51.1333,52.2,,,0,
bid,D,-330,180,,,10D_2 9D_1 9D_2 AC_2 AD_1 AD_2 AH_1 JH_1 JS_2 KH_2 QC_1 QS_1,20,4,5,3,0,0,0,310,-510,0,1,0.4467,-116.0667,157.7333,,,0,
fold,H,180,-330,140,20,10H_1 10H_2 9C_1 9H_2 JD_1 JD_2 KD_2 KH_1 QD_1 QH_1 QH_2 QS_2,110,0,6,4,0,1,0,300,510,0,0,0.3467,,,-213.8,-320.0,,0
bid,H,-220,480,,,10C_1 10D_1 10D_2 10H_2 9C_1 9H_1 AH_2 KC_1 KD_1 KD_2 KH_1 QS_2,10,1,4,4,0,0,0,300,-700,0,0,0.3733,-207.6667,50.0,,,0,
bid,H,480,-220,,,10C_2 AD_2 AH_1 AS_1 JC_1 JD_2 JH_1 KC_2 KH_2 QD_1 QD_2 QH_1,40,3,4,4,0,0,0,300,700,0,0,0.8667,174.9333,42.8667,,,1,
bid,C,-220,480,,,10S_1 9C_2 9D_1 9D_2 9S_1 AC_1 AC_2 JD_1 JS_1 KS_2 QC_1 QC_2,10,2,5,4,0,0,0,300,-700,0,1,0.2533,-275.1333,-19.5333,,,0,
fold,S,480,-220,260,10,10S_2 9H_2 9S_2 AH_1 AS_1 AS_2 JC_2 JD_2 JH_2 JS_2 KS_1 QS_1,240,3,7,3,1,1,1,250,700,0,0,1.0,,,336.5333,-260.0,,0
bid,C,910,-130,,,10C_1 10C_2 10H_1 9C_1 9S_1 AH_1 AS_1 JD_1 KC_1 KS_1 QC_2 QD_1,50,2,5,3,0,0,0,300,1040,0,0,0.6533,27.0667,85.8,,,0,
bid,C,-130,910,,,10D_2 10S_1 9S_2 AD_1 AH_2 JC_2 JH_2 JS_2 KD_1 KD_2 KH_2 QS_1,0,2,1,4,0,0,0,300,-1040,0,0,0.0933,-432.3333,1.7333,,,0,
bid,C,910,-130,,,10S_2 9D_2 9H_1 AD_2 AS_2 JC_1 JH_1 KC_2 KH_1 QC_1 QD_2 QS_2,40,2,3,3,0,0,0,300,1040,0,1,0.4667,-163.3333,63.2667,,,0,
fold,C,-130,910,50,90,9C_2 9D_1 9H_2 AC_1 AC_2 AH_2 JC_2 JD_2 JS_1 QH_1 QH_2 QS_1,50,3,4,4,0,1,0,250,-1040,0,0,0.0933,,,-398.6667,-340.0,,1
bid,S,0,0,,,10S_1 10S_2 9C_2 9D_1 9S_1 AS_1 JC_1 JH_2 KC_1 KH_1 QD_2 QH_2,30,1,4,3,0,0,0,300,0,0,0,0.0733,-443.8,-125.8667,,,0,
bid,C,0,0,,,10C_1 10C_2 9H_1 AC_2 AD_1 AD_2 AS_2 JC_2 JD_1 KC_2 QC_1 QS_2,190,4,6,3,1,1,0,300,0,0,0,1.0,451.4667,85.2667,,,1,
bid,D,0,0,,,10D_1 10H_1 10H_2 9C_1 9H_2 JD_2 JS_2 KD_1 KS_2 QC_2 QD_1 QH_1,40,0,4,4,0,0,0,340,0,0,1,0.3467,-273.0,58.0,,,0,
bid,S,0,0,,,10D_2 9D_2 9S_2 AC_1 AH_1 AH_2 JH_1 JS_1 KD_2 KH_2 KS_1 QS_1,50,3,4,4,0,0,0,340,0,1,0,0.42,-159.2,146.6667,,,0,
fold,C,0,0,190,60,10C_1 10C_2 9H_1 AC_1 AC_2 AH_2 JC_2 JD_1 KC_2 QC_1 QS_1 QS_2,190,3,7,2,1,1,0,330,0,0,0,0.58,,,-45.0,-390.0,,0
bid,D,420,80,,,10S_2 9D_1 9H_1 9S_2 AC_1 AD_1 AH_1 JC_2 KC_1 KC_2 KD_1 QD_1,50,3,4,4,0,0,0,300,340,0,0,0.4667,-170.1333,-36.7333,,,0,
bid,C,80,420,,,10C_2 9C_1 9C_2 9S_1 JC_1 JD_1 JH_1 JH_2 JS_2 KH_1 QC_1 QD_2,60,0,5,3,0,0,1,300,-340,0,0,0.3067,-263.8,-74.6,,,0,
bid,S,420,80,,,10D_1 10D_2 10H_1 10H_2 9D_2 9H_2 AD_2 AS_2 KS_1 QC_2 QH_2 QS_1,40,2,3,4,0,0,0,300,340,0,1,0.4333,-197.0,98.8,,,0,
fold,S,80,420,240,70,10C_2 10S_1 AH_2 AS_1 JD_1 JD_2 JS_1 JS_2 KH_2 KS_2 QH_1 QS_2,210,2,6,3,1,1,0,250,-340,0,0,1.0,,,224.4,-320.0,,0
bid,C,430,630,,,10H_1 9C_1 9D_1 9S_1 AD_1 JS_1 KC_1 KC_2 KS_2 QC_2 QD_1 QD_2,50,1,4,4,0,0,0,300,-200,0,0,0.24,-320.5333,-12.3333,,,0,
bid,H,630,430,,,10D_1 9C_2 9D_2 AH_1 JD_1 JH_1 JH_2 KD_1 KH_2 QC_1 QH_2 QS_2,80,1,5,4,0,1,0,300,200,0,0,0.74,54.3333,-56.9333,,,1,
bid,S,430,630,,,10D_2 10S_1 10S_2 9H_1 9S_2 AS_1 AS_2 JC_2 JD_2 JS_2 KD_2 KS_1,10,2,7,3,0,0,0,300,-200,0,1,0.6067,6.3333,-82.9333,,,1,
bid,H,630,430,,,10C_1 10C_2 10H_2 9H_2 AC_1 AC_2 AD_2 AH_2 JC_1 KH_1 QH_1 QS_1,50,4,5,5,0,0,0,340,200,0,1,0.8867,270.1333,171.0,,,1,
bid,S,430,630,,,10D_2 10S_1 10S_2 9H_1 9S_2 AS_1 AS_2 JC_2 JD_2 JS_2 KD_2 KS_1,10,2,7,3,0,0,0,350,-200,0,1,0.5467,-54.6,19.5333,,,0,
fold,H,630,430,130,30,10C_1 10C_2 10H_2 9H_2 AC_1 AC_2 AH_1 AH_2 JD_1 KH_1 QH_1 QS_2,90,4,6,4,0,1,0,340,200,0,0,0.4067,,,-132.6667,-370.0,,0
bid,C,990,480,,,10H_2 9C_1 9D_1 9H_1 9S_1 AC_2 JC_2 JH_1 JS_1 KC_2 KS_2 QC_2,50,1,5,3,0,0,0,300,510,0,0,0.5467,-127.3333,-180.4,,,1,
bid,D,480,990,,,10C_1 9C_2 9S_2 AD_1 AH_1 JC_1 KD_1 KD_2 KH_2 QD_1 QS_1 QS_2,40,2,4,3,0,0,0,310,-510,0,0,0.4667,-113.9333,173.6,,,0,
bid,S,990,480,,,10D_2 10H_1 10S_2 9D_2 9H_2 AH_2 AS_2 JD_2 JS_2 KC_1 KS_1 QC_1,20,2,4,3,0,0,0,310,510,1,0,0.5933,-43.0,24.2667,,,0,
bid,D,480,990,,,10C_2 10D_1 10S_1 AC_1 AD_2 AS_1 JD_1 JH_2 KH_1 QD_2 QH_1 QH_2,20,3,4,4,0,0,0,310,-510,0,1,0.5,-122.8,84.6,,,0,
fold,C,990,480,90,50,9C_1 9D_1 9H_1 9S_1 AC_2 JC_2 JD_2 JH_1 KC_1 KC_2 QC_1 QC_2,90,1,7,2,0,0,0,300,510,0,0,0.1867,,,-321.2667,-350.0,,0
bid,D,530,690,,,10C_1 10H_2 9D_2 AC_1 AD_2 AS_2 JD_1 JS_2 KC_2 KD_2 QD_2 QS_2,90,3,5,3,0,1,0,300,-160,0,0,0.9467,276.4667,53.3333,,,1,
bid,C,690,530,,,10D_2 10H_1 9C_2 9H_1 AC_2 AH_1 AS_1 JC_1 JC_2 KS_2 QC_1 QH_2,10,3,5,4,0,0,0,340,160,0,0,0.5867,-27.4,42.5333,,,0,
bid,H,530,690,,,10D_1 10S_1 9C_1 9H_2 9S_1 9S_2 AH_2 JD_2 KC_1 KH_1 QC_2 QH_1,70,1,4,3,0,0,0,340,-160,1,0,0.3,-299.7333,50.4,,,0,
bid,S,690,530,,,10C_2 10S_2 9D_1 AD_1 JH_1 JH_2 JS_1 KD_1 KH_2 KS_1 QD_1 QS_1,60,1,4,4,0,0,0,340,160,0,1,0.5,-135.9333,45.9333,,,0,
fold,D,530,690,240,70,10D_1 10S_1 9D_2 AD_2 AS_2 JD_1 JD_2 JS_2 KC_2 KD_2 QD_2 QS_2,200,2,7,4,1,1,0,330,-160,0,0,1.0,,,277.3333,-400.0,,0
bid,H,890,890,,,10D_2 9C_1 9H_2 AH_1 AH_2 JC_2 JD_2 KC_1 KD_1 KS_2 QH_1 QS_2,70,2,4,3,0,1,0,300,0,0,0,0.3867,-201.3333,217.2,,,0,
bid,S,890,890,,,10C_2 10S_2 9S_2 AC_2 JD_1 JH_2 JS_1 JS_2 KH_2 QC_2 QD_1 QS_1,50,1,5,3,0,1,0,300,0,0,0,0.44,-139.9333,32.1333,,,0,
bid,C,890,890,,,10C_1 10S_1 9C_2 9S_1 AC_1 AD_2 AS_1 KC_2 KD_2 QC_1 QD_2 QH_2,70,3,5,3,0,0,0,300,0,0,1,0.9067,210.4667,-2.6,,,1,
bid,D,890,890,,,10D_1 10H_1 10H_2 9D_1 9D_2 9H_1 AD_1 AS_2 JC_1 JH_1 KH_1 KS_1,20,2,4,5,0,0,0,340,0,0,1,0.0467,-443.3333,-48.1333,,,0,
fold,C,890,890,180,40,10C_1 9C_2 9S_1 AC_1 JD_2 KC_1 KC_2 KD_2 QC_1 QD_2 QH_2 QS_2,170,1,6,3,0,1,1,330,0,0,0,0.4267,,,-178.2667,-370.0,,0
bid,S,0,0,,,10C_1 10H_1 10H_2 9C_1 AD_1 AS_2 JC_2 KS_1 KS_2 QC_2 QH_2 QS_2,40,2,4,4,0,0,0,300,0,0,0,0.4067,-194.3333,104.0667,,,0,
bid,D,0,0,,,9S_2 AC_2 AD_2 AH_2 AS_1 JD_2 JS_1 JS_2 KD_1 QC_1 QD_1 QD_2,140,4,5,4,0,0,1,300,0,0,0,1.0,346.6,214.2667,,,1,
bid,D,0,0,,,10D_1 10D_2 10S_2 9D_1 9D_2 AH_1 JD_1 KC_1 KC_2 KD_2 KH_2 QS_1,60,1,6,2,0,1,0,340,0,0,1,0.36,-181.3333,82.1333,,,0,
bid,H,0,0,,,10C_2 10S_1 9C_2 9H_1 9H_2 9S_1 AC_1 JC_1 JH_1 JH_2 KH_1 QH_1,60,1,6,4,0,0,0,340,0,1,0,0.4,-164.1333,-38.6667,,,0,
fold,D,0,0,160,80,10C_2 10S_1 AC_1 AC_2 AD_2 AH_2 AS_1 JD_2 KD_1 QC_1 QD_1 QD_2,140,5,5,4,0,0,1,330,0,0,0,0.9267,,,189.0667,-410.0,,0
bid,H,-330,170,,,10D_1 10S_1 9D_1 9S_2 AH_1 AH_2 JH_1 JH_2 JS_1 JS_2 KD_2 QC_1,0,2,4,4,0,0,0,300,-500,0,0,0.1667,-362.4667,-5.9333,,,0,
bid,C,170,-330,,,10C_1 10C_2 10D_2 10S_2 9C_1 9H_2 AC_2 JD_1 KH_2 QH_1 QH_2 QS_2,70,1,4,4,0,1,0,300,500,0,0,0.26,-307.6667,29.4,,,0,
bid,S,-330,170,,,10H_1 9C_2 9H_1 9S_1 AD_1 AS_2 KC_1 KC_2 KD_1 KS_2 QC_2 QS_1,70,2,4,4,0,0,0,300,-500,0,1,0.4533,-167.0,60.8,,,0,
fold,C,170,-330,90,70,10S_2 9D_2 AC_1 AD_2 AS_1 JC_1 JC_2 JD_1 JD_2 QD_1 QD_2 QS_2,40,3,3,6,0,1,0,250,500,0,0,0.5067,,,-152.4,-320.0,,0
bid,C,430,-180,,,10D_2 9C_1 9D_1 9D_2 JD_1 KC_2 KD_2 KH_1 QC_1 QC_2 QH_2 QS_2,110,0,4,5,0,1,0,300,610,0,0,0.56,-100.0667,13.1333,,,0,
bid,S,-180,430,,,10C_2 10D_1 10H_2 10S_2 9H_1 9S_1 AC_1 AS_1 AS_2 KC_1 KH_2 QH_1,30,3,4,4,0,0,0,300,-610,0,0,0.1933,-355.4,109.6667,,,0,
bid,S,430,-180,,,9C_2 9S_2 AC_2 JC_2 JH_1 JH_2 JS_1 JS_2 KS_1 KS_2 QD_1 QS_1,50,1,6,3,0,0,0,300,610,0,1,0.6667,10.8,-44.3333,,,1,
fold,D,-180,430,270,120,10D_1 10H_1 9H_2 AC_1 AD_1 AD_2 AH_1 AH_2 AS_1 JD_2 KD_1 QD_2,250,6,6,4,1,0,1,250,-610,0,0,1.0,,,382.1333,-370.0,,0
bid,C,310,580,,,10C_2 10D_1 9H_1 AC_1 AH_2 KC_1 KH_1 KH_2 KS_1 QC_1 QH_1 QS_1,80,2,4,5,0,0,0,300,-270,0,0,0.7867,91.4667,117.3333,,,0,
bid,S,580,310,,,10C_1 10H_2 10S_1 9C_1 9D_2 9S_2 AC_2 AD_1 AS_2 JC_1 JD_1 KD_2,10,3,3,4,0,0,0,310,270,0,0,0.1933,-334.8667,27.0,,,0,
bid,D,310,580,,,10D_2 10H_1 9C_2 9H_2 AH_1 JS_1 JS_2 KD_1 QD_1 QD_2 QH_2 QS_2,40,1,4,4,0,0,0,310,-270,1,0,0.3533,-226.5333,-2.2,,,0,
bid,D,580,310,,,10S_2 9D_1 9S_1 AD_2 AS_1 JC_2 JD_2 JH_1 JH_2 KC_2 KS_2 QC_2,30,2,3,4,0,0,0,310,270,0,1,0.1267,-391.6,28.0,,,0,
fold,C,310,580,130,50,10C_2 10D_2 9H_1 AC_1 AH_1 KC_1 KH_2 KS_1 QC_1 QH_1 QS_1 QS_2,80,2,4,4,0,0,0,300,-270,0,0,0.28,,,-283.7333,-350.0,,0
bid,C,750,10,,,10S_2 9C_1 9C_2 9D_1 9H_2 AC_1 JC_1 JS_2 QC_2 QD_1 QD_2 QS_1,20,1,5,3,0,0,0,300,740,0,0,0.3733,-195.9333,-61.4667,,,0,
bid,H,10,750,,,10C_1 10D_1 10H_1 10S_1 9D_2 AD_1 AS_1 JH_1 KH_2 QC_1 QH_1 QS_2,40,2,4,3,0,0,0,300,-740,0,0,0.5667,-52.9333,28.2667,,,0,
bid,H,750,10,,,10C_2 9H_1 9S_1 AC_2 AD_2 AH_2 AS_2 JD_2 KC_2 KD_2 KS_1 QH_2,110,4,3,3,0,0,1,300,740,0,1,0.8867,185.9333,167.8667,,,1,
fold,H,10,750,220,120,10C_1 10H_1 AH_1 JC_2 JD_1 JH_2 JS_1 KC_1 KD_1 KH_1 KS_2 QS_2,180,1,4,3,0,1,1,250,-740,0,0,0.9933,,,110.7333,-370.0,,0
bid,D,420,930,,,10D_1 9D_2 9S_1 AC_1 AC_2 AD_2 JD_1 JH_1 JH_2 KC_2 KH_1 QS_2,50,3,4,3,0,1,0,300,-510,0,0,0.4533,-139.7333,197.9333,,,0,
bid,H,930,420,,,10C_1 10D_2 10S_1 9H_1 AH_1 JC_2 JD_2 JS_2 KD_2 KS_1 KS_2 QH_2,10,1,3,4,0,0,0,300,510,0,0,0.1133,-393.7333,-98.3333,,,0,
bid,S,420,930,,,10C_2 10S_2 9D_1 9H_2 9S_2 AD_1 AS_2 JC_1 KC_1 KH_2 QD_1 QD_2,10,2,3,4,0,0,0,300,-510,0,1,0.0267,-423.9333,-42.9333,,,0,
fold,S,930,420,190,60,10S_1 9C_1 9C_2 AH_2 AS_1 JD_2 JS_1 KS_1 QC_1 QC_2 QH_1 QS_1,190,2,5,4,1,1,0,250,510,0,0,1.0,,,180.4,-310.0,,0
bid,D,0,0,,,10C_2 10D_2 10S_2 9C_2 AD_2 JD_1 KC_1 KC_2 KD_1 KD_2 QD_2 QH_1,150,1,6,4,1,0,0,300,0,0,0,0.9533,208.9333,-53.9333,,,1,
bid,S,0,0,,,9D_1 9H_2 AC_1 AS_1 JC_2 JD_2 JH_2 JS_2 KS_1 KS_2 QC_2 QS_2,120,2,5,3,0,1,1,300,0,0,0,0.8533,171.1333,46.3333,,,1,
bid,S,0,0,,,10H_1 10H_2 10S_1 9C_1 9H_1 AC_2 AD_1 AH_2 AS_2 JS_1 QH_2 QS_1,100,4,4,5,0,0,1,300,0,0,1,0.96,265.8667,160.2,,,1,
fold,S,0,0,60,120,9D_2 9S_1 9S_2 AC_1 AH_1 JC_1 JD_2 JH_1 KH_1 QC_1 QD_1 QS_2,60,2,3,3,0,1,0,250,0,0,0,0.0533,,,-473.1333,-370.0,,1
bid,D,-250,120,,,10D_2 10H_1 AC_1 AD_1 AS_2 JD_2 JH_2 JS_1 KC_2 KD_1 QS_1 QS_2,40,3,4,4,0,1,0,300,-370,0,0,0.8533,222.3333,101.2667,,,1,
bid,C,120,-250,,,10H_2 9C_1 9C_2 9S_2 JC_2 JD_1 JS_2 KD_2 KH_2 KS_1 KS_2 QH_1,40,0,3,4,0,0,0,300,370,0,0,0.1133,-417.1333,-115.7333,,,0,
bid,C,-250,120,,,10C_2 10D_1 10S_1 9H_2 AC_2 AH_2 JC_1 QC_1 QC_2 QD_1 QD_2 QH_2,0,2,5,3,0,0,0,300,-370,0,1,0.6067,-38.4,2.1333,,,0,
bid,D,120,-250,,,10C_1 10S_2 9D_1 9D_2 9H_1 9S_1 AD_2 AH_1 AS_1 JH_1 KC_1 KH_1,20,3,3,4,0,0,0,340,370,0,1,0.0667,-425.1333,-81.4667,,,0,
fold,C,-250,120,200,40,10C_2 10H_1 9H_2 AC_2 JC_1 JD_2 QC_1 QC_2 QD_1 QD_2 QH_2 QS_2,100,1,5,3,0,1,1,330,-370,0,0,0.64,,,-42.4667,-370.0,,0
bid,S,240,120,,,10H_2 10S_1 10S_2 9S_2 AS_2 JD_1 JH_1 JS_1 KH_2 QD_2 QH_2 QS_1,70,1,6,4,0,1,0,300,120,0,0,0.6867,47.0667,4.6,,,1,
bid,H,120,240,,,10C_1 10C_2 10D_2 9C_2 9H_1 AD_2 AH_1 JH_2 KD_1 KD_2 QC_2 QS_2,10,2,3,4,0,0,0,340,-120,0,0,0.1,-389.6667,189.4,,,0,
bid,C,240,120,,,9D_1 9D_2 9S_1 AC_2 AH_2 KC_1 KC_2 KH_1 KS_1 KS_2 QC_1 QD_1,40,2,4,3,0,0,0,340,120,1,0,0.26,-294.0667,130.7333,,,0,
bid,C,120,240,,,10D_1 10H_1 9C_1 9H_2 AC_1 AD_1 AS_1 JC_1 JC_2 JD_2 JS_2 QH_1,10,3,4,3,0,0,0,340,-120,0,1,0.2867,-281.6667,165.9333,,,0,
fold,S,240,120,250,0,10S_1 10S_2 9S_2 AH_2 AS_2 JD_1 JS_1 KH_2 KS_1 KS_2 QH_2 QS_1,220,2,8,3,1,1,0,330,120,0,0,1.0,,,388.1333,-330.0,,0
bid,C,180,680,,,10C_1 10D_2 10H_2 AD_2 AH_1 AH_2 JC_1 KC_1 KC_2 KD_1 QC_2 QH_1,40,3,5,4,0,0,0,300,-500,0,0,0.7067,102.5333,28.8667,,,1,
bid,S,680,180,,,10D_1 10S_1 9D_2 AC_2 AS_2 JD_1 JH_2 JS_1 KH_1 QD_1 QH_2 QS_1,60,2,4,4,0,1,0,300,500,0,0,0.6467,-4.9333,30.3333,,,0,
bid,S,180,680,,,10C_2 10H_1 AS_1 JC_2 JD_2 JH_1 JS_2 KD_2 KS_1 QC_1 QD_2 QS_2,140,1,4,3,0,1,1,300,-500,0,1,0.6867,-12.0667,82.7333,,,0,
fold,C,680,180,100,160,9C_1 9C_2 9D_1 9H_1 9H_2 9S_1 9S_2 AC_1 AC_2 JD_1 KS_2 QS_1,80,2,4,4,0,1,0,250,500,0,0,0.3867,,,-323.4667,-410.0,,0
bid,S,430,570,,,10D_2 10H_2 10S_1 10S_2 AC_1 JC_2 JH_1 JS_1 KD_2 KS_1 KS_2 QS_2,40,1,6,2,0,0,0,300,-140,0,0,0.7067,29.7333,-90.2,,,1,
bid,C,570,430,,,10C_1 9C_2 9D_2 9H_1 AD_1 AH_1 AS_2 JC_1 KC_2 KH_2 QC_2 QH_1,70,3,5,4,0,0,0,310,140,0,0,0.5933,28.8667,-53.0,,,1,
bid,C,430,570,,,10C_2 10D_1 9C_1 9H_2 9S_1 9S_2 AC_2 JD_1 QC_1 QD_2 QH_2 QS_1,110,1,4,3,0,1,1,310,-140,1,0,0.3667,-236.0667,-13.2667,,,0,
bid,D,570,430,,,10H_1 9D_1 AD_2 AH_2 AS_1 JD_2 JH_2 JS_2 KC_1 KD_1 KH_1 QD_1,50,3,5,4,0,0,0,310,140,0,1,0.7733,116.2667,37.2667,,,1,
bid,S,430,570,,,10D_2 10H_2 10S_1 10S_2 AC_1 JC_2 JH_1 JS_1 KD_2 KS_1 KS_2 QS_2,40,1,6,2,0,0,0,320,-140,0,1,0.5667,-58.2,-99.8667,,,1,
fold,D,570,430,100,120,9D_1 AD_1 AD_2 AH_1 AH_2 AS_2 JD_2 JH_2 JS_2 KD_1 KH_1 QD_1,50,5,6,4,0,0,0,310,140,0,0,0.5933,,,-101.7333,-430.0,,0
bid,H,890,580,,,10H_1 10H_2 9C_1 9D_2 AC_1 JC_1 JH_2 JS_1 KH_2 KS_2 QH_1 QH_2,40,1,6,3,0,0,0,300,310,0,0,0.7067,54.0667,-56.3333,,,1,
bid,D,580,890,,,10C_2 9H_2 9S_1 AD_2 AS_2 JC_2 JD_1 KD_2 KH_1 QC_2 QD_2 QS_2,80,2,4,3,0,1,0,310,-310,0,0,0.6667,-6.2667,130.8667,,,0,
bid,S,890,580,,,10S_1 9C_2 9D_1 9H_1 AH_1 AS_1 JH_1 JS_2 KC_1 KC_2 KS_1 QS_1,150,2,5,3,1,0,0,310,310,1,0,0.9667,205.1333,104.8,,,1,
bid,D,580,890,,,10C_1 10D_1 10D_2 10S_2 9S_2 AC_2 AD_1 AH_2 JD_2 KD_1 QC_1 QD_1,150,3,6,3,1,0,0,310,-310,0,1,1.0,347.6,57.8667,,,1,
bid,H,890,580,,,10H_1 10H_2 9C_1 9D_2 AC_1 JC_1 JH_2 JS_1 KH_2 KS_2 QH_1 QH_2,40,1,6,3,0,0,0,320,310,0,1,0.6267,-10.2,-92.7333,,,1,
bid,D,580,890,,,10C_1 10D_1 10D_2 10S_2 9S_2 AC_2 AD_1 AH_2 JD_2 KD_1 QC_1 QD_1,150,3,6,3,1,0,0,330,-310,0,1,0.9867,328.9333,85.3333,,,1,
bid,H,890,580,,,10H_1 10H_2 9C_1 9D_2 AC_1 JC_1 JH_2 JS_1 KH_2 KS_2 QH_1 QH_2,40,1,6,3,0,0,0,340,310,0,1,0.6,-26.6667,-76.8,,,1,
fold,D,580,890,230,60,10D_1 10D_2 9S_2 AC_2 AD_1 AD_2 JD_1 JD_2 KD_1 QC_1 QD_1 QS_2,190,3,8,2,1,1,0,330,-310,0,0,1.0,,,288.9333,-390.0,,0
bid,D,0,0,,,10H_1 9C_1 9D_2 9H_2 9S_1 AC_1 AC_2 AD_2 AH_2 KC_1 KC_2 KS_1,10,4,2,5,0,0,0,300,0,0,0,0.1333,-395.7333,56.8,,,0,
bid,H,0,0,,,10C_1 10S_2 9D_1 AD_1 AH_1 JC_1 JD_2 JH_2 JS_2 KD_2 KH_1 QH_2,80,2,4,4,0,0,1,300,0,0,0,0.5933,-79.4667,83.4,,,0,
bid,S,0,0,,,10C_2 10D_1 10H_2 10S_1 9S_2 AS_2 JS_1 KH_2 QC_1 QD_1 QS_1 QS_2,10,1,6,2,0,0,0,300,0,0,1,0.6,-9.1333,-32.0667,,,1,
fold,D,0,0,180,10,10D_2 9H_1 AD_1 JC_2 JD_1 JD_2 JH_1 KD_1 KD_2 QC_2 QD_2 QH_1,150,1,7,3,1,0,0,250,0,0,0,1.0,,,216.6667,-260.0,,0
bid,H,350,90,,,10C_1 10C_2 10H_1 9C_1 9D_1 9H_1 9H_2 AH_1 JH_2 KD_1 KH_1 QD_1,40,1,6,3,0,0,0,300,260,0,0,0.66,11.8,-94.7333,,,1,
bid,D,90,350,,,10D_1 10H_2 9C_2 AC_2 AD_2 AH_2 AS_2 JD_1 JS_2 KH_2 QD_2 QH_1,120,4,4,4,0,0,1,310,-260,0,0,0.96,269.8,165.7333,,,1,
bid,D,350,90,,,10D_2 10S_2 9D_2 9S_1 AC_1 AD_1 JC_1 JC_2 JD_2 KD_2 QC_2 QH_2,10,2,5,4,0,0,0,310,260,1,0,0.5267,-87.2667,-14.6667,,,0,
bid,S,90,350,,,10S_1 9S_2 AS_1 JH_1 JS_1 KC_1 KC_2 KS_1 KS_2 QC_1 QS_1 QS_2,220,1,8,3,1,0,0,310,-260,0,1,1.0,445.8667,-6.9333,,,1,
bid,H,350,90,,,10C_1 10C_2 10H_1 9C_1 9D_1 9H_1 9H_2 AH_1 JH_2 KD_1 KH_1 QD_1,40,1,6,3,0,0,0,320,260,0,1,0.6133,-19.6667,-74.6,,,1,
fold,S,90,350,280,30,10S_1 AS_1 AS_2 JD_1 JS_1 JS_2 KC_1 KS_1 KS_2 QC_1 QS_1 QS_2,250,2,9,2,1,1,0,310,-260,0,0,1.0,,,355.8667,-340.0,,0
bid,D,560,440,,,10D_1 9S_1 AS_1 JC_1 JD_2 JH_1 KC_1 KC_2 KD_2 KH_1 QC_1 QD_2,60,1,4,4,0,0,0,300,120,0,0,0.5133,-148.2,28.4667,,,0,
bid,C,440,560,,,10C_2 10H_2 10S_1 9C_2 9D_1 9D_2 9H_1 9S_2 JC_2 KD_1 QH_2 QS_2,10,0,3,3,0,0,0,300,-120,0,0,0.08,-451.8,-196.8667,,,0,
bid,S,560,440,,,10D_2 10S_2 9H_2 AC_1 AC_2 AD_2 AH_1 AS_2 JH_2 JS_2 KH_2 QC_2,100,5,3,4,0,0,1,300,120,0,1,0.8867,126.5333,149.4,,,0,
fold,S,440,560,130,150,10H_2 10S_1 9C_1 AH_2 JD_1 JS_1 KS_1 KS_2 QD_1 QH_1 QS_1 QS_2,120,1,6,3,0,1,0,250,-120,0,0,0.8267,,,-60.5333,-400.0,,0
bid,H,190,860,,,10H_1 10S_2 9C_2 9D_2 9H_2 JD_2 JS_2 KC_1 KC_2 KD_1 KH_2 QH_1,50,0,4,3,0,0,0,300,-670,0,0,0.26,-323.8667,-51.7333,,,0,
bid,D,860,190,,,10D_1 9D_1 9H_1 9S_1 AC_1 AD_1 JH_2 KD_2 KH_1 KS_1 KS_2 QD_1,50,2,5,3,0,0,0,300,670,0,0,0.7067,19.4,5.2667,,,1,
bid,S,190,860,,,10C_1 10H_2 9S_2 AH_2 AS_1 JC_1 JC_2 JD_1 JH_1 JS_1 QC_1 QD_2,50,2,3,4,0,0,1,310,-670,0,1,0.3,-308.1333,130.1333,,,0,
bid,D,860,190,,,10C_2 10D_2 10S_1 9C_1 AC_2 AD_2 AH_1 AS_2 QC_2 QH_2 QS_1 QS_2,100,4,2,4,0,0,1,310,670,1,0,0.7667,82.5333,263.2,,,0,
fold,D,860,190,190,70,10C_2 10D_1 9D_1 9H_1 9S_1 AD_1 JH_2 KD_2 KS_2 QD_1 QS_1 QS_2,70,1,5,4,0,0,0,300,670,0,0,0.7467,,,0.4,-370.0,,0
bid,H,0,0,,,10C_2 9H_1 AH_1 JH_1 JH_2 JS_1 KC_1 KH_1 KH_2 KS_2 QD_1 QH_1,50,1,7,2,0,0,0,300,0,0,0,0.82,135.0,-85.4,,,1,
bid,S,0,0,,,10D_1 10H_1 10S_1 9C_2 9D_2 AC_2 AH_2 AS_1 JD_2 KS_1 QC_1 QS_2,80,3,4,3,0,1,0,340,0,0,0,0.7867,108.6667,140.4667,,,0,
bid,D,0,0,,,10H_2 9C_1 9D_1 9H_2 9S_1 9S_2 AC_1 AD_1 AD_2 KD_1 QC_2 QS_1,10,3,4,3,0,0,0,340,0,1,0,0.1267,-365.0,103.0,,,0,
bid,D,0,0,,,10C_1 10D_2 10S_2 AS_2 JC_1 JC_2 JD_1 JS_2 KC_2 KD_2 QD_2 QH_2,40,1,4,4,0,0,0,340,0,0,1,0.44,-177.0667,74.6667,,,0,
fold,H,0,0,210,80,10H_2 9H_1 AH_1 JH_1 JH_2 JS_1 KD_1 KH_1 KH_2 QD_1 QH_1 QS_1,180,1,8,2,1,0,0,330,0,0,0,0.6933,,,14.4667,-410.0,,0
bid,D,130,410,,,10C_2 10D_1 9C_1 AD_1 AH_1 KD_1 KD_2 KS_1 KS_2 QD_2 QH_2 QS_1,60,2,5,3,0,0,0,300,-280,0,0,0.7467,81.4667,100.4667,,,0,
bid,S,410,130,,,10H_2 10S_1 9D_1 9H_2 AC_1 AD_2 AS_2 JC_1 JH_1 JH_2 KC_1 QD_1,0,3,2,4,0,0,0,300,280,0,0,0.1867,-367.0667,-57.9333,,,0,
bid,C,130,410,,,10C_1 10D_2 9C_2 9H_1 AC_2 JC_2 JD_2 JS_1 KC_2 KH_1 KH_2 QS_2,50,1,5,3,0,1,0,300,-280,0,1,0.6933,19.8,21.7333,,,0,
fold,S,410,130,20,100,10S_1 10S_2 9S_1 9S_2 AC_1 AS_1 AS_2 JD_1 JS_2 QC_1 QC_2 QH_1,20,3,7,3,0,0,0,250,280,0,0,0.2267,,,-304.6,-350.0,,0
bid,H,160,280,,,10C_1 10H_2 AH_1 AS_1 JC_1 JH_1 JS_1 KC_2 KH_2 KS_1 QD_2 QH_1,150,2,5,3,1,0,0,300,-120,0,0,0.9667,197.2667,-41.6,,,1,
bid,C,280,160,,,10C_2 10D_2 10S_1 9C_2 AC_2 AH_2 KC_1 KD_2 QC_1 QC_2 QD_1 QH_2,70,2,6,3,0,0,0,340,120,0,0,0.7933,137.6,27.0,,,1,
bid,C,160,280,,,10H_1 9C_1 9D_1 9H_2 AC_1 AS_2 JD_1 JD_2 JH_2 JS_2 QS_1 QS_2,310,2,2,4,0,1,0,350,-120,1,0,0.0067,-469.8,468.9333,,,0,
bid,D,280,160,,,10D_1 10S_2 9D_2 9H_1 9S_1 9S_2 AD_1 AD_2 JC_2 KD_1 KH_1 KS_2,10,2,5,4,0,0,0,350,120,1,0,0.1,-398.2,18.4,,,0,
bid,H,160,280,,,10C_1 10H_2 AH_1 AS_1 JC_1 JH_1 JS_1 KC_2 KH_2 KS_1 QD_2 QH_1,150,2,5,3,1,0,0,350,-120,0,1,0.7267,48.9333,-11.8667,,,1,
bid,C,280,160,,,10C_2 10D_2 10S_1 9C_2 AC_2 AH_2 KC_1 KD_2 QC_1 QC_2 QD_1 QH_2,70,2,6,3,0,0,0,360,120,0,1,0.6667,39.0667,72.6667,,,0,
fold,H,160,280,220,50,10H_2 AC_1 AH_1 JC_1 JD_1 JD_2 JH_1 JS_1 KC_2 KH_2 QD_2 QH_1,190,2,5,3,1,0,1,350,-120,0,0,0.6667,,,-15.0,-400.0,,0
bid,H,420,540,,,10C_1 9D_2 9H_2 AD_1 JC_1 JD_1 JH_2 KH_1 KH_2 QC_1 QC_2 QH_2,50,1,5,4,0,0,0,300,-120,0,0,0.5467,-66.1333,-2.1333,,,0,
bid,C,540,420,,,10H_2 9C_1 9D_1 9S_2 AC_1 AC_2 AH_2 AS_1 JH_1 KC_2 QD_2 QS_2,10,4,4,3,0,0,0,300,120,0,0,0.6067,-39.0667,121.0,,,0,
bid,D,420,540,,,10C_2 10H_1 10S_1 AD_2 AS_2 JC_2 JD_2 KC_1 KD_1 KS_1 KS_2 QD_1,40,2,4,4,0,0,0,300,-120,0,1,0.5867,-79.5333,21.7333,,,0,
fold,S,540,420,20,40,10H_2 10S_2 9C_2 9H_1 9S_1 AS_1 JS_1 JS_2 KD_2 QH_1 QS_1 QS_2,10,1,7,3,0,0,0,250,120,0,0,0.0867,,,-331.2,-290.0,,1
bid,H,290,460,,,10C_1 10H_2 10S_1 9D_2 9S_1 AS_2 JD_1 JD_2 JH_2 KC_2 KH_2 QH_1,40,1,4,3,0,0,0,300,-170,0,0,0.5467,-89.5333,26.2,,,0,
bid,S,460,290,,,10D_1 10H_1 9D_1 9S_2 AS_1 JC_2 JH_1 JS_1 JS_2 QC_2 QH_2 QS_2,10,1,5,3,0,0,0,300,170,0,0,0.3,-275.9333,-29.8667,,,0,
bid,D,290,460,,,10S_2 9H_1 9H_2 AC_2 AD_2 AH_2 JC_1 KD_1 KD_2 KH_1 QD_1 QD_2,80,3,5,4,0,0,0,300,-170,0,1,0.7133,49.2,-63.8667,,,1,
bid,C,460,290,,,10C_2 10D_2 9C_1 9C_2 AC_1 AD_1 AH_1 KC_1 KS_1 KS_2 QC_1 QS_1,80,3,6,3,0,0,0,310,170,0,1,0.96,333.0,153.4,,,1,
bid,D,290,460,,,10S_2 9H_1 9H_2 AC_2 AD_2 AH_2 JC_1 KD_1 KD_2 KH_1 QD_1 QD_2,80,3,5,4,0,0,0,320,-170,0,1,0.6133,-30.1333,36.0,,,0,
bid,C,460,290,,,10C_2 10D_2 9C_1 9C_2 AC_1 AD_1 AH_1 KC_1 KS_1 KS_2 QC_1 QS_1,80,3,6,3,0,0,0,330,170,0,1,0.9067,289.2667,116.8,,,1,
bid,D,290,460,,,10S_2 9H_1 9H_2 AC_2 AD_2 AH_2 JC_1 KD_1 KD_2 KH_1 QD_1 QD_2,80,3,5,4,0,0,0,340,-170,0,1,0.56,-58.1333,51.5333,,,0,
fold,C,460,290,210,60,10C_2 9C_1 9C_2 AC_1 JC_2 KC_1 KS_1 KS_2 QC_1 QC_2 QS_1 QS_2,210,1,8,4,1,0,0,330,170,0,0,0.7533,,,92.4,-390.0,,0
bid,S,880,390,,,10D_1 10D_2 9C_1 9C_2 9S_1 9S_2 AH_1 AH_2 JH_2 QC_1 QC_2 QH_1,20,2,2,4,0,0,0,300,490,0,0,0.0133,-482.4667,50.4667,,,0,
bid,D,390,880,,,10S_1 9D_1 9H_2 AC_1 JD_1 JD_2 JH_1 KD_2 KH_2 QD_1 QS_1 QS_2,350,1,5,3,0,1,0,300,-490,0,0,1.0,429.8,288.0667,,,1,
bid,S,880,390,,,10C_2 10H_1 10H_2 9D_2 AS_1 AS_2 JC_2 JS_2 KC_1 KH_1 KS_2 QD_2,0,2,4,3,0,0,0,300,490,0,1,0.2467,-298.6667,58.2,,,0,
fold,C,390,880,120,20,10C_1 10S_1 9H_1 AC_2 AD_2 JC_1 JD_2 JS_1 KC_2 KD_1 QH_2 QS_2,40,2,4,3,0,1,0,250,-490,0,0,0.7133,,,-4.5333,-270.0,,0
bid,C,0,0,,,10C_1 10C_2 10S_1 9C_1 AD_1 AH_2 AS_2 KC_1 KD_1 QC_1 QC_2 QD_2,70,3,6,3,0,0,0,300,0,0,0,0.6733,89.4,-13.0,,,1,
bid,H,0,0,,,10D_2 10H_2 9D_2 9H_1 9S_2 JC_1 JD_2 JH_1 KH_1 KS_2 QH_2 QS_1,110,0,5,3,0,1,0,310,0,0,0,0.5467,-103.2667,1.0667,,,0,
bid,S,0,0,,,9C_2 9D_1 9S_1 AS_1 JC_2 JD_1 JH_2 JS_1 JS_2 KD_2 QH_1 QS_2,90,1,5,3,0,1,1,320,0,1,0,0.4467,-162.7333,-50.8667,,,0,
bid,C,0,0,,,10D_1 10H_1 10S_2 9H_2 AC_1 AC_2 AD_2 AH_1 KC_2 KH_2 KS_1 QD_1,0,4,3,4,0,0,0,320,0,1,0,0.36,-234.9333,129.0667,,,0,
bid,C,0,0,,,10C_1 10C_2 10S_1 9C_1 AD_1 AH_2 AS_2 KC_1 KD_1 QC_1 QC_2 QD_2,70,3,6,3,0,0,0,320,0,0,1,0.6267,67.5333,-26.6667,,,1,
fold,H,0,0,230,120,10H_1 10H_2 9D_2 9H_1 AH_1 JD_2 JH_1 KH_1 KH_2 KS_2 QH_2 QS_1,220,1,8,2,1,1,0,310,0,0,0,1.0,,,167.2,-430.0,,0
bid,D,400,200,,,10D_2 10H_2 10S_1 9D_2 9S_1 AC_2 AD_2 JH_2 KH_2 QC_2 QD_1 QS_2,10,2,4,3,0,0,0,300,200,0,0,0.3533,-229.2,48.2667,,,0,
bid,H,200,400,,,10C_1 10D_1 10H_1 10S_2 9C_1 AH_2 JH_1 JS_2 KC_2 KS_1 KS_2 QD_2,0,1,3,4,0,0,0,300,-200,0,0,0.1733,-334.8,-125.0,,,0,
bid,H,400,200,,,9S_2 AH_1 AS_2 JC_1 JC_2 JD_1 JD_2 KD_1 KH_1 QC_1 QH_2 QS_1,80,2,3,3,0,1,0,300,200,0,1,0.6733,44.6667,201.9333,,,0,
fold,S,200,400,20,80,10D_1 10S_2 9C_2 9D_1 9H_1 9H_2 AC_1 AS_1 JS_1 KC_1 KS_1 QH_1,0,2,4,3,0,0,0,250,-200,0,0,0.0,,,-439.6667,-330.0,,1
bid,C,-50,480,,,10H_2 10S_2 9D_1 9H_2 AC_2 AD_2 AS_1 AS_2 KC_1 KD_2 KS_1 QC_1,40,4,3,4,0,0,0,300,-530,0,0,0.72,25.9333,51.3333,,,0,
bid,C,480,-50,,,10C_1 10H_1 9S_2 AC_1 JC_2 JD_1 JD_2 KH_1 KH_2 QC_2 QH_1 QS_2,60,1,4,4,0,1,0,300,530,0,0,0.7067,94.3333,158.0,,,0,
bid,S,-50,480,,,10C_2 10S_1 9C_1 9H_1 9S_1 AH_1 AH_2 JC_1 JS_2 KD_1 KS_2 QS_1,50,2,5,3,0,0,0,300,-530,0,1,0.6133,-42.4667,124.5333,,,0,
fold,D,480,-50,110,50,10D_1 10D_2 9C_2 9D_2 AD_1 JD_1 JD_2 JH_1 JS_1 QD_1 QD_2 QS_2,50,1,8,2,0,1,0,250,530,0,0,0.68,,,-5.0667,-300.0,,0
bid,C,750,90,,,10C_2 10H_2 10S_2 9C_2 9H_2 9S_1 AC_1 AC_2 KD_1 KH_1 QD_1 QH_1,50,2,4,4,0,0,0,300,660,0,0,0.22,-369.2667,37.8,,,0,
bid,S,90,750,,,10C_1 10D_1 10H_1 9C_1 9H_1 AD_1 AD_2 AS_2 JC_2 KD_2 KS_1 QS_1,40,3,3,4,0,0,0,300,-660,0,0,0.4,-198.0,75.6,,,0,
bid,S,750,90,,,10D_2 9D_1 9D_2 AH_1 AS_1 JD_1 JH_2 JS_1 JS_2 KH_2 QC_1 QD_2,0,2,3,5,0,0,0,300,660,0,1,0.1933,-342.6667,41.6,,,0,
fold,S,90,750,150,50,10S_1 9S_2 AS_2 JC_1 JD_2 KC_2 KS_1 KS_2 QC_2 QH_2 QS_1 QS_2,150,1,7,3,0,1,0,250,-660,0,0,0.7667,,,49.5333,-300.0,,0
bid,C,400,890,,,10H_1 10S_2 9S_1 AC_1 AH_1 AS_1 JH_1 JH_2 KC_1 KC_2 QC_2 QD_1,40,3,4,4,0,0,0,300,-490,0,0,0.7867,96.8,-28.1333,,,1,
bid,C,890,400,,,10C_1 10D_1 10D_2 9H_2 AC_2 AD_2 KD_1 KD_2 KH_1 KH_2 QC_1 QS_2,0,2,3,5,0,0,0,300,490,0,0,0.3533,-211.4,4.2,,,0,
bid,S,400,890,,,10C_2 9C_2 9H_1 AD_1 AH_2 AS_2 JS_1 KS_1 KS_2 QD_2 QH_1 QS_1,40,3,5,3,0,0,0,310,-490,0,1,0.8533,164.6667,61.6,,,1,
bid,D,890,400,,,10H_2 10S_1 9C_1 9D_1 9D_2 9S_2 JC_1 JC_2 JD_1 JD_2 JS_2 QH_2,20,0,4,3,0,0,0,310,490,1,0,0.1333,-397.8,-88.0667,,,0,
fold,C,890,400,70,70,10C_1 9H_2 AC_2 AD_2 JC_2 JD_1 JD_2 KD_1 KD_2 KH_1 QC_1 QS_2,40,2,4,5,0,1,0,300,490,0,0,0.0,,,-480.3333,-370.0,,1
bid,H,590,470,,,10C_2 10D_1 10S_1 9S_2 AC_1 AH_2 AS_1 JC_2 JD_1 KH_2 KS_1 QH_2,40,3,3,4,0,0,0,300,120,0,0,0.6667,-23.3333,36.8,,,0,
bid,C,470,590,,,10H_1 9C_2 9D_2 9H_1 9H_2 AC_2 JH_1 JH_2 JS_1 KC_2 KS_2 QC_2,50,1,4,5,0,0,0,300,-120,0,0,0.3667,-274.6667,-136.2667,,,0,
bid,D,590,470,,,10S_2 9C_1 9D_1 AD_1 AH_1 AS_2 JC_1 JD_2 KD_1 KH_1 QC_1 QD_1,50,3,5,3,0,0,0,300,120,0,1,0.8467,168.2,15.4,,,1,
bid,D,470,590,,,10C_1 10D_2 10H_2 9S_1 AD_2 JS_2 KC_1 KD_2 QD_2 QH_1 QS_1 QS_2,40,1,4,4,0,0,0,340,-120,0,1,0.4133,-140.7333,195.2,,,0,
fold,D,590,470,180,70,10C_2 10D_1 9C_1 9D_1 AD_1 AH_1 JC_1 JD_1 JD_2 KD_1 QC_1 QD_1,160,2,7,4,1,0,0,330,120,0,0,0.8267,,,130.0667,-400.0,,0
bid,D,630,930,,,10D_2 9C_2 9S_1 AD_1 AD_2 AS_2 JC_2 JD_1 JD_2 JS_2 QC_2 QD_1,0,3,6,3,0,0,0,300,-300,0,0,0.7,89.1333,29.9333,,,1,
bid,S,930,630,,,10C_1 10D_1 10S_1 9H_2 AC_2 AH_1 KD_1 KD_2 KS_1 QC_1 QH_1 QS_1,40,2,3,3,0,0,0,340,300,0,0,0.2267,-333.9333,153.2667,,,0,
bid,H,630,930,,,10C_2 10H_1 10S_2 9C_1 9H_1 AS_1 JH_1 JS_1 KC_1 KH_2 KS_2 QH_2,50,1,5,4,0,0,0,340,-300,1,0,0.4933,-108.0,5.8,,,0,
bid,H,930,630,,,10H_2 9D_1 9D_2 9S_2 AC_1 AH_2 JC_1 JH_2 KC_2 KH_1 QD_2 QS_2,0,2,4,3,0,0,0,340,300,0,1,0.4,-181.5333,68.8,,,0,
bid,H,970,300,,,10C_1 10C_2 10D_1 10H_2 9S_2 AH_1 JC_2 JD_1 KS_1 KS_2 QC_1 QD_2,0,1,2,4,0,0,0,300,670,0,0,0.12,-377.9333,38.8667,,,0,
bid,D,300,970,,,10D_2 9C_2 9D_2 9S_1 AC_2 AD_1 AD_2 AH_2 AS_1 KC_1 KD_1 QD_1,150,5,6,3,0,0,1,300,-670,0,0,1.0,357.8667,134.2667,,,1,
bid,S,970,300,,,10S_2 9C_1 9H_1 AS_2 JD_2 JH_1 JS_1 JS_2 KC_2 KH_1 QH_2 QS_1,60,1,5,4,0,1,0,340,670,0,1,0.4933,-140.8667,67.9333,,,0,
bid,H,300,970,,,10H_1 10S_1 9D_1 9H_2 AC_1 JC_1 JH_2 KD_2 KH_2 QC_2 QH_1 QS_2,50,1,5,3,0,0,0,340,-670,1,0,0.4933,-117.6667,43.8,,,0,
fold,D,300,970,200,60,10D_2 9D_2 AC_1 AC_2 AD_1 AD_2 AH_2 AS_1 KD_1 KD_2 QD_1 QS_2,150,6,7,2,0,0,1,330,-670,0,0,1.0,,,346.9333,-390.0,,0
bid,C,0,0,,,9C_2 AC_1 AH_1 JD_1 JD_2 JS_1 KC_1 KH_2 QC_2 QD_2 QH_1 QH_2,70,2,4,4,0,0,0,300,0,0,0,0.6533,16.1333,110.2,,,0,
bid,S,0,0,,,10C_1 10S_2 9C_1 AD_1 AS_2 JC_1 JC_2 JH_2 JS_2 KH_1 KS_1 QS_1,150,2,5,4,1,0,0,300,0,0,0,0.98,213.0667,45.1333,,,1,
bid,H,0,0,,,10D_2 10H_1 10H_2 9D_1 9H_1 9S_2 AH_2 KC_2 KD_1 KD_2 KS_2 QC_1,30,1,4,4,0,0,0,340,0,0,1,0.0867,-438.8,57.2,,,0,
bid,C,0,0,,,10C_2 10D_1 10S_1 9D_2 9H_2 9S_1 AC_2 AD_2 AS_1 JH_1 QD_1 QS_2,0,3,2,4,0,0,0,340,0,1,0,0.1933,-348.2667,90.0667,,,0,
fold,S,0,0,160,70,10S_1 10S_2 9C_1 AS_1 AS_2 JC_1 JC_2 JH_2 JS_2 KS_1 QS_1 QS_2,150,2,8,3,1,0,0,330,0,0,0,0.4333,,,-168.0,-400.0,,0
bid,H,360,120,,,9C_1 9D_1 9D_2 9H_1 AC_1 AD_2 JD_1 JH_1 KH_1 KH_2 QC_1 QH_1,50,2,5,4,0,0,0,300,240,0,0,0.5933,-27.6667,38.4,,,0,
bid,S,120,360,,,10C_2 10S_1 9H_2 AC_2 AH_2 AS_2 JD_2 JS_1 KC_1 KC_2 KD_2 QS_2,40,3,4,4,0,1,0,300,-240,0,0,0.76,103.3333,86.7333,,,1,
bid,S,360,120,,,10C_1 10H_2 10S_2 9S_2 AH_1 AS_1 JC_1 JS_2 KD_1 QC_2 QD_1 QD_2,30,2,4,3,0,0,0,340,240,0,1,0.14,-370.2667,73.4667,,,0,
bid,S,120,360,,,10D_1 10D_2 10H_1 9C_2 9S_1 AD_1 JC_2 JH_2 KS_1 KS_2 QH_2 QS_1,50,1,4,3,0,0,0,340,-240,1,0,0.1,-417.4667,118.0667,,,0,
fold,S,120,360,240,50,10S_1 9H_2 AC_2 AS_2 JD_2 JS_1 KC_1 KC_2 KS_1 KS_2 QS_1 QS_2,230,2,7,3,1,1,0,330,-240,0,0,1.0,,,265.7333,-380.0,,0
bid,H,530,490,,,10D_2 9C_1 9D_2 AD_1 AS_2 JH_1 JH_2 KC_2 KH_2 KS_1 QD_1 QH_2,40,2,4,4,0,0,0,300,40,0,0,0.4333,-175.2667,-31.6,,,0,
bid,D,490,530,,,9C_2 9D_1 AD_2 AH_2 AS_1 JS_1 JS_2 QC_1 QD_2 QH_1 QS_1 QS_2,70,3,3,5,0,0,1,300,-40,0,0,0.4067,-149.0667,155.6,,,0,
bid,C,530,490,,,10C_1 10H_1 10S_2 9H_1 9S_1 AC_1 AC_2 JC_1 JD_2 KD_2 KS_2 QC_2,0,2,5,3,0,0,0,300,40,0,1,0.4867,-137.1333,-13.8667,,,0,
fold,S,490,530,50,30,10S_1 9H_2 9S_2 AH_1 AS_1 JC_2 JD_1 KC_1 KD_1 KH_1 QS_1 QS_2,50,2,5,3,0,1,0,250,-40,0,0,0.1067,,,-331.0,-280.0,,1
bid,H,240,560,,,10H_1 9C_1 9D_2 AH_2 JD_1 JD_2 JH_1 KD_2 KS_1 QH_2 QS_1 QS_2,320,1,4,4,0,1,0,300,-320,0,0,0.46,-163.5333,333.4,,,0,
bid,H,560,240,,,10C_1 10H_2 10S_1 9S_1 9S_2 AD_2 AH_1 JC_1 JS_2 KD_1 KS_2 QC_1,0,2,2,5,0,0,0,300,320,0,0,0.1267,-390.9333,-97.2,,,0,
bid,S,240,560,,,10C_2 10D_2 9H_1 9H_2 AC_2 AD_1 JH_2 KC_1 KC_2 QD_1 QD_2 QH_1,0,2,0,4,0,0,0,300,-320,0,1,0.02,-480.9333,-41.0,,,0,
fold,S,560,240,20,340,10H_2 10S_1 10S_2 9C_2 9D_1 AC_1 AS_1 AS_2 JC_2 JS_1 KS_2 QC_2,0,3,6,4,0,0,0,250,320,0,0,0.14,,,-615.7333,-590.0,,1
bid,D,310,580,,,10S_1 9C_2 9D_2 AD_1 AH_1 AS_2 JS_2 KC_1 KD_1 QC_1 QD_1 QH_2,70,3,4,3,0,0,0,300,-270,0,0,0.5667,-92.9333,16.7333,,,0,
bid,C,580,310,,,10C_2 10D_1 10S_2 9D_1 9H_2 9S_1 JH_1 JH_2 KC_2 QC_2 QD_2 QS_2,40,0,3,3,0,0,0,300,270,0,0,0.2667,-334.0,-47.8,,,0,
bid,S,310,580,,,10C_1 10H_2 9H_1 9S_2 AC_1 AC_2 JD_1 JS_1 KD_2 KH_2 KS_1 QS_1,90,2,4,3,0,1,0,300,-270,0,1,0.5667,-63.6,201.2,,,0,
fold,H,580,310,220,110,10H_1 9C_1 AD_2 AH_2 JC_1 JC_2 JD_2 JH_1 JH_2 KH_1 QH_1 QS_2,190,2,6,3,1,1,0,250,270,0,0,1.0,,,163.4667,-360.0,,0
bid,D,940,530,,,10S_1 9H_2 9S_1 AC_2 AD_1 AH_1 KD_2 KS_1 QC_1 QC_2 QD_2 QH_1,40,3,3,3,0,0,0,300,410,0,0,0.36,-242.6,55.2667,,,0,
bid,C,530,940,,,10C_1 10H_1 10S_2 9C_1 9D_1 9H_1 AC_1 AS_1 JD_1 JH_1 JS_1 KD_1,10,2,3,3,0,0,0,300,-410,0,0,0.1733,-364.7333,-52.1333,,,0,
bid,S,940,530,,,10C_2 10D_1 9D_2 AH_2 AS_2 KC_1 KC_2 KH_1 KH_2 KS_2 QD_1 QS_1,40,2,3,3,0,0,0,300,410,0,1,0.28,-286.4667,154.0,,,0,
fold,D,530,940,90,70,10D_2 9S_2 AD_2 AS_1 JC_1 JD_1 JD_2 JH_2 JS_2 KD_1 QH_2 QS_2,80,2,5,4,0,1,1,250,-410,0,0,0.52,,,-138.1333,-320.0,,0
bid,H,0,0,,,10C_1 10H_1 9H_2 AD_2 AH_2 AS_1 JD_1 JD_2 JH_1 KH_1 QC_2 QS_2,50,3,5,3,0,1,0,300,0,0,0,0.8667,279.6,108.4667,,,1,
bid,H,0,0,,,10S_1 9C_1 9C_2 9D_1 AD_1 AS_2 KH_2 QC_1 QD_1 QD_2 QH_2 QS_1,100,2,2,4,0,0,1,340,0,0,0,0.16,-406.0,191.0667,,,0,
bid,H,0,0,,,10H_2 10S_2 9S_2 AC_1 JC_1 JC_2 JS_2 KC_2 KD_1 KD_2 KS_1 KS_2,0,1,1,5,0,0,0,340,0,1,0,0.0,-477.8667,-3.9333,,,0,
bid,S,0,0,,,10C_2 10D_1 10D_2 9D_2 9H_1 9S_1 AC_2 AH_1 JH_2 JS_1 KC_1 QH_1,10,2,2,4,0,0,0,340,0,0,1,0.02,-472.1333,-30.7333,,,0,
bid,C,110,-330,,,10H_2 10S_2 9D_1 9D_2 9H_2 AC_2 JC_1 JD_2 KC_2 KD_1 KH_1 QC_2,40,1,4,4,0,0,0,300,440,0,0,0.5467,-126.0,-86.8,,,0,
bid,C,-330,110,,,10C_1 10D_1 9C_2 9H_1 9S_2 AH_1 AH_2 AS_2 JC_2 KC_1 QC_1 QH_1,50,3,5,4,0,0,0,300,-440,0,0,0.6733,47.2,28.0,,,1,
bid,C,110,-330,,,10D_2 10S_1 9C_1 9S_1 AC_1 AS_1 JD_1 JH_1 KD_2 KS_1 KS_2 QH_2,10,2,2,5,0,0,0,310,440,0,1,0.0333,-433.7333,39.2,,,0,
bid,D,-330,110,,,10C_2 10H_1 AD_1 AD_2 JH_2 JS_1 JS_2 KH_2 QD_1 QD_2 QS_1 QS_2,0,2,4,4,0,0,0,310,-440,1,0,0.3,-225.8,114.8,,,0,
fold,C,-330,110,50,50,10C_1 10C_2 9C_2 9H_1 9S_2 AH_1 JC_2 KC_1 QC_1 QH_1 QS_1 QS_2,50,1,6,3,0,0,0,300,-440,0,0,0.0,,,-460.8667,-350.0,,1
bid,H,-630,160,,,10H_2 10S_1 10S_2 9C_1 9D_2 9H_1 AC_2 AH_1 JC_1 JD_2 KC_2 QD_1,10,2,3,4,0,0,0,300,-790,0,0,0.1533,-359.9333,-7.9333,,,0,
bid,S,160,-630,,,10C_2 10D_1 9C_2 9S_1 AC_1 AS_1 JH_2 KD_1 KH_1 KH_2 QC_1 QC_2,10,2,2,5,0,0,0,300,790,0,0,0.0133,-435.7333,1.2667,,,0,
bid,D,-630,160,,,10C_1 10D_2 10H_1 9H_2 AD_2 JC_2 JD_1 KS_2 QD_2 QH_1 QH_2 QS_2,60,1,4,4,0,1,0,300,-790,0,1,0.5933,-63.1333,104.7333,,,0,
fold,S,160,-630,80,80,10D_1 9D_1 9S_2 AC_1 AS_1 AS_2 JH_1 JS_1 JS_2 KD_2 KS_1 QS_1,50,3,7,3,0,0,0,250,790,0,0,0.4467,,,-170.4,-330.0,,0
bid,S,450,-510,,,10C_2 10D_2 AH_2 AS_1 JH_1 JH_2 JS_2 KD_1 KS_2 QD_2 QS_1 QS_2,60,2,5,3,0,0,0,300,960,0,0,0.8333,132.2,105.5333,,,1,
bid,D,-510,450,,,10S_1 9C_2 9D_1 9D_2 9H_1 9H_2 9S_1 AD_2 JD_1 JD_2 KD_2 KH_2,20,1,6,3,0,0,0,300,-960,0,0,0.3867,-162.9333,-154.4,,,0,
bid,C,450,-510,,,10C_1 10H_1 10H_2 10S_2 9S_2 AC_2 AH_1 AS_2 JC_2 JS_1 KC_2 QC_2,150,3,5,4,1,0,0,300,960,0,1,1.0,293.2,-34.3333,,,1,
bid,C,-510,450,,,10D_1 9C_1 AC_1 AD_1 JC_1 KC_1 KH_1 KS_1 QC_1 QD_1 QH_1 QH_2,70,2,5,3,0,0,0,340,-960,0,1,0.6667,20.0667,118.7333,,,0,
fold,C,450,-510,170,80,10C_1 10C_2 9S_2 AC_2 AH_1 AS_2 JC_2 JS_1 KC_2 QC_2 QS_1 QS_2,150,3,6,5,1,0,0,330,960,0,0,0.6867,,,12.4,-410.0,,0
bid,D,-380,820,,,10C_2 10H_2 9C_2 9D_2 9H_1 AD_1 AS_1 AS_2 JH_1 KC_1 KD_1 QD_2,50,3,4,3,0,0,0,300,-1200,0,0,0.3867,-232.0667,56.0,,,0,
bid,D,820,-380,,,10H_1 10S_2 9D_1 9S_2 AC_2 JC_2 JD_1 JD_2 KH_1 QC_2 QS_1 QS_2,310,1,3,4,0,1,0,300,1200,0,0,1.0,292.9333,328.3333,,,0,
bid,H,-380,820,,,10D_1 9H_2 9S_1 AH_2 JH_2 JS_1 KD_2 KH_2 KS_1 KS_2 QD_1 QH_1,70,1,5,4,0,0,0,310,-1200,0,1,0.64,-41.0,2.5333,,,0,
bid,C,820,-380,,,10C_1 10D_2 10S_1 9C_1 AC_1 AD_2 AH_1 JC_1 JS_2 KC_2 QC_1 QH_2,160,3,6,2,1,0,0,310,1200,1,0,0.9933,341.5333,-52.0,,,1,
fold,D,820,-380,350,110,10D_2 9D_1 9S_2 AC_1 AC_2 AD_2 JC_2 JD_1 JD_2 QC_2 QS_1 QS_2,310,3,5,4,0,1,0,300,1200,0,0,1.0,,,337.4667,-410.0,,0
bid,H,0,0,,,10C_2 10H_2 9C_1 AC_1 AH_2 JC_1 JH_1 JH_2 JS_1 QD_1 QH_2 QS_2,0,2,5,4,0,0,0,300,0,0,0,0.7333,71.0667,-18.1333,,,1,
bid,C,0,0,,,AC_2 AS_2 JD_1 JD_2 JS_2 KC_2 KS_1 KS_2 QC_1 QC_2 QD_2 QH_1,40,2,4,4,0,0,0,310,0,0,0,0.4867,-70.2667,131.6667,,,0,
bid,H,0,0,,,10D_1 10H_1 10S_1 10S_2 9H_1 9S_1 AD_1 AD_2 JC_2 KC_1 KD_2 QS_1,10,2,2,4,0,0,0,310,0,1,0,0.12,-386.0,83.5333,,,0,
bid,S,0,0,,,10C_1 10D_2 9C_2 9D_1 9D_2 9H_2 9S_2 AH_1 AS_1 KD_1 KH_1 KH_2,10,2,2,4,0,0,0,310,0,0,1,0.0067,-448.6,-58.8,,,0,
bid,C,30,-300,,,10C_1 10D_2 9D_1 9S_1 AC_1 AC_2 JC_1 JD_1 KC_2 KS_1 KS_2 QS_1,60,2,5,4,0,1,0,300,330,0,0,0.5733,-48.8,125.3333,,,0,
bid,D,-300,30,,,10C_2 10D_1 10H_2 10S_2 9C_2 AD_1 AH_2 AS_1 AS_2 JC_2 JD_2 QD_1,0,4,4,3,0,0,0,300,-330,0,0,0.64,13.1333,157.7333,,,0,
bid,H,30,-300,,,9C_1 9D_2 9H_2 9S_2 AH_1 JH_1 JH_2 KD_1 KH_2 QH_1 QH_2 QS_2,50,1,7,2,0,0,0,300,330,0,1,0.8733,210.3333,-127.9333,,,1,
bid,D,-300,30,,,10H_1 10S_1 9H_1 AD_2 JS_1 JS_2 KC_1 KD_2 KH_1 QC_1 QC_2 QD_2,60,1,3,3,0,0,0,340,-330,0,1,0.12,-396.8667,117.4,,,0,
fold,H,30,-300,110,50,9C_1 9D_2 9H_2 AC_2 AH_1 JD_1 JH_1 JH_2 KH_2 QH_1 QH_2 QS_1,90,2,7,2,0,1,0,330,330,0,0,0.1,,,-388.7333,-380.0,,1
bid,S,-250,-300,,,10S_1 9C_2 9H_1 AD_1 AH_1 AH_2 AS_1 AS_2 JH_2 KS_2 QD_2 QS_2,40,5,5,4,0,0,0,300,50,0,0,0.9067,241.4667,58.8,,,1,
bid,D,-300,-250,,,10D_1 10H_1 9S_1 AD_2 JD_2 JS_1 KC_1 KS_1 QC_1 QC_2 QD_1 QH_1,20,1,4,3,0,0,0,340,-50,0,0,0.36,-246.8,109.1333,,,0,
bid,H,-250,-300,,,10D_2 10H_2 9D_1 9H_2 9S_2 AC_2 JC_1 JD_1 JS_2 KD_1 KH_1 QH_2,50,1,4,4,0,0,0,340,50,1,0,0.2733,-297.6667,54.8667,,,0,
bid,C,-300,-250,,,10C_1 10C_2 10S_2 9C_1 9D_2 AC_1 JC_2 JH_1 KC_2 KD_2 KH_2 QS_1,10,1,6,2,0,0,0,340,-50,0,1,0.4867,-101.4667,6.9333,,,0,
fold,S,-250,-300,220,30,10S_1 9C_2 9H_1 AC_2 AS_1 AS_2 JD_1 JH_2 JS_2 KS_2 QD_2 QS_2,190,3,6,2,1,1,0,330,50,0,0,0.7533,,,77.4667,-360.0,,0
bid,C,-220,170,,,10C_2 10D_1 9C_1 9H_2 9S_1 AC_2 AD_2 KC_2 KH_1 KH_2 QC_2 QH_1,70,2,5,4,0,0,0,300,-390,0,0,0.76,64.2,16.6,,,1,
bid,D,170,-220,,,10D_2 10H_2 10S_2 9C_2 AD_1 AS_1 JC_1 JH_1 JH_2 KC_1 KS_1 QD_1,0,2,3,3,0,0,0,310,390,0,0,0.1533,-374.4667,-24.7333,,,0,
bid,D,-220,170,,,10C_1 10S_1 9D_2 9H_1 AH_1 AS_2 JC_2 JD_1 KD_2 QD_2 QS_1 QS_2,90,2,4,4,0,1,0,310,-390,1,0,0.7133,115.8667,166.6667,,,0,
bid,C,170,-220,,,10H_1 9D_1 9S_2 AC_1 AH_2 JD_2 JS_1 JS_2 KD_1 KS_2 QC_1 QH_2,0,2,2,4,0,0,0,310,390,0,1,0.12,-399.2667,76.3333,,,0,
fold,C,-220,170,130,10,10C_2 10S_1 9C_1 9H_2 9S_1 AC_2 JD_1 KC_2 KH_1 QC_2 QH_1 QS_1,110,1,5,3,0,1,0,300,-390,0,0,0.2667,,,-254.0667,-310.0,,0
bid,S,270,-520,,,10C_2 10D_2 10S_2 AS_2 JS_1 KC_1 KS_1 QD_1 QD_2 QH_1 QH_2 QS_2,150,1,5,3,1,0,0,300,790,0,0,0.88,134.0,159.5333,,,0,
bid,C,-520,270,,,10D_1 10H_1 10S_1 9C_2 9D_2 9H_2 AD_2 JC_1 KC_2 KH_1 QC_1 QC_2,50,1,5,3,0,0,0,300,-790,0,0,0.4267,-194.5333,-108.3333,,,0,
bid,C,270,-520,,,10C_1 9H_1 9S_2 AC_2 AH_1 AH_2 JC_2 JD_1 JD_2 KD_2 KH_2 QS_1,40,3,3,4,0,1,0,300,790,0,1,0.6533,47.3333,180.0667,,,0,
fold,C,-520,270,60,60,9C_1 9D_1 9S_1 AC_1 AS_1 JH_1 JH_2 JS_2 KC_2 KS_2 QC_1 QC_2,50,2,5,4,0,0,0,250,-790,0,0,0.18,,,-311.5333,-310.0,,1
bid,D,-770,430,,,10C_1 10D_1 10S_2 9C_2 9D_1 9H_1 9H_2 AD_1 KC_1 KH_1 QD_2 QS_1,10,1,4,3,0,0,0,300,-1200,0,0,0.2533,-304.3333,-66.4,,,0,
bid,D,430,-770,,,10D_2 10H_2 AD_2 AH_2 AS_1 JD_2 JS_1 JS_2 KC_2 KD_2 QC_1 QS_2,60,3,4,4,0,1,0,300,1200,0,0,0.7133,59.0,119.2667,,,0,
bid,C,-770,430,,,10C_2 10H_1 10S_1 9C_1 AC_2 AS_2 JC_2 JH_2 KS_1 KS_2 QC_2 QD_1,10,2,5,4,0,0,0,300,-1200,0,1,0.6,-21.2,-50.5333,,,1,
fold,H,430,-770,100,20,9D_2 9S_2 AH_1 AH_2 JC_1 JD_1 JD_2 JH_1 KH_2 QH_1 QH_2 QS_2,80,2,6,3,0,1,0,250,1200,0,0,0.4467,,,-132.2667,-270.0,,0
bid,S,700,-670,,,10C_2 10D_1 10S_2 9C_1 9S_2 JD_1 JH_2 JS_1 JS_2 KH_2 KS_1 QC_1,10,0,5,3,0,0,0,300,1370,0,0,0.3267,-249.0,-170.0667,,,0,
bid,H,-670,700,,,10D_2 10H_2 10S_1 9C_2 9D_2 9H_2 AH_2 JH_1 KC_1 KC_2 KS_2 QH_1,10,1,5,3,0,0,0,300,-1370,0,0,0.48,-159.9333,-134.6667,,,0,
bid,D,700,-670,,,9D_1 9H_1 9S_1 AC_1 AD_1 AD_2 AS_1 JC_2 KD_2 QC_2 QD_2 QS_1,50,4,5,3,0,0,0,300,1370,0,1,0.7667,119.4667,127.8667,,,0,
bid,H,-670,700,,,10C_1 10H_1 AC_2 AH_1 AS_2 JC_1 JD_2 KD_1 KH_1 QD_1 QH_2 QS_2,100,3,4,3,0,1,0,310,-1370,0,1,0.8733,215.2,158.0,,,1,
bid,D,700,-670,,,9D_1 9H_1 9S_1 AC_1 AD_1 AD_2 AS_1 JC_2 KD_2 QC_2 QD_2 QS_1,50,4,5,3,0,0,0,320,1370,0,1,0.7067,78.8667,123.3333,,,0,
fold,H,-670,700,110,30,10H_1 10H_2 AH_1 AH_2 JC_1 JD_2 KD_1 KH_1 QD_1 QH_1 QH_2 QS_2,100,2,7,3,0,1,0,310,-1370,0,0,0.2467,,,-278.4,-340.0,,0
bid,H,-980,850,,,10H_1 10H_2 9S_1 9S_2 AC_1 AH_2 JH_2 KD_1 KS_1 QD_1 QH_1 QS_2,40,2,5,4,0,0,0,300,-1830,0,0,0.7067,35.6,94.7333,,,0,
bid,C,850,-980,,,10C_2 9C_1 9H_2 AD_2 AS_2 JD_1 JS_1 KC_1 KH_1 QC_2 QH_2 QS_1,110,2,4,3,0,1,0,300,1830,0,0,0.6267,1.2,90.6,,,0,
bid,D,-980,850,,,10C_1 10D_2 10S_1 10S_2 9C_2 9D_2 9H_1 AD_1 JC_1 JC_2 JD_2 KH_2,10,1,4,4,0,0,0,310,-1830,0,1,0.1933,-343.3333,-60.0,,,0,
bid,C,850,-980,,,10D_1 9D_1 AC_2 AH_1 AS_1 JH_1 JS_2 KC_2 KD_2 KS_2 QC_1 QD_2,60,3,3,4,0,0,0,310,1830,1,0,0.6067,-62.0,16.2667,,,0,
fold,C,850,-980,170,50,10C_2 9C_1 9H_2 AC_2 JD_1 KC_1 KC_2 KH_1 QC_1 QC_2 QH_2 QS_1,150,1,7,3,0,1,0,300,1830,0,0,0.68,,,-7.4,-350.0,,0
bid,S,0,0,,,10C_2 10S_1 10S_2 9H_1 9S_2 AD_2 JC_2 JH_2 JS_1 KS_1 QD_1 QS_2,50,1,6,2,0,0,0,300,0,0,0,0.64,-12.7333,-76.6667,,,1,
bid,H,0,0,,,10D_1 9D_1 9D_2 AC_1 AH_2 JH_1 KC_1 KH_1 KS_2 QH_1 QH_2 QS_1,60,2,5,3,0,0,0,310,0,0,0,0.76,88.6,47.8,,,1,
bid,D,0,0,,,10C_1 10D_2 10H_2 9C_1 9C_2 9H_2 9S_1 AD_1 JC_1 JS_2 KD_1 QD_2,40,1,4,4,0,0,0,320,0,1,0,0.32,-304.8,-112.0,,,0,
bid,S,0,0,,,10H_1 AC_2 AH_1 AS_1 AS_2 JD_1 JD_2 KC_2 KD_2 KH_2 QC_1 QC_2,20,4,2,4,0,0,0,320,0,1,0,0.3533,-209.2,386.0,,,0,
bid,S,0,0,,,10C_2 10S_1 10S_2 9H_1 9S_2 AD_2 JC_2 JH_2 JS_1 KS_1 QD_1 QS_2,50,1,6,2,0,0,0,320,0,0,1,0.6,-46.2,-27.6,,,0,
bid,H,0,0,,,10D_1 9D_1 9D_2 AC_1 AH_2 JH_1 KC_1 KH_1 KS_2 QH_1 QH_2 QS_1,60,2,5,3,0,0,0,330,0,0,1,0.7533,106.4667,162.6667,,,0,
fold,S,0,0,80,80,10H_2 10S_1 10S_2 9S_2 AD_1 JC_2 JH_2 JS_1 JS_2 KS_1 QD_1 QS_2,50,1,7,2,0,0,0,320,0,0,0,0.0267,,,-475.1333,-400.0,,1
bid,D,80,-320,,,10C_2 9D_1 AD_2 JS_1 KD_1 KD_2 KH_1 KS_2 QD_2 QH_1 QH_2 QS_2,90,1,5,3,0,0,0,300,400,0,0,0.5267,-78.4,64.4,,,0,
bid,S,-320,80,,,10H_1 10S_1 10S_2 9C_1 AC_1 AH_1 JC_2 JH_2 KC_1 KS_1 QD_1 QS_1,40,2,4,4,0,0,0,300,-400,0,0,0.56,-69.6667,43.8,,,0,
bid,S,80,-320,,,10D_2 10H_2 9C_2 9H_1 9H_2 9S_2 AC_2 AS_2 JD_1 JH_1 JS_2 KH_2,10,2,3,5,0,0,0,300,400,0,1,0.1467,-381.7333,-20.5333,,,0,
fold,C,-320,80,240,70,10C_1 9D_2 9S_1 AC_1 AD_1 JC_1 JD_2 KC_1 KC_2 QC_1 QC_2 QS_1,230,2,7,3,1,1,0,250,-400,0,0,1.0,,,245.3333,-320.0,,0
bid,H,110,210,,,10C_2 10H_1 10H_2 9C_1 9D_2 9H_2 AH_1 AS_1 JH_2 KH_1 QD_1 QS_1,10,2,6,2,0,0,0,300,-100,0,0,0.7267,101.2,-16.5333,,,1,
bid,D,210,110,,,10D_1 10D_2 10S_2 9S_2 AC_1 AD_2 JC_1 JC_2 JD_2 JS_2 KC_1 KS_1,0,2,4,4,0,0,0,340,100,0,0,0.14,-371.6,124.9333,,,0,
bid,D,110,210,,,9C_2 9D_1 9H_1 9S_1 AD_1 JD_1 KD_1 KD_2 KS_2 QC_1 QD_2 QH_2,50,1,6,2,0,0,0,340,-100,1,0,0.52,-90.2,12.3333,,,0,
bid,S,210,110,,,10C_1 10S_1 AC_2 AH_2 AS_2 JH_1 JS_1 KC_2 KH_2 QC_2 QH_1 QS_2,40,3,4,4,0,0,0,340,100,0,1,0.4333,-142.1333,141.4,,,0,
fold,H,110,210,270,60,10H_1 10H_2 9C_1 9D_2 9H_2 AH_1 JD_1 JH_2 KH_1 KS_2 QH_2 QS_1,220,1,7,2,1,1,0,330,-100,0,0,1.0,,,264.1333,-390.0,,0
bid,C,370,530,,,10C_2 10S_2 9C_1 AC_1 AD_1 AH_1 JC_1 JC_2 KC_2 KH_1 QC_1 QS_2,160,3,7,2,1,0,0,300,-160,0,0,1.0,438.9333,-17.8,,,1,
bid,S,530,370,,,10S_1 9C_2 9D_2 9S_1 9S_2 AH_2 JD_1 JD_2 JS_2 KC_1 KH_2 KS_1,20,1,5,3,0,0,0,340,160,0,0,0.3733,-141.4667,98.0667,,,0,
bid,D,370,530,,,10D_1 9D_1 9H_1 AS_1 AS_2 JH_1 JS_1 KD_1 KS_2 QC_2 QD_1 QH_1,50,2,4,4,0,0,0,340,-160,1,0,0.2667,-273.2,73.4,,,0,
bid,D,530,370,,,10C_1 10D_2 10H_1 10H_2 9H_2 AC_2 AD_2 JH_2 KD_2 QD_2 QH_2 QS_1,40,2,4,5,0,0,0,340,160,0,1,0.4933,-122.6,70.1333,,,0,
fold,C,370,530,200,30,10C_2 9C_1 AC_1 AH_1 AS_1 AS_2 JC_1 JC_2 KC_2 QC_1 QC_2 QS_2,160,4,8,3,1,0,0,330,-160,0,0,1.0,,,383.4667,-360.0,,0
bid,S,610,770,,,10C_2 10S_2 9C_2 9D_2 9H_1 AS_2 JH_1 JH_2 KD_2 KH_2 KS_1 QS_2,40,1,4,4,0,0,0,300,-160,0,0,0.52,-159.5333,-32.1333,,,0,
bid,D,770,610,,,9S_2 AC_1 AD_2 AS_1 JD_1 JD_2 JS_1 KC_1 KD_1 QD_1 QD_2 QS_1,80,3,6,4,0,1,0,310,160,0,0,0.9733,445.1333,49.0667,,,1,
bid,D,610,770,,,10C_1 10D_1 10D_2 10H_1 10H_2 9C_1 9S_1 AC_2 AD_1 KC_2 KS_2 QH_2,0,2,3,4,0,0,0,320,-160,1,0,0.0533,-439.6667,8.3333,,,0,
bid,H,770,610,,,10S_1 9D_1 9H_2 AH_1 AH_2 JC_1 JC_2 JS_2 KH_1 QC_1 QC_2 QH_1,50,2,5,4,0,0,0,320,160,1,0,0.2533,-318.9333,-14.6,,,0,
bid,S,610,770,,,10C_2 10S_2 9C_2 9D_2 9H_1 AS_2 JH_1 JH_2 KD_2 KH_2 KS_1 QS_2,40,1,4,4,0,0,0,320,-160,0,1,0.38,-249.0,27.8667,,,0,
fold,D,770,610,130,30,10S_1 9S_2 AD_2 AH_1 AH_2 JD_1 JD_2 JS_1 KD_1 QD_1 QD_2 QS_1,80,3,6,4,0,1,0,310,160,0,0,0.78,,,107.4,-340.0,,0
bid,H,460,720,,,10D_1 10H_2 9H_1 AH_1 AS_2 JC_1 JD_1 KC_1 KD_2 KH_1 QD_2 QH_2,70,2,5,4,0,0,0,300,-260,0,0,0.8067,128.9333,-1.1333,,,1,
bid,H,720,460,,,10D_2 10H_1 10S_1 10S_2 JH_2 JS_1 JS_2 KD_1 KH_2 KS_1 QD_1 QH_1,60,0,4,5,0,0,0,340,260,0,0,0.3267,-290.8667,-54.6,,,0,
bid,S,460,720,,,10C_2 9C_2 9D_1 9S_1 9S_2 AC_1 AD_1 AH_2 JH_1 KS_2 QS_1 QS_2,60,3,5,3,0,0,0,340,-260,1,0,0.6067,26.4667,104.6,,,0,
bid,C,720,460,,,10C_1 9C_1 9D_2 9H_2 AC_2 AD_2 AS_1 JC_2 JD_2 KC_2 QC_1 QC_2,160,3,7,3,1,0,0,340,260,0,1,1.0,413.3333,33.8667,,,1,
bid,H,460,720,,,10D_1 10H_2 9H_1 AH_1 AS_2 JC_1 JD_1 KC_1 KD_2 KH_1 QD_2 QH_2,70,2,5,4,0,0,0,350,-260,0,1,0.6867,39.0,123.0667,,,0,
fold,C,720,460,200,70,10C_1 10D_2 10H_1 10S_2 9C_1 9H_2 AC_2 JC_2 JD_2 KC_2 QC_1 QC_2,160,1,7,2,1,0,0,340,260,0,0,0.5467,,,-133.5333,-410.0,,0
bid,S,380,670,,,10D_1 10D_2 9H_2 9S_2 AS_2 KD_1 KD_2 KH_2 KS_1 QC_1 QH_1 QS_1,70,1,4,4,0,0,0,300,-290,0,0,0.44,-173.6,45.4,,,0,
bid,H,670,380,,,9D_2 9S_1 AC_1 AH_1 AH_2 AS_1 JC_1 JS_1 JS_2 KC_1 KH_1 QH_2,40,4,4,4,0,0,0,300,290,0,0,0.7133,19.2,34.1333,,,0,
bid,D,380,670,,,10C_2 10H_2 10S_1 10S_2 9C_1 9D_1 AD_2 JC_2 JD_1 JH_1 KS_2 QC_2,10,1,3,4,0,0,0,300,-290,0,1,0.1533,-385.7333,-37.8,,,0,
fold,H,670,380,90,70,10H_1 9C_2 9H_1 AC_1 AC_2 AH_1 AH_2 JD_2 JH_2 QD_1 QD_2 QS_2,50,4,5,3,0,1,0,250,290,0,0,0.5933,,,-87.7333,-320.0,,0
bid,H,920,540,,,10D_1 AC_2 AD_1 AD_2 AH_1 JC_1 KH_1 KH_2 KS_1 QD_1 QH_1 QH_2,80,4,5,4,0,0,0,300,380,0,0,0.9867,335.4667,189.4,,,1,
bid,D,540,920,,,10C_1 10D_2 10H_1 10S_1 10S_2 AC_1 JD_2 JH_1 KC_1 KD_1 QD_2 QS_1,80,1,4,3,0,1,0,300,-380,0,0,0.64,-13.0667,63.6667,,,0,
bid,H,920,540,,,10C_2 10H_2 9C_1 9H_1 9H_2 AH_2 AS_1 JH_2 JS_1 KC_2 KS_2 QC_2,40,2,5,4,0,0,0,300,380,0,1,0.4733,-130.5333,-82.6667,,,0,
fold,S,540,920,340,60,10H_1 9D_1 9D_2 9S_1 9S_2 AS_2 JD_1 JD_2 JS_2 QC_1 QS_1 QS_2,320,1,6,4,0,1,0,250,-380,0,0,1.0,,,317.4667,-310.0,,0
bid,H,0,0,,,9H_2 9S_1 9S_2 AC_2 AD_1 AH_1 AS_1 JC_2 JD_1 JH_1 KC_1 QS_2,150,4,3,4,0,1,1,300,0,0,0,0.9467,211.3333,256.8667,,,0,
bid,C,0,0,,,10S_2 9C_2 AC_1 AD_2 AH_2 AS_2 KC_2 KD_2 KS_2 QC_1 QH_1 QH_2,150,4,4,3,0,0,1,300,0,0,0,0.9933,301.1333,121.1333,,,1,
bid,D,0,0,,,10D_2 10H_1 10S_1 9D_1 9D_2 9H_1 JC_1 JH_2 KD_1 KH_1 KS_1 QC_2,20,0,4,4,0,0,0,340,0,0,1,0.0733,-422.5333,-142.2667,,,0,
bid,C,0,0,,,10C_1 10C_2 10D_1 10H_2 9C_1 JD_2 JS_1 JS_2 KH_2 QD_1 QD_2 QS_1,50,0,3,4,0,1,0,340,0,1,0,0.12,-416.3333,124.1333,,,0,
fold,C,0,0,220,140,10C_1 9C_2 AC_1 AD_2 AH_2 AS_2 JD_2 KC_2 QC_1 QH_1 QH_2 QS_1,190,4,5,3,0,1,1,330,0,0,0,1.0,,,193.4667,-470.0,,0
bid,H,360,250,,,10S_2 9D_1 9H_2 9S_1 9S_2 AH_1 AH_2 JD_1 JH_1 KC_1 KS_2 QH_1,10,2,5,4,0,0,0,300,110,0,0,0.4133,-186.7333,68.3333,,,0,
bid,S,250,360,,,10H_2 10S_1 AC_1 AC_2 AD_1 AS_1 AS_2 JD_2 JH_2 JS_2 QC_1 QD_1,0,5,4,3,0,0,0,300,-110,0,0,0.5733,-44.5333,237.0667,,,0,
bid,H,360,250,,,10C_1 10D_1 9C_2 9D_2 9H_1 JC_1 JS_1 KD_1 KH_2 QC_2 QH_2 QS_1,50,0,3,4,0,0,0,300,110,0,1,0.18,-392.5333,-73.7333,,,0,
fold,D,250,360,290,40,10D_2 9C_1 AD_1 AD_2 JD_2 KC_2 KD_2 KH_1 KS_1 QD_1 QD_2 QS_2,290,2,7,2,1,1,1,250,-110,0,0,1.0,,,269.8667,-290.0,,0
bid,C,720,470,,,10D_1 9C_2 9D_1 9D_2 AS_1 JD_2 KC_1 KD_1 KH_1 KH_2 QC_2 QS_2,90,1,3,5,0,1,0,300,250,0,0,0.3133,-262.7333,73.2,,,0,
bid,C,470,720,,,10H_2 9C_1 9H_1 AC_1 AC_2 AH_2 JC_1 JH_1 JH_2 JS_2 QD_1 QS_1,10,3,4,5,0,0,0,300,-250,0,0,0.4867,-128.8667,109.8,,,0,
bid,D,720,470,,,10C_2 10D_2 9S_1 9S_2 AD_1 AD_2 JC_2 JD_1 KD_2 KS_1 QC_1 QD_2,150,2,6,3,1,0,0,300,250,0,1,0.9733,205.4,-9.6,,,1,
bid,S,470,720,,,10C_1 10H_1 10S_1 10S_2 9H_2 AH_1 AS_2 JS_1 KC_2 KS_2 QH_1 QH_2,0,2,5,5,0,0,0,340,-250,0,1,0.5333,-75.5333,-2.6,,,0,
fold,D,720,470,310,0,10D_2 9S_2 AD_1 AD_2 AS_1 JC_2 JD_1 JD_2 KD_2 QC_1 QD_2 QS_2,190,3,7,3,1,1,0,330,250,0,0,1.0,,,414.4,-330.0,,0
bid,H,0,0,,,10C_1 10H_1 9C_2 9D_1 9H_1 AD_2 AH_2 JC_1 JC_2 KH_1 KS_1 QH_1,50,2,5,4,0,0,0,300,0,0,0,0.6867,-4.3333,-126.6,,,1,
bid,H,0,0,,,10D_2 9D_2 9S_2 AD_1 AS_2 JH_2 JS_2 KC_2 KH_2 QD_1 QH_2 QS_1,40,2,3,4,0,0,0,310,0,0,0,0.4933,-138.6667,40.8667,,,0,
bid,H,0,0,,,10H_2 10S_1 10S_2 9H_2 9S_1 AC_2 AH_1 JD_1 JS_1 KS_2 QC_1 QD_2,10,2,3,5,0,0,0,310,0,1,0,0.26,-274.2,101.5333,,,0,
bid,C,0,0,,,10C_2 10D_1 9C_1 AC_1 AS_1 JD_2 JH_1 KC_1 KD_1 KD_2 QC_2 QS_2,90,2,5,4,0,1,0,310,0,0,1,0.7733,127.3333,116.8667,,,1,
bid,H,0,0,,,10C_1 10H_1 9C_2 9D_1 9H_1 AD_2 AH_2 JC_1 JC_2 KH_1 KS_1 QH_1,50,2,5,4,0,0,0,320,0,0,1,0.66,-19.5333,19.3333,,,0,
fold,C,0,0,130,30,10C_2 9C_1 AC_1 AD_1 JD_2 JH_1 KC_1 KC_2 KD_1 QC_2 QS_1 QS_2,90,2,6,3,0,1,0,310,0,0,0,0.36,,,-200.0667,-340.0,,0
bid,D,-310,120,,,10C_2 9D_2 9H_2 9S_1 AD_2 AS_2 JD_1 JD_2 KC_1 KH_1 QD_2 QS_1,50,2,5,3,0,1,0,300,-430,0,0,0.6933,96.2667,15.6667,,,1,
bid,D,120,-310,,,10D_1 10D_2 10H_2 9H_1 9S_2 AD_1 JS_1 KD_1 QC_2 QD_1 QH_2 QS_2,100,1,5,3,0,0,1,340,430,0,0,0.4067,-182.4,128.4,,,0,
bid,C,-310,120,,,10C_1 10H_1 10S_1 AC_2 JC_1 JC_2 JH_1 JH_2 JS_2 KD_2 KS_1 KS_2,0,1,4,4,0,0,0,340,-430,1,0,0.0933,-413.3333,5.6667,,,0,
bid,C,120,-310,,,10S_2 9C_1 9C_2 9D_1 AC_1 AH_1 AH_2 AS_1 KC_2 KH_2 QC_1 QH_1,80,4,5,4,0,0,0,340,430,0,1,0.8133,169.0,74.0,,,1,
bid,D,-310,120,,,10C_2 9D_2 9H_2 9S_1 AD_2 AS_2 JD_1 JD_2 KC_1 KH_1 QD_2 QS_1,50,2,5,3,0,1,0,350,-430,0,1,0.6,35.9333,137.6,,,0,
fold,C,120,-310,100,40,9C_1 9C_2 9D_1 AC_1 AD_1 AH_2 KC_2 KH_2 QC_1 QC_2 QH_1 QS_2,80,3,6,3,0,0,0,340,430,0,0,0.0533,,,-415.0,-380.0,,1
bid,D,-220,-270,,,10C_2 10D_1 10S_2 9S_2 AC_1 AC_2 JS_2 KC_2 KD_1 KS_1 QD_2 QH_1,40,2,3,4,0,0,0,300,50,0,0,0.32,-257.2667,50.7333,,,0,
bid,H,-270,-220,,,10S_1 9C_1 9C_2 9D_2 9H_2 AH_1 AH_2 JC_1 KH_1 KH_2 QH_2 QS_2,50,2,6,3,0,0,0,300,-50,0,0,0.5467,-72.8,-41.1333,,,0,
bid,D,-220,-270,,,10H_2 9D_1 9H_1 AS_1 JC_2 JD_1 JD_2 JH_2 KC_1 KD_2 KS_2 QD_1,50,1,5,3,0,0,0,300,50,0,1,0.4733,-131.6,-71.2667,,,0,
fold,D,-270,-220,30,90,10D_2 9S_1 AD_1 AD_2 AH_1 AH_2 JH_1 JS_1 QC_1 QC_2 QS_1 QS_2,0,4,3,4,0,0,0,250,-50,0,0,0.0267,,,-430.2667,-340.0,,1
bid,S,-520,-130,,,10C_1 10D_1 10H_2 9D_2 AD_1 AS_2 JC_2 KS_2 QC_2 QD_2 QH_1 QS_2,100,2,3,4,0,0,1,300,-390,0,0,0.2267,-324.4667,89.2,,,0,
bid,D,-130,-520,,,10C_2 10D_2 10H_1 9S_2 AC_2 AD_2 AH_2 JD_2 KD_1 KH_2 KS_1 QS_1,60,3,4,3,0,1,0,300,390,0,0,0.7067,72.2667,113.3333,,,0,
bid,D,-520,-130,,,10S_1 9C_2 9D_1 9H_1 9H_2 AC_1 AS_1 JC_1 JH_2 KD_2 QC_1 QD_1,50,2,3,4,0,0,0,340,-390,0,1,0.1067,-422.7333,-74.8667,,,0,
bid,H,-130,-520,,,10S_2 9C_1 9S_1 AH_1 JD_1 JH_1 JS_1 JS_2 KC_1 KC_2 KH_1 QH_2,40,1,4,4,0,0,0,340,390,1,0,0.3533,-258.4667,192.4,,,0,
fold,D,-130,-520,80,140,10D_2 10S_2 9S_2 AD_2 AH_1 AH_2 JD_1 JD_2 KD_1 KH_2 KS_1 QS_1,60,3,5,4,0,1,0,330,390,0,0,0.02,,,-539.8667,-470.0,,1
bid,D,-460,-380,,,10D_1 10D_2 9D_2 AH_1 AS_1 AS_2 JC_1 JC_2 JD_1 KD_2 QD_2 QH_1,50,3,6,2,0,0,0,300,-80,0,0,0.7067,109.8667,205.2,,,0,
bid,S,-380,-460,,,10S_2 AC_1 AD_1 AH_2 JS_2 KC_1 KD_1 KS_1 KS_2 QH_2 QS_1 QS_2,80,3,6,2,0,0,0,300,80,0,0,0.84,311.1333,106.2,,,1,
bid,S,-460,-380,,,10C_1 10S_1 9C_2 9H_1 9S_1 AD_2 JH_1 JS_1 KC_2 KH_1 KH_2 QD_1,10,1,3,4,0,0,0,300,-80,0,1,0.02,-454.4,-77.0,,,0,
fold,S,-380,-460,50,30,10S_2 9C_1 9D_1 9H_2 9S_2 AC_2 JD_2 JH_2 QC_1 QC_2 QS_1 QS_2,50,1,4,4,0,1,0,250,80,0,0,0.0067,,,-423.6667,-280.0,,1
bid,D,-630,-430,,,10C_1 10C_2 9C_1 9D_2 AD_2 AS_1 JD_1 JD_2 JH_1 JS_1 KH_2 KS_2,10,2,4,3,0,0,0,300,-200,0,0,0.2,-306.7333,69.4,,,0,
bid,D,-430,-630,,,10D_2 10H_1 9H_2 9S_1 AC_1 AC_2 AD_1 JC_2 KD_2 KS_1 QC_2 QD_2,40,3,4,4,0,0,0,300,200,0,0,0.68,-18.4667,25.0667,,,0,
bid,H,-630,-430,,,10D_1 10H_2 9C_2 9H_1 9S_2 JC_1 JS_2 KC_1 KH_1 QC_1 QH_1 QH_2,70,0,5,4,0,0,0,300,-200,0,1,0.4467,-185.3333,-141.9333,,,0,
fold,H,-430,-630,170,70,10H_1 9D_1 AC_1 AD_1 AH_1 AH_2 AS_2 JH_2 KD_1 QD_1 QS_1 QS_2,120,5,4,4,0,0,1,250,200,0,0,1.0,,,202.0,-320.0,,0
bid,C,-100,-470,,,10S_2 9C_1 9C_2 9H_1 AC_1 AD_2 AH_2 JC_2 JH_2 QD_1 QD_2 QH_2,20,3,4,4,0,0,0,300,370,0,0,0.48,-139.4,-75.9333,,,0,
bid,S,-470,-100,,,10D_1 10S_1 9D_1 9D_2 9S_2 AS_2 JS_1 KC_2 KD_1 KH_1 QH_1 QS_1,30,1,5,4,0,0,0,300,-370,0,0,0.48,-135.6,-79.6667,,,0,
bid,S,-100,-470,,,10C_1 10C_2 10D_2 10H_1 10H_2 9S_1 AD_1 AH_1 JH_1 KS_1 KS_2 QS_2,50,2,4,4,0,0,0,300,370,0,1,0.4067,-207.1333,159.2,,,0,
fold,C,-470,-100,140,40,9H_2 AC_2 AS_2 JC_1 JD_1 JD_2 JS_2 KC_1 KC_2 QC_1 QC_2 QS_1,120,2,6,3,0,1,0,250,-370,0,0,0.92,,,130.5333,-290.0,,0
bid,D,-180,40,,,10C_2 10D_1 9C_1 9D_1 9S_2 AD_1 AS_1 JC_1 JH_2 KH_2 QH_2 QS_2,30,2,3,3,0,0,0,300,-220,0,0,0.1,-413.2667,60.6667,,,0,
bid,S,40,-180,,,9C_2 9S_1 AC_1 AC_2 AH_2 AS_2 JD_2 JH_1 JS_2 KD_1 QC_1 QD_1,30,4,3,4,0,0,0,300,220,0,0,0.36,-217.4,191.6,,,0,
bid,S,-180,40,,,10C_1 10D_2 10H_2 10S_2 9H_2 KC_2 KD_2 KH_1 KS_1 QC_2 QD_2 QS_1,160,0,3,3,0,0,1,300,-220,0,1,0.26,-332.8667,26.0,,,0,
fold,D,40,-180,70,190,9D_2 9H_1 AD_2 AH_1 JC_2 JD_1 JD_2 JS_1 KD_1 KS_2 QD_1 QH_1,50,2,6,3,0,0,0,250,220,0,0,0.2733,,,-392.6667,-440.0,,0
bid,C,290,80,,,10C_2 10H_2 10S_2 9S_2 AC_2 JC_2 JH_1 JH_2 JS_2 KD_1 KS_1 QH_1,0,1,3,4,0,0,0,300,210,0,0,0.2333,-338.4667,-46.0,,,0,
bid,D,80,290,,,10C_1 9D_1 9H_1 9S_1 AD_1 AD_2 AS_2 KD_2 KS_2 QC_2 QD_1 QS_2,70,3,5,4,0,0,0,300,-210,0,0,0.5733,-55.6,51.4,,,0,
bid,C,290,80,,,10D_1 10D_2 10H_1 9D_2 AH_1 AS_1 JC_1 JD_2 KC_1 KH_1 QC_1 QS_1,80,2,3,4,0,1,0,300,210,0,1,0.4867,-126.0,91.2667,,,0,
fold,H,80,290,140,60,9C_1 9C_2 9H_2 AD_1 AH_2 AS_2 JD_1 JS_1 KH_2 QD_2 QH_2 QS_2,90,3,4,3,0,1,0,250,-210,0,0,0.98,,,137.5333,-310.0,,0
bid,C,340,480,,,10D_1 9H_1 9H_2 AC_2 AH_2 AS_2 JS_1 KC_1 KD_1 QC_1 QC_2 QS_1,40,3,4,3,0,0,0,300,-140,0,0,0.7867,81.1333,85.2,,,0,
bid,D,480,340,,,10D_2 10S_1 9S_2 AC_1 AD_2 JC_1 JC_2 JD_2 KD_2 QD_2 QH_1 QH_2,150,2,5,3,1,0,0,300,140,0,0,0.9933,232.4667,62.8667,,,1,
bid,S,340,480,,,10H_1 9C_2 9S_1 AD_1 AS_1 JD_1 KC_2 KH_1 KH_2 KS_1 KS_2 QS_2,90,2,5,3,0,1,0,340,-140,0,1,0.4,-177.0,183.3333,,,0,
bid,H,480,340,,,10C_1 10C_2 10H_2 10S_2 9C_1 9D_1 9D_2 AH_1 JH_1 JH_2 JS_2 QD_1,0,1,4,3,0,0,0,340,140,1,0,0.16,-387.7333,8.8667,,,0,
fold,D,480,340,170,80,10D_2 10S_2 9S_2 AD_2 AH_1 JC_2 JD_2 KD_2 QD_1 QD_2 QH_1 QH_2,150,2,6,3,1,0,0,330,140,0,0,0.58,,,-101.0,-410.0,,0
bid,C,150,550,,,10C_2 10H_2 9D_1 9H_1 JC_2 JS_1 KC_1 KD_1 KD_2 KS_1 QC_1 QD_2,60,0,4,4,0,0,0,300,-400,0,0,0.5,-180.2667,-79.0,,,0,
bid,C,550,150,,,10H_1 10S_2 9C_1 9S_1 AC_2 JD_1 JD_2 JH_1 KC_2 QC_2 QD_1 QH_1,50,1,4,3,0,0,0,300,400,0,0,0.3933,-201.4,7.2667,,,0,
bid,C,150,550,,,10S_1 9C_2 9H_2 AC_1 AD_2 AH_1 AH_2 AS_1 AS_2 JC_1 KS_2 QH_2,110,6,3,4,0,0,1,300,-400,0,1,0.96,232.0,190.2,,,1,
fold,D,550,150,350,170,10D_1 10D_2 10S_2 9D_2 9S_2 AD_1 JD_1 JD_2 JH_2 JS_2 QS_1 QS_2,310,1,6,5,0,1,0,250,400,0,0,1.0,,,259.4667,-420.0,,0
bid,S,0,0,,,10H_1 10S_2 AD_1 AD_2 AH_1 AS_1 KC_1 KC_2 KH_2 KS_2 QH_1 QS_1,60,4,4,4,0,0,0,300,0,0,0,0.8467,164.8,354.4,,,0,
bid,C,0,0,,,10C_1 9C_1 9C_2 9D_1 9H_1 9H_2 9S_1 9S_2 AH_2 JS_1 KS_1 QH_2,20,1,3,4,0,0,0,300,0,0,0,0.0867,-440.0667,-211.9333,,,0,
bid,D,0,0,,,10D_1 10H_2 9D_2 AC_1 AS_2 JC_2 JD_1 JD_2 JH_1 KD_1 QC_1 QD_1,50,2,6,3,0,0,0,300,0,0,1,0.6733,83.5333,18.1333,,,1,
bid,C,0,0,,,10C_2 10D_2 10S_1 AC_2 JC_1 JH_2 JS_2 KD_2 KH_1 QC_2 QD_2 QS_2,20,1,4,3,0,0,0,310,0,0,1,0.4933,-131.5333,-10.8667,,,0,
bid,D,0,0,,,10D_1 10H_2 9D_2 AC_1 AS_2 JC_2 JD_1 JD_2 JH_1 KD_1 QC_1 QD_1,50,2,6,3,0,0,0,320,0,0,1,0.6133,34.6667,-27.8667,,,1,
bid,C,0,0,,,10C_2 10D_2 10S_1 AC_2 JC_1 JH_2 JS_2 KD_2 KH_1 QC_2 QD_2 QS_2,20,1,4,3,0,0,0,330,0,0,1,0.38,-204.8,95.0,,,0,
fold,D,0,0,220,50,10D_1 9D_2 AD_1 AD_2 JC_2 JD_1 JD_2 JH_1 KD_1 QC_1 QD_1 QS_1,200,2,8,2,1,1,0,320,0,0,0,1.0,,,253.7333,-370.0,,0
bid,S,100,420,,,10S_1 10S_2 9C_1 9S_1 9S_2 AC_2 AS_2 JD_1 JS_2 KD_2 KH_2 KS_2,20,2,7,2,0,0,0,300,-320,0,0,0.66,105.4667,-94.6,,,1,
bid,D,420,100,,,10C_1 10D_1 9H_2 AC_1 AD_2 AH_1 JD_2 KD_1 QC_2 QD_2 QH_2 QS_2,250,3,5,3,1,1,1,340,320,0,0,0.9933,340.6,257.8,,,1,
bid,D,100,420,,,10D_2 10H_2 9D_1 9H_1 AD_1 AH_2 JC_2 KC_1 KH_1 KS_1 QC_1 QS_1,50,2,3,4,0,0,0,350,-320,1,0,0.1,-407.8667,82.5333,,,0,
bid,S,420,100,,,10C_2 10H_1 9C_2 9D_2 AS_1 JC_1 JH_1 JH_2 JS_1 KC_2 QD_1 QH_1,0,1,2,4,0,0,0,350,320,1,0,0.0267,-498.5333,-90.3333,,,0,
bid,S,100,420,,,10S_1 10S_2 9C_1 9S_1 9S_2 AC_2 AS_2 JD_1 JS_2 KD_2 KH_2 KS_2,20,2,7,2,0,0,0,350,-320,0,1,0.6067,47.9333,72.9333,,,0,
bid,D,420,100,,,10C_1 10D_1 9H_2 AC_1 AD_2 AH_1 JD_2 KD_1 QC_2 QD_2 QH_2 QS_2,250,3,5,3,1,1,1,360,320,0,1,0.9733,341.6667,313.6667,,,1,
fold,S,100,420,230,120,10S_1 10S_2 9C_1 9S_1 9S_2 AD_1 AS_2 JD_1 JS_2 KS_1 KS_2 QS_1,210,2,9,2,1,1,0,350,-320,0,0,1.0,,,294.5333,-470.0,,0
bid,D,550,570,,,10D_2 10S_1 10S_2 9C_1 9C_2 9H_2 AD_1 AS_2 JD_1 JD_2 KD_2 QS_1,40,2,5,4,0,1,0,300,-20,0,0,0.8533,225.8667,48.7333,,,1,
bid,H,570,550,,,10H_1 AC_1 AD_2 AH_2 AS_1 JH_1 KC_1 KH_2 QC_1 QD_1 QD_2 QH_2,270,4,5,3,1,0,1,340,20,0,0,1.0,403.2,263.6,,,1,
bid,C,550,570,,,10C_1 10D_1 9D_1 9H_1 9S_1 AC_2 JC_1 KC_2 KD_1 KS_1 QH_1 QS_2,20,1,4,3,0,0,0,350,-20,1,0,0.2533,-308.2667,98.4,,,0,
bid,H,570,550,,,10C_2 10H_2 9D_2 9S_2 AH_1 JC_2 JH_2 JS_1 JS_2 KH_1 KS_2 QC_2,0,1,4,4,0,0,0,350,20,1,0,0.2133,-353.0,-1.1333,,,0,
bid,D,550,570,,,10D_2 10S_1 10S_2 9C_1 9C_2 9H_2 AD_1 AS_2 JD_1 JD_2 KD_2 QS_1,40,2,5,4,0,1,0,350,-20,0,1,0.7533,137.2,77.6667,,,1,
fold,H,570,550,270,80,10H_1 10H_2 AC_1 AD_2 AH_1 AH_2 AS_1 JH_1 KH_1 KH_2 QC_1 QH_2,250,5,8,2,1,0,1,340,20,0,0,1.0,,,394.0,-420.0,,0
bid,C,0,0,,,10D_2 9C_1 9C_2 9H_2 AH_1 AS_2 JD_1 JH_1 KC_1 KC_2 KH_1 QC_1,60,2,5,4,0,0,0,300,0,0,0,0.6267,1.8,-21.0667,,,1,
bid,C,0,0,,,10C_1 10H_1 10H_2 9D_2 9S_2 AC_2 AD_2 JC_2 JS_1 QD_2 QH_2 QS_2,0,2,3,3,0,0,0,300,0,0,0,0.2467,-315.4,90.8,,,0,
bid,S,0,0,,,10C_2 10D_1 10S_2 9H_1 AC_1 AS_1 JS_2 KD_2 KH_2 KS_1 QH_1 QS_1,170,2,5,3,1,0,0,300,0,0,1,0.9933,251.9333,30.1333,,,1,
bid,D,0,0,,,10S_1 9D_1 9S_1 AD_1 AH_2 JC_1 JD_2 JH_2 KD_1 KS_2 QC_2 QD_1,50,2,5,3,0,0,0,340,0,0,1,0.4733,-136.8,105.6667,,,0,
fold,S,0,0,230,40,10S_2 9H_1 AC_1 AH_1 AS_1 AS_2 JD_1 JS_2 KH_2 KS_1 QH_1 QS_1,210,4,6,4,1,1,0,330,0,0,0,1.0,,,292.6667,-370.0,,0
bid,H,120,400,,,10C_2 9D_2 9S_1 AD_1 AH_1 AH_2 JD_2 JH_2 KC_1 KH_1 QH_1 QH_2,40,3,6,3,0,0,0,300,-280,0,0,0.8333,170.6667,11.1333,,,1,
bid,C,400,120,,,10H_1 10S_2 9C_2 AC_1 AC_2 AD_2 AS_1 KD_1 KD_2 KH_2 KS_2 QC_2,10,4,4,3,0,0,0,340,280,0,0,0.3133,-241.6667,109.5333,,,0,
bid,S,120,400,,,10H_2 10S_1 9D_1 9H_2 9S_2 JC_1 JC_2 JS_1 JS_2 QD_2 QS_1 QS_2,10,0,6,2,0,0,0,340,-280,1,0,0.3733,-191.8667,-20.3333,,,0,
bid,C,400,120,,,10C_1 10D_1 10D_2 9C_1 9H_1 AS_2 JD_1 JH_1 KC_2 KS_1 QC_1 QD_1,50,1,4,4,0,0,0,340,280,0,1,0.3067,-273.0,30.1333,,,0,
fold,H,120,400,200,30,10H_2 9D_2 9S_1 AH_1 AH_2 JD_2 JH_2 KH_1 QH_1 QH_2 QS_1 QS_2,190,2,7,3,1,1,0,330,-280,0,0,0.6067,,,-22.8,-360.0,,0
bid,D,510,490,,,10D_2 9C_2 9S_1 9S_2 AD_1 JC_2 KD_2 KH_2 KS_2 QD_1 QH_1 QS_2,80,1,4,4,0,0,0,300,20,0,0,0.6267,-65.4,-14.0,,,0,
bid,S,490,510,,,10S_2 9C_1 AC_1 AH_2 JD_2 JS_2 KC_2 KS_1 QC_1 QD_2 QH_2 QS_1,160,2,4,4,0,1,1,300,-20,0,0,0.58,-41.6,194.0,,,0,
bid,H,510,490,,,10D_1 10H_1 10S_1 9D_1 9D_2 9H_1 9H_2 AC_2 AH_1 JC_1 JH_2 KC_1,20,2,5,3,0,0,0,300,20,0,1,0.32,-236.9333,-113.0,,,0,
fold,S,490,510,60,100,AD_2 AH_2 AS_1 AS_2 JD_1 JD_2 JH_1 JS_1 KD_1 KH_1 QC_2 QS_1,40,4,4,4,0,1,0,250,-20,0,0,0.22,,,-329.2667,-350.0,,0
bid,S,240,740,,,10D_2 10H_1 10H_2 9C_2 9H_1 9S_2 AS_1 JD_2 JH_1 JS_2 QC_2 QS_2,50,1,4,4,0,1,0,300,-500,0,0,0.3267,-276.0667,-53.8,,,0,
bid,C,740,240,,,10C_1 10D_1 10S_1 AC_2 AH_2 AS_2 JC_2 KC_2 KH_2 QD_1 QD_2 QH_2,20,3,4,3,0,0,0,300,500,0,0,0.68,29.2,22.0667,,,1,
bid,D,240,740,,,10C_2 10S_2 9D_1 9D_2 9H_2 AC_1 AD_1 AD_2 AH_1 KC_1 KD_1 QS_1,20,4,5,3,0,0,0,300,-500,0,1,0.6,-16.0,90.6,,,0,
fold,H,740,240,140,60,9C_1 9S_1 AH_2 JC_1 JD_1 JH_2 JS_1 KH_1 KH_2 QC_1 QH_1 QH_2,120,1,6,3,0,0,1,250,500,0,0,0.8667,,,58.6,-310.0,,0
bid,H,0,0,,,9C_1 9D_2 9S_2 AH_1 AH_2 JH_2 JS_1 KD_1 KD_2 KH_1 QH_1 QS_1,40,2,5,3,0,0,0,300,0,0,0,0.5667,-74.4667,94.4667,,,0,
bid,C,0,0,,,10C_1 10D_1 10H_2 10S_1 9H_1 JC_2 JD_2 KC_2 KS_2 QC_1 QC_2 QH_2,40,0,5,3,0,0,0,300,0,0,0,0.5467,-115.2,-29.0,,,0,
bid,S,0,0,,,10C_2 10S_2 9D_1 9S_1 AC_1 AD_1 AS_1 JC_1 JH_1 JS_2 KH_2 KS_1,10,3,5,3,0,0,0,300,0,0,1,0.7267,52.2,-70.8,,,1,
bid,D,0,0,,,10D_2 10H_1 9C_2 9H_2 AC_2 AD_2 AS_2 JD_1 KC_1 QD_1 QD_2 QS_2,40,3,5,3,0,1,0,340,0,0,1,0.7,103.6,117.6,,,0,
fold,S,0,0,190,60,10S_2 9D_1 9S_1 AC_1 AH_2 AS_1 JC_1 JH_1 JS_1 JS_2 KS_1 QS_1,160,3,7,2,1,0,0,330,0,0,0,0.9867,,,244.5333,-390.0,,0
bid,S,130,370,,,10S_2 9C_1 9D_2 9S_2 JS_1 KD_2 KH_1 KS_1 KS_2 QC_1 QH_1 QS_1,70,0,6,2,0,0,0,300,-240,0,0,0.7133,37.0667,1.8,,,1,
bid,D,370,130,,,10D_1 10D_2 10H_1 10S_1 9C_2 9D_1 9H_2 AC_1 AD_1 JC_1 JD_2 QH_2,10,2,5,3,0,0,0,310,240,0,0,0.26,-296.6,-21.5333,,,0,
bid,H,130,370,,,AD_2 AH_1 AH_2 JC_2 JD_1 JH_1 KC_1 KC_2 KH_2 QD_1 QD_2 QS_2,40,3,4,4,0,1,0,310,-240,1,0,0.52,-72.7333,238.4,,,0,
bid,S,370,130,,,10C_1 10C_2 10H_2 9H_1 9S_1 AC_2 AS_1 AS_2 JH_2 JS_2 KD_1 QC_2,10,3,4,4,0,0,0,310,240,0,1,0.0467,-412.2667,64.0,,,0,
fold,S,130,370,190,10,10S_2 9D_2 9S_2 AH_2 JD_1 JS_1 KH_1 KS_1 KS_2 QH_1 QS_1 QS_2,150,1,7,3,0,1,0,300,-240,0,0,0.8933,,,170.8,-310.0,,0
bid,H,450,500,,,10C_2 10D_2 9C_1 9D_2 9H_2 AS_1 JD_1 JS_1 KD_1 QC_1 QS_1 QS_2,50,1,1,4,0,1,0,300,-50,0,0,0.32,-270.7333,-19.4,,,0,
bid,D,500,450,,,10H_1 9C_2 9D_1 AD_1 JC_2 JS_2 KC_1 KH_1 KH_2 KS_1 KS_2 QD_1,10,1,3,3,0,0,0,300,50,0,0,0.06,-439.8667,-20.7333,,,0,
bid,S,450,500,,,10D_1 10S_1 10S_2 9S_1 AC_1 AD_2 AH_2 JC_1 JH_1 KC_2 QD_2 QH_1,10,3,3,3,0,0,0,300,-50,0,1,0.4267,-202.0667,-17.4667,,,0,
fold,H,500,450,180,50,10H_1 10H_2 9H_1 9S_2 AC_2 AH_1 JD_2 JH_2 KH_1 KH_2 QC_2 QH_2,160,2,8,2,1,0,0,250,50,0,0,1.0,,,252.0,-300.0,,0
bid,S,900,530,,,10D_2 10S_2 9C_1 9S_2 AC_1 AH_1 AS_1 JD_1 JH_1 KS_1 QH_1 QS_2,90,3,5,3,0,1,0,300,370,0,0,0.88,218.2,65.3333,,,1,
bid,C,530,900,,,10C_1 10C_2 10H_1 10H_2 10S_1 9C_2 9S_1 AC_2 AS_2 KH_1 KS_2 QD_1,10,2,4,4,0,0,0,340,-370,0,0,0.16,-363.4,86.2,,,0,
bid,D,900,530,,,10D_1 9H_2 AD_1 AH_2 JD_2 JS_1 KC_1 KC_2 KD_2 QC_2 QH_2 QS_1,60,2,4,3,0,1,0,340,370,1,0,0.5267,-95.8,193.1333,,,0,
bid,D,530,900,,,9D_1 9D_2 9H_1 AD_2 JC_1 JC_2 JH_2 JS_2 KD_1 KH_2 QC_1 QD_2,60,1,5,3,0,0,0,340,-370,0,1,0.1133,-399.8,-8.2,,,0,
fold,S,900,530,480,30,10S_2 9C_1 9S_2 AS_1 JD_1 JD_2 JH_1 JS_1 KS_1 QH_1 QS_1 QS_2,460,1,7,2,1,1,0,330,370,0,0,1.0,,,523.3333,-360.0,,0
bid,S,0,0,,,10C_2 10S_2 9C_1 9S_2 AS_1 JC_2 JD_2 JH_1 JS_1 KD_1 QD_1 QD_2,70,1,4,4,0,0,1,300,0,0,0,0.2467,-308.8667,23.6667,,,0,
bid,H,0,0,,,10C_1 9H_2 AH_1 AH_2 JH_2 KC_1 KD_2 KS_1 KS_2 QH_1 QS_1 QS_2,50,2,5,4,0,0,0,300,0,0,0,0.3733,-168.4,142.0667,,,0,
bid,C,0,0,,,10D_1 10D_2 10H_2 9C_2 AC_2 AD_1 JC_1 KC_2 KH_2 QC_1 QC_2 QH_2,70,2,6,3,0,0,0,300,0,0,1,0.8867,208.8,61.0667,,,1,
bid,D,0,0,,,10H_1 10S_1 9D_1 9D_2 9H_1 9S_1 AC_1 AD_2 AS_2 JD_1 JS_2 KH_1,20,3,4,4,0,0,0,340,0,0,1,0.14,-359.0,106.8,,,0,
fold,C,0,0,210,40,10C_2 9C_2 AC_2 AD_1 JC_1 JC_2 JD_2 KC_2 KH_2 QC_1 QC_2 QH_2,180,2,8,2,1,0,0,330,0,0,0,1.0,,,286.0,-370.0,,0
bid,D,120,380,,,10C_1 10D_2 10H_1 9C_1 9D_1 9H_1 9S_1 AD_1 JC_1 JC_2 JH_2 QH_2,10,1,3,4,0,0,0,300,-260,0,0,0.0667,-451.7333,-170.8,,,0,
bid,S,380,120,,,10D_1 10S_1 9C_2 AC_1 AC_2 AH_2 AS_2 JD_1 KH_2 KS_1 QD_1 QS_2,80,4,4,3,0,1,0,300,260,0,0,0.9133,242.4667,218.0667,,,1,
bid,S,120,380,,,10C_2 10H_2 10S_2 9S_2 AH_1 AS_1 JD_2 JH_1 JS_2 KC_1 KS_2 QC_1,30,2,5,3,0,0,0,300,-260,0,1,0.68,43.0,2.0667,,,1,
fold,D,380,120,340,30,10D_1 9D_2 AD_2 JD_1 KC_2 KD_1 KH_1 QC_2 QD_2 QH_1 QS_1 QS_2,300,1,6,2,1,1,1,250,260,0,0,1.0,,,335.6,-280.0,,0
bid,H,890,230,,,10D_1 9C_1 9H_1 9H_2 AC_2 JC_1 JD_2 KH_1 KH_2 QC_1 QC_2 QH_1,60,1,5,5,0,0,0,300,660,0,0,0.6267,-2.6667,-32.2667,,,1,
bid,S,230,890,,,10D_2 9C_2 AD_2 AH_1 AH_2 AS_2 JH_1 KS_2 QD_1 QD_2 QS_1 QS_2,40,4,4,4,0,0,0,300,-660,0,0,0.7867,142.3333,269.4667,,,0,
bid,S,890,230,,,10C_1 10H_1 10H_2 9D_2 AC_1 AD_1 AS_1 JC_2 JH_2 JS_1 JS_2 KD_1,0,3,3,3,0,0,0,310,660,0,1,0.18,-351.3333,5.5333,,,0,
bid,S,230,890,,,10C_2 10S_1 10S_2 9D_1 9S_1 9S_2 JD_1 KC_1 KC_2 KD_2 KS_1 QH_2,20,0,5,3,0,0,0,310,-660,1,0,0.1667,-356.8,12.4,,,0,
fold,S,230,890,100,20,10C_2 10S_2 9C_2 AD_2 AS_2 JD_1 JH_1 KS_2 QD_1 QD_2 QS_1 QS_2,80,2,5,4,0,1,0,300,-660,0,0,0.12,,,-343.6667,-320.0,,1
bid,C,-70,910,,,10S_2 9C_2 9D_1 9H_2 9S_1 AC_1 AD_2 JS_1 KH_1 KH_2 KS_2 QD_2,10,2,2,4,0,0,0,300,-980,0,0,0.0533,-428.4,16.8667,,,0,
bid,H,910,-70,,,10C_1 10D_1 10H_2 10S_1 AC_2 AH_2 JC_2 JH_1 JH_2 KC_1 QH_2 QS_1,0,2,5,4,0,0,0,300,980,0,0,0.7067,48.0,-42.1333,,,1,
bid,D,-70,910,,,10D_2 9D_2 AS_1 AS_2 JD_2 JS_2 KD_1 KD_2 QC_2 QD_1 QH_1 QS_2,150,2,6,4,0,1,1,310,-980,0,1,0.7867,229.4,188.7333,,,1,
bid,C,910,-70,,,10C_2 10H_1 9C_1 9H_1 9S_2 AD_1 AH_1 JC_1 JD_1 KC_2 KS_1 QC_1,50,2,5,3,0,0,0,320,980,1,0,0.62,13.5333,13.8,,,0,
bid,H,910,-70,,,10C_1 10D_1 10H_2 10S_1 AC_2 AH_2 JC_2 JH_1 JH_2 KC_1 QH_2 QS_1,0,2,5,4,0,0,0,320,980,0,1,0.6533,11.7333,13.8667,,,0,
fold,D,-70,910,310,20,10D_2 9D_2 AC_1 AD_2 JD_2 KD_1 KD_2 QC_2 QD_1 QD_2 QH_1 QS_2,300,2,8,2,1,1,1,310,-980,0,0,1.0,,,427.3333,-330.0,,0
bid,S,980,440,,,10H_2 10S_1 9C_2 9D_2 9H_1 AC_1 AS_2 JC_2 JD_2 JS_1 KS_1 QC_2,0,2,4,4,0,0,0,300,540,0,0,0.4933,-120.0667,-40.7333,,,0,
bid,H,440,980,,,10C_2 9D_1 9S_1 AD_1 AH_2 JD_1 JS_2 KC_1 KH_1 QD_1 QD_2 QH_2,40,2,3,5,0,0,0,300,-540,0,0,0.4067,-199.3333,10.7333,,,0,
bid,H,980,440,,,10C_1 10D_1 10S_2 9H_2 AD_2 JH_1 JH_2 KD_1 KH_2 QC_1 QH_1 QS_2,50,1,5,3,0,0,0,300,540,0,1,0.46,-148.7333,-29.0667,,,0,
fold,S,440,980,120,20,9C_1 9S_2 AC_2 AD_1 AS_1 JC_1 JD_1 JS_2 KC_2 KD_2 KS_2 QS_1,90,3,5,4,0,1,0,250,-540,0,0,0.9133,,,155.4,-270.0,,0
bid,C,0,0,,,9C_1 9C_2 AD_1 AH_1 AH_2 JC_1 JC_2 JS_1 KC_2 KD_1 QC_1 QD_2,80,3,6,3,0,0,0,300,0,0,0,0.72,110.3333,104.9333,,,1,
bid,C,0,0,,,10C_1 10C_2 10D_1 10H_1 10S_2 9D_2 9H_1 9S_1 AC_2 JD_1 JD_2 JH_2,0,1,3,4,0,0,0,300,0,0,0,0.2133,-328.0667,-25.9333,,,0,
bid,S,0,0,,,10D_2 AD_2 AS_1 JH_1 JS_2 KC_1 KD_2 KS_2 QC_2 QD_1 QH_2 QS_1,140,2,4,4,0,0,1,300,0,0,1,0.7267,31.8667,178.1333,,,0,
fold,S,0,0,120,180,10C_1 10S_1 9D_1 9H_2 9S_2 AS_2 JD_1 JD_2 KH_1 KS_1 QH_1 QS_2,110,1,5,3,0,1,0,250,0,0,0,0.4867,,,-290.5333,-430.0,,0
bid,D,260,290,,,10C_2 9D_2 9H_2 AH_1 AS_1 JC_2 JD_1 JH_1 KD_1 KD_2 KH_2 QD_2,50,2,5,4,0,0,0,300,-30,0,0,0.56,-62.5333,-56.6667,,,0,
bid,C,290,260,,,10C_1 10S_1 10S_2 9C_1 9H_1 AC_2 JC_1 KC_2 KH_1 KS_1 QH_1 QS_2,50,1,5,4,0,0,0,300,30,0,0,0.5267,-128.0,-19.0,,,0,
bid,S,260,290,,,10D_1 10D_2 10H_2 9C_2 9S_2 AD_1 AS_2 JS_2 KS_2 QC_2 QD_1 QH_2,10,2,4,4,0,0,0,300,-30,0,1,0.2867,-253.5333,-57.1333,,,0,
fold,C,290,260,110,30,10S_1 9D_1 9S_1 AC_1 AC_2 JD_2 JH_2 JS_1 KC_1 QC_1 QS_1 QS_2,80,2,4,5,0,1,0,250,30,0,0,0.5133,,,-124.8,-280.0,,0
bid,D,620,320,,,10C_2 9C_1 AC_2 AD_2 JD_1 JS_2 KC_2 KD_1 KD_2 KH_1 QD_2 QS_2,80,2,5,4,0,1,0,300,300,0,0,0.82,168.2667,1.5333,,,1,
bid,H,320,620,,,10C_1 10H_2 10S_1 9D_2 AH_1 JC_1 JH_1 JS_1 KC_1 KS_2 QC_1 QH_1,20,1,4,4,0,0,0,340,-300,0,0,0.4,-208.0667,-67.2667,,,0,
bid,D,620,320,,,10D_2 10H_1 10S_2 9C_2 9D_1 9H_2 AD_1 AS_2 JH_2 KS_1 QC_2 QH_2,10,2,3,4,0,0,0,340,300,1,0,0.04,-456.8,-62.9333,,,0,
bid,S,320,620,,,10D_1 9H_1 9S_1 9S_2 AC_1 AH_2 AS_1 JC_2 JD_2 KH_2 QD_1 QS_1,60,3,4,3,0,1,0,340,-300,0,1,0.3067,-242.0,192.4667,,,0,
fold,D,620,320,220,70,10D_2 9C_1 AD_1 AD_2 AS_2 JD_1 JS_2 KC_2 KD_1 KD_2 QD_2 QS_2,190,3,7,3,1,1,0,330,300,0,0,0.9933,,,218.7333,-400.0,,0
bid,C,0,0,,,10D_1 10D_2 10H_2 9D_1 9H_1 9S_1 AC_2 JH_2 KH_1 KH_2 QD_2 QS_2,0,1,1,5,0,0,0,300,0,0,0,0.0467,-452.0,-38.4,,,0,
bid,S,0,0,,,10H_1 10S_1 9D_2 9H_2 AC_1 AD_2 AH_1 AS_1 JD_1 KC_1 KD_1 QH_1,100,4,2,4,0,0,1,300,0,0,0,0.8,73.9333,170.7333,,,0,
bid,S,0,0,,,10C_1 10S_2 9C_1 9S_2 AS_2 JC_1 JD_2 KC_2 KD_2 KS_1 QD_1 QS_1,110,1,5,4,0,1,0,300,0,0,1,0.78,99.8667,13.7333,,,1,
bid,D,0,0,,,10C_2 9C_2 AD_1 AH_2 JC_2 JH_1 JS_1 JS_2 KS_2 QC_1 QC_2 QH_2,0,2,1,5,0,0,0,340,0,0,1,0.02,-465.3333,-2.5333,,,0,
fold,S,0,0,120,100,10D_2 10S_2 9C_1 9S_2 AC_2 AS_2 JD_2 KD_2 KS_1 QD_1 QS_1 QS_2,110,2,6,4,0,1,0,330,0,0,0,0.2333,,,-353.0,-430.0,,0
bid,C,180,-330,,,10D_2 10S_1 9S_1 AC_2 JD_2 JH_2 KC_1 KD_1 KH_2 QC_2 QH_1 QH_2,60,1,3,4,0,0,0,300,510,0,0,0.3533,-256.4667,19.2667,,,0,
bid,D,-330,180,,,10C_1 10H_1 9C_1 9H_1 AD_1 AH_1 AS_2 JC_2 JD_1 KD_2 KS_1 QD_2,40,3,4,3,0,0,0,300,-510,0,0,0.76,55.2667,38.9333,,,1,
bid,D,180,-330,,,10C_2 10H_2 10S_2 9C_2 9S_2 AD_2 AH_2 JC_1 JS_1 KH_1 QC_1 QS_2,0,2,1,4,0,0,0,310,510,0,1,0.0267,-465.8,45.0,,,0,
bid,S,-330,180,,,10D_1 9D_1 9D_2 9H_2 AC_1 AS_1 JH_1 JS_2 KC_2 KS_2 QD_1 QS_1,40,2,4,4,0,0,0,310,-510,1,0,0.5733,-87.8,-5.6667,,,0,
fold,D,-330,180,210,40,10D_1 9C_1 9H_1 AD_1 AH_1 AS_2 JC_2 JD_1 KD_2 QD_1 QD_2 QS_1,190,3,6,2,1,1,0,300,-510,0,0,1.0,,,276.6667,-340.0,,0
bid,S,50,300,,,10H_1 10S_1 9C_2 AC_1 AS_1 JC_2 JH_2 JS_1 KD_1 QD_2 QH_2 QS_1,20,2,4,3,0,0,0,300,-250,0,0,0.5,-134.6667,30.6667,,,0,
bid,D,300,50,,,10D_1 10D_2 10S_2 9C_1 9H_2 AD_2 JD_1 JS_2 KC_1 KC_2 KS_1 QD_1,0,1,5,3,0,0,0,300,250,0,0,0.38,-215.4667,52.5333,,,0,
bid,H,50,300,,,10C_1 10C_2 10H_2 AD_1 AH_1 AH_2 JC_1 JD_2 JH_1 KH_2 QH_1 QS_2,190,3,6,3,1,1,0,300,-250,0,1,1.0,366.8,110.8,,,1,
bid,S,300,50,,,9D_1 9D_2 9H_1 9S_1 9S_2 AC_2 AS_2 KD_2 KH_1 KS_2 QC_1 QC_2,20,2,4,3,0,0,0,340,250,0,1,0.0533,-414.2667,74.6667,,,0,
fold,H,50,300,210,20,10H_1 10H_2 AH_1 AH_2 JC_1 JD_2 JH_1 KH_2 QH_1 QH_2 QS_1 QS_2,190,2,8,2,1,1,0,330,-250,0,0,1.0,,,262.9333,-350.0,,0
bid,S,320,510,,,10H_1 10S_1 9C_2 9D_2 9S_1 AD_2 AH_1 AS_1 JS_2 KC_1 KS_2 QH_1,10,3,5,3,0,0,0,300,-190,0,0,0.6533,19.2667,-15.4667,,,1,
bid,D,510,320,,,10C_1 10S_2 9C_1 9H_1 AH_2 JC_1 JC_2 KC_2 KD_1 QD_2 QH_2 QS_1,40,1,2,5,0,0,0,300,190,0,0,0.16,-395.9333,-45.5333,,,0,
bid,C,320,510,,,10D_2 9D_1 9S_2 AC_1 AC_2 JD_1 JD_2 JH_2 KH_1 KH_2 KS_1 QC_1,0,2,3,4,0,0,0,300,-190,0,1,0.2333,-295.3333,207.6667,,,0,
fold,D,510,320,80,20,10D_1 9H_2 AD_1 JH_1 JS_1 KD_1 KD_2 QC_2 QD_1 QD_2 QS_1 QS_2,80,1,6,3,0,0,0,250,190,0,0,0.3133,,,-205.4667,-270.0,,0
bid,H,260,340,,,9C_2 9D_1 9D_2 AH_1 JD_2 JH_2 KC_2 KD_1 KH_2 KS_2 QH_1 QS_2,180,1,4,4,0,1,1,300,-80,0,0,0.78,59.9333,62.6667,,,0,
bid,C,340,260,,,10D_2 10S_1 9C_1 9H_1 JC_1 JC_2 JS_1 KC_1 KH_1 QC_2 QD_2 QH_2,70,0,5,3,0,0,0,300,80,0,0,0.3667,-259.0667,-132.0,,,0,
bid,S,260,340,,,10C_1 10H_2 10S_2 9S_2 AH_2 AS_1 AS_2 JH_1 KD_2 QC_1 QD_1 QS_1,30,3,5,3,0,0,0,300,-80,0,1,0.4533,-147.6,123.0,,,0,
fold,D,340,260,40,220,10C_2 10D_1 10D_2 10S_1 9H_2 AC_1 AC_2 AD_1 AD_2 JD_1 JS_2 QD_2,0,4,6,3,0,0,0,250,80,0,0,0.34,,,-353.8667,-470.0,,0
bid,D,90,580,,,10D_1 9D_1 9H_1 9S_2 AD_2 AS_2 JD_1 KD_2 KS_2 QC_2 QD_2 QH_2,160,2,6,3,1,0,0,300,-490,0,0,1.0,317.7333,-35.4,,,1,
bid,C,580,90,,,10C_2 9D_2 AH_1 JC_1 JC_2 JH_1 JH_2 JS_2 KC_2 KS_1 QC_1 QD_1,40,1,5,3,0,0,0,340,490,0,0,0.44,-188.1333,-5.8,,,0,
bid,C,90,580,,,10C_1 10D_2 10H_2 10S_2 9C_1 9H_2 9S_1 AC_1 AH_2 JD_2 JS_1 QS_1,50,2,3,4,0,1,0,340,-490,1,0,0.2133,-339.4667,99.8667,,,0,
bid,H,580,90,,,10H_1 10S_1 9C_2 AC_2 AD_1 AS_1 KC_1 KD_1 KH_1 KH_2 QH_1 QS_2,40,3,4,3,0,0,0,340,490,0,1,0.56,-14.2667,127.8667,,,0,
fold,D,90,580,260,50,10D_1 10D_2 9D_1 9S_2 AD_2 JD_1 JD_2 KD_2 QC_2 QD_2 QH_2 QS_1,260,1,8,2,1,1,1,330,-490,0,0,1.0,,,304.5333,-380.0,,0
bid,H,730,500,,,10H_1 10S_1 9H_2 AC_1 AH_1 AH_2 AS_2 JC_1 JH_2 JS_1 JS_2 KC_1,10,4,5,4,0,0,0,300,230,0,0,0.6933,33.4,59.0667,,,0,
bid,S,500,730,,,10D_1 10D_2 10H_2 9S_2 AC_2 AD_1 JH_1 KS_2 QC_2 QH_1 QH_2 QS_2,50,2,3,4,0,0,0,300,-230,0,0,0.2933,-286.5333,150.0667,,,0,
bid,D,730,500,,,9C_1 9D_1 9H_1 AD_2 JD_1 JD_2 KC_2 KD_1 KD_2 KS_1 QC_1 QD_2,70,1,7,3,0,0,0,300,230,0,1,0.7867,162.4,-89.8667,,,1,
bid,S,500,730,,,10C_1 10C_2 10S_2 9C_2 9D_2 9S_1 AS_1 JC_2 KH_1 KH_2 QD_1 QS_1,10,1,4,4,0,0,0,340,-230,0,1,0.18,-336.7333,79.7333,,,0,
bid,C,530,400,,,10D_2 10S_2 9C_2 9D_1 9S_2 AC_2 AH_1 AH_2 JD_2 JH_2 QD_2 QH_1,10,3,2,4,0,0,0,300,130,0,0,0.1133,-391.2,62.2667,,,0,
bid,C,400,530,,,10C_1 10H_1 10S_1 9C_1 9H_1 AC_1 AD_2 AS_1 KC_1 KD_1 QC_1 QH_2,50,3,5,3,0,0,0,300,-130,0,0,0.9133,201.5333,-21.6667,,,1,
bid,S,530,400,,,10C_2 10H_2 AD_1 AS_2 JS_2 KC_2 KD_2 KH_1 KS_2 QD_1 QS_1 QS_2,140,2,5,3,0,0,1,340,130,0,1,0.58,-44.4,221.2,,,0,
bid,D,400,530,,,10D_1 9D_2 9H_2 9S_1 JC_1 JC_2 JD_1 JH_1 JS_1 KH_2 KS_1 QC_2,50,0,3,3,0,0,1,340,-130,1,0,0.06,-462.6,7.4667,,,0,
fold,C,400,530,160,130,10C_1 9C_1 9H_1 AC_1 AD_2 AS_1 JC_1 JD_1 KC_1 QC_1 QC_2 QH_2,160,3,7,2,1,0,0,330,-130,0,0,0.74,,,-0.2667,-460.0,,0
bid,C,740,730,,,10C_1 10D_2 10H_2 9D_2 9H_1 9S_2 AC_1 AS_1 JC_2 JS_1 QS_1 QS_2,0,2,3,5,0,0,0,300,10,0,0,0.3267,-250.3333,30.4667,,,0,
bid,C,730,740,,,10H_1 9H_2 AC_2 AD_1 AD_2 AH_2 AS_2 JH_2 KC_2 KD_2 KS_1 QC_2,140,5,3,4,0,0,1,300,-10,0,0,1.0,270.2,181.9333,,,1,
bid,H,740,730,,,10D_1 10S_2 9C_1 9C_2 9S_1 AH_1 JD_1 JS_2 KH_2 QC_1 QD_2 QH_1,40,1,3,3,0,0,0,340,10,0,1,0.1667,-385.6667,97.8,,,0,
bid,D,730,740,,,10C_2 10S_1 9D_1 JC_1 JD_2 JH_1 KC_1 KD_1 KH_1 KS_2 QD_1 QH_2,150,0,4,3,0,0,1,340,-10,1,0,0.2333,-357.6,161.8,,,0,
fold,C,730,740,260,40,10C_2 10S_1 9H_2 AC_2 AD_1 AD_2 AH_2 AS_2 JD_2 JH_2 KC_2 QC_2,140,5,4,3,0,0,1,330,-10,0,0,1.0,,,327.6,-370.0,,0
bid,D,0,0,,,10D_2 9S_1 9S_2 AC_1 AS_1 KC_1 KD_1 KD_2 KH_1 KS_2 QD_1 QD_2,160,2,5,4,0,0,1,300,0,0,0,0.64,-29.2667,45.5333,,,0,
bid,D,0,0,,,10C_1 10H_1 10H_2 9D_1 9H_2 AD_1 AH_1 JC_1 JC_2 QH_1 QH_2 QS_2,10,2,2,6,0,0,0,300,0,0,0,0.0467,-426.7333,56.4667,,,0,
bid,S,0,0,,,9D_2 AC_2 AS_2 JD_2 JH_1 JS_1 JS_2 KC_2 KH_2 KS_1 QC_1 QS_1,100,2,5,3,0,1,0,300,0,0,1,0.8667,169.1333,68.1333,,,1,
bid,H,0,0,,,10C_2 10D_1 10S_1 10S_2 9C_1 9C_2 9H_1 AD_2 AH_2 JD_1 JH_2 QC_2,10,2,3,4,0,0,0,340,0,0,1,0.06,-441.6667,70.7333,,,0,
fold,S,0,0,160,0,AC_1 AS_1 AS_2 JD_2 JH_1 JS_1 JS_2 KC_2 KS_1 KS_2 QC_1 QS_1,100,3,7,3,0,1,0,330,0,0,0,0.5,,,-62.6667,-330.0,,0
bid,D,50,360,,,10S_2 9C_1 AC_1 AD_2 JD_1 JH_1 KC_1 KD_1 KH_2 QD_2 QH_1 QS_1,100,2,4,3,0,1,0,300,-310,0,0,0.76,65.6667,45.4,,,1,
bid,D,360,50,,,10D_2 9H_1 AD_1 AH_1 AS_1 AS_2 JD_2 JH_2 JS_2 KD_2 KS_1 KS_2,0,4,4,5,0,0,0,300,310,0,0,0.7,69.3333,27.4,,,1,
bid,S,50,360,,,10C_1 10C_2 10H_1 10H_2 9C_2 9S_1 AH_2 JC_1 JS_1 KC_2 QD_1 QH_2,10,1,2,5,0,0,0,300,-310,0,1,0.0667,-471.4667,-64.2667,,,0,
fold,D,360,50,60,100,10D_1 10D_2 9D_1 9D_2 9H_2 9S_2 AD_1 JC_2 JD_2 QC_1 QC_2 QS_2,60,1,6,3,0,1,0,250,310,0,0,0.1867,,,-352.0,-350.0,,1
bid,D,110,150,,,10C_1 10D_2 10H_1 9C_2 9H_2 AD_1 AH_2 JC_1 JH_1 JH_2 KD_1 QD_2,40,2,4,5,0,0,0,300,-40,0,0,0.6,-97.1333,-39.4667,,,0,
bid,C,150,110,,,10S_1 9C_1 9S_1 AC_1 AD_2 JC_2 JD_1 JD_2 JS_1 JS_2 KC_2 QC_2,50,2,5,4,0,0,0,310,40,0,0,0.7667,125.4667,94.6667,,,1,
bid,S,110,150,,,10S_2 9D_1 9H_1 9S_2 AC_2 AH_1 KC_1 KH_1 KH_2 KS_2 QD_1 QS_1,50,2,4,4,0,0,0,320,-40,1,0,0.36,-225.0,40.5333,,,0,
bid,S,150,110,,,10C_2 10D_1 10H_2 9D_2 AS_1 AS_2 KD_2 KS_1 QC_1 QH_1 QH_2 QS_2,40,2,4,3,0,0,0,320,40,1,0,0.1867,-362.0,201.8,,,0,
bid,D,110,150,,,10C_1 10D_2 10H_1 9C_2 9H_2 AD_1 AH_2 JC_1 JH_1 JH_2 KD_1 QD_2,40,2,4,5,0,0,0,320,-40,0,1,0.5533,-103.4,-12.4,,,0,
fold,C,150,110,200,50,10C_2 9C_1 9S_1 AC_1 JC_2 JD_1 JD_2 JS_2 KC_2 QC_1 QC_2 QS_2,200,1,7,3,1,1,0,310,40,0,0,0.7333,,,42.5333,-360.0,,0
bid,C,480,280,,,10H_1 10S_1 9H_1 9H_2 9S_1 AC_1 JH_2 JS_1 KD_1 KH_1 KH_2 QS_1,0,1,1,6,0,0,0,300,200,0,0,0.0867,-435.1333,-92.2667,,,0,
bid,D,280,480,,,10S_2 9C_1 9D_1 9D_2 9S_2 AD_2 AS_2 JD_2 JH_1 JS_2 QC_1 QD_2,20,2,5,4,0,0,0,300,-200,0,0,0.32,-229.1333,-59.4,,,0,
bid,S,480,280,,,10C_1 10C_2 10D_2 10H_2 9C_2 AC_2 AH_1 AH_2 AS_1 KC_1 KC_2 QH_2,0,4,1,6,0,0,0,300,200,0,1,0.1,-402.3333,-1.8,,,0,
fold,D,280,480,290,0,10D_1 AD_1 AD_2 JD_1 JD_2 KD_2 KS_2 QC_2 QD_1 QD_2 QH_1 QS_2,270,2,8,2,1,1,1,250,-200,0,0,1.0,,,366.6667,-250.0,,0
bid,D,760,540,,,10D_1 10H_2 10S_2 9D_2 AC_1 JD_1 JH_2 KD_1 KS_1 KS_2 QC_2 QD_2,50,1,5,3,0,0,0,300,220,0,0,0.5867,-42.2667,-30.6,,,0,
bid,S,540,760,,,10C_1 10C_2 10S_1 9H_1 AC_2 AS_2 JC_2 JH_1 KD_2 KH_1 KH_2 QD_1,20,2,2,4,0,0,0,300,-220,0,0,0.12,-407.0667,-39.1333,,,0,
bid,D,760,540,,,10D_2 9S_1 9S_2 AD_1 AD_2 AH_1 JD_2 KC_1 QC_1 QH_1 QS_1 QS_2,60,3,4,4,0,1,0,300,220,0,1,0.66,38.8667,260.6,,,0,
fold,S,540,760,20,100,10S_1 9C_1 9C_2 9D_1 9H_2 AC_2 AS_1 AS_2 JC_1 JS_1 JS_2 QH_2,0,3,5,4,0,0,0,250,-220,0,0,0.0467,,,-425.4,-350.0,,1
bid,H,290,860,,,10D_2 10H_1 10S_2 9C_1 AH_2 AS_2 JC_1 JH_2 KS_1 QC_1 QC_2 QD_1,0,2,3,4,0,0,0,300,-570,0,0,0.2733,-290.2,33.0667,,,0,
bid,D,860,290,,,10C_1 10C_2 10D_1 9D_1 9D_2 9S_2 AH_1 JD_1 JS_1 KD_1 KH_2 KS_2,20,1,5,3,0,0,0,300,570,0,0,0.2267,-314.0667,-33.6667,,,0,
bid,D,290,860,,,10H_2 10S_1 9H_2 AC_2 AD_2 JD_2 JS_2 KC_2 KD_2 KH_1 QD_2 QH_1,60,2,4,4,0,0,0,300,-570,0,1,0.6667,-30.0,-46.0,,,1,
fold,D,860,290,60,60,10D_1 9C_2 9H_1 9S_1 AD_1 JC_2 JD_1 JH_1 KD_1 QH_2 QS_1 QS_2,40,1,4,3,0,1,0,250,570,0,0,0.0533,,,-410.8667,-310.0,,1
bid,S,610,350,,,10D_2 10H_1 10H_2 9S_1 9S_2 AC_1 AD_2 AS_1 JC_1 JD_2 JS_2 KS_2,20,3,5,3,0,0,0,300,260,0,0,0.66,14.3333,56.6,,,0,
bid,D,350,610,,,10C_2 10S_1 10S_2 AC_2 JD_1 KC_1 KD_2 KH_1 KH_2 QD_2 QH_2 QS_1,100,1,3,3,0,1,0,300,-260,0,0,0.5,-119.2,155.4,,,0,
bid,H,610,350,,,10C_1 9C_1 AH_1 AH_2 JC_2 JH_1 JH_2 JS_1 KS_1 QC_1 QC_2 QD_1,0,2,4,5,0,0,0,300,260,0,1,0.1467,-371.8667,4.9333,,,0,
fold,D,350,610,140,0,10C_2 10D_1 9C_2 9D_1 9D_2 9H_1 9H_2 AD_1 JD_1 KD_1 QS_1 QS_2,60,1,6,2,0,1,0,250,-260,0,0,0.86,,,116.8,-250.0,,0
bid,S,620,730,,,10C_1 10D_2 10S_1 9H_1 9S_1 9S_2 AD_2 AH_1 AS_1 AS_2 JD_1 QC_1,20,4,5,3,0,0,0,300,-110,0,0,0.5,-99.3333,147.9333,,,0,
bid,C,730,620,,,9D_1 9H_2 AC_1 AC_2 AD_1 JC_1 JS_1 KC_2 KH_2 QD_1 QD_2 QS_1,0,3,4,4,0,0,0,300,110,0,0,0.4467,-146.0667,136.0,,,0,
bid,H,620,730,,,10D_1 10H_1 10H_2 10S_2 AH_2 JC_2 JD_2 JH_2 KD_1 KS_2 QC_2 QH_1,0,1,5,3,0,0,0,300,-110,0,1,0.4133,-185.1333,-56.4,,,0,
fold,S,730,620,140,20,9D_2 AD_1 JH_1 JS_1 JS_2 KC_1 KD_2 KH_1 KS_1 QH_2 QS_1 QS_2,140,1,5,3,0,0,1,250,110,0,0,0.5733,,,-93.5333,-270.0,,0
bid,D,480,820,,,10D_2 9D_1 9H_2 AD_2 AH_2 AS_1 JD_2 JH_1 JH_2 KC_1 KS_1 QD_2,10,3,5,4,0,0,0,300,-340,0,0,0.6133,-12.5333,12.1333,,,0,
bid,C,820,480,,,10C_1 10C_2 9C_1 9H_1 9S_1 9S_2 AD_1 AH_1 JD_1 KS_2 QD_1 QH_1,10,2,3,3,0,0,0,300,340,0,0,0.18,-363.8,128.2,,,0,
bid,C,480,820,,,10D_1 10H_1 10H_2 10S_2 9C_2 AS_2 KC_2 KD_1 KH_1 QC_2 QH_2 QS_1,70,1,3,4,0,0,0,300,-340,0,1,0.3467,-256.9333,40.2,,,0,
fold,C,820,480,90,70,10C_1 10C_2 9D_2 AC_1 AC_2 JC_1 JC_2 JD_1 JS_1 JS_2 QC_1 QS_2,40,2,7,3,0,1,0,250,340,0,0,0.3533,,,-226.1333,-320.0,,0
bid,D,0,0,,,10H_1 10S_1 9H_1 9S_2 AC_1 JC_2 JD_1 JH_1 KC_1 KH_1 KH_2 QS_1,40,1,1,5,0,1,0,300,0,0,0,0.1867,-395.4,6.6,,,0,
bid,H,0,0,,,10C_2 10H_2 9C_1 9D_2 AD_1 AH_1 JD_2 JH_2 QD_1 QD_2 QH_2 QS_2,40,2,4,5,0,1,0,300,0,0,0,0.7133,46.4,-10.1333,,,1,
bid,H,0,0,,,10D_2 9D_1 9H_2 AC_2 JC_1 JS_2 KD_1 KD_2 KS_2 QC_1 QC_2 QH_1,10,1,2,4,0,0,0,340,0,0,1,0.0067,-451.4667,31.1333,,,0,
bid,S,0,0,,,10C_1 10D_1 10S_2 9C_2 9S_1 AD_2 AH_2 AS_1 AS_2 JS_1 KC_2 KS_1,10,4,6,3,0,0,0,340,0,1,0,0.7,81.4667,-3.0,,,1,
bid,H,-330,60,,,10H_1 9H_1 9S_1 9S_2 AC_2 AH_1 JC_1 JH_1 JS_2 KD_2 QC_2 QS_2,10,2,4,4,0,0,0,300,-390,0,0,0.4333,-178.4,-33.2,,,0,
bid,D,60,-330,,,10D_1 10H_2 10S_2 9D_1 9D_2 AD_2 JC_2 JD_2 KD_1 QC_1 QD_2 QH_1,170,1,7,2,1,0,0,300,390,0,0,0.9933,300.1333,-78.8667,,,1,
bid,C,-330,60,,,10C_1 10D_2 9C_1 9H_2 AC_1 AS_1 JS_1 KC_1 KH_2 KS_1 KS_2 QD_1,10,2,4,4,0,0,0,340,-390,0,1,0.2,-332.6667,24.0667,,,0,
bid,H,60,-330,,,10C_2 10S_1 9C_2 AD_1 AH_2 AS_2 JD_1 JH_2 KC_2 KH_1 QH_2 QS_1,80,3,4,3,0,1,0,340,390,1,0,0.7933,151.2667,152.3333,,,0,
fold,D,60,-330,250,0,10D_1 9D_1 9D_2 AD_1 AD_2 JC_2 JD_1 JD_2 KD_1 QD_2 QH_1 QS_1,210,2,9,1,1,1,0,330,390,0,0,1.0,,,369.2,-330.0,,0
bid,C,510,-280,,,10H_2 9C_2 9D_1 9H_1 AC_1 AS_2 JC_2 KC_2 KS_1 QC_2 QH_2 QS_2,70,2,5,3,0,0,0,300,790,0,0,0.72,48.1333,113.9333,,,0,
bid,S,-280,510,,,10C_1 10H_1 10S_1 10S_2 9S_1 9S_2 AC_2 AD_1 JD_2 JH_2 JS_2 KD_1,20,2,5,3,0,0,0,340,-790,0,0,0.1467,-345.6667,71.8,,,0,
bid,D,510,-280,,,10D_1 10D_2 9D_2 9H_2 AD_2 AH_1 JD_1 KH_2 QD_1 QD_2 QH_1 QS_1,70,2,7,4,0,1,0,340,790,1,0,0.7533,176.1333,73.2667,,,1,
bid,C,-280,510,,,10C_2 9C_1 AH_2 AS_1 JC_1 JH_1 JS_1 KC_1 KD_2 KH_1 KS_2 QC_1,130,2,5,3,0,0,1,340,-790,0,1,0.5933,-22.8667,26.7333,,,0,
fold,C,510,-280,130,130,10D_2 9C_2 9D_1 9H_1 AC_1 JC_2 JD_1 KC_2 KS_1 QC_2 QS_1 QS_2,110,1,5,3,0,1,0,330,790,0,0,0.0333,,,-545.3333,-460.0,,1
bid,H,-150,180,,,10D_1 10H_2 10S_2 AD_2 AH_1 AS_1 JC_1 JC_2 JD_2 KH_1 KH_2 QH_2,40,3,5,3,0,0,0,300,-330,0,0,0.8867,240.5333,59.6667,,,1,
bid,S,180,-150,,,10C_1 10C_2 10D_2 9C_1 9D_2 9S_1 AC_1 AD_1 KC_1 KS_2 QD_1 QS_2,50,2,3,5,0,0,0,310,330,0,0,0.2733,-307.7333,0.8,,,0,
bid,S,-150,180,,,10S_1 9D_1 9H_2 AC_2 AS_2 JS_1 JS_2 KC_2 KS_1 QC_2 QD_2 QS_1,170,2,6,3,1,0,0,310,-330,1,0,0.9933,307.4,-4.0,,,1,
bid,H,180,-150,,,10H_1 9C_2 9H_1 9S_2 AH_2 JD_1 JH_1 JH_2 KD_1 KD_2 QC_1 QH_1,10,1,6,3,0,0,0,310,330,0,1,0.4933,-105.4667,-106.4,,,1,
bid,H,-150,180,,,10D_1 10H_2 10S_2 AD_2 AH_1 AS_1 JC_1 JC_2 JD_2 KH_1 KH_2 QH_2,40,3,5,3,0,0,0,320,-330,0,1,0.84,195.8667,114.4,,,1,
bid,H,180,-150,,,10H_1 9C_2 9H_1 9S_2 AH_2 JD_1 JH_1 JH_2 KD_1 KD_2 QC_1 QH_1,10,1,6,3,0,0,0,330,330,0,1,0.5,-93.8667,-32.8,,,0,
fold,H,-150,180,110,30,10H_2 10S_1 AD_2 AH_1 AS_2 JC_1 JC_2 JD_2 KH_1 KH_2 QH_2 QS_1,80,3,5,3,0,1,0,320,-330,0,0,0.12,,,-355.0,-350.0,,1
bid,D,210,-470,,,10D_1 9C_1 9C_2 9H_2 9S_1 AD_1 JC_2 JH_2 KD_1 KH_1 KS_2 QD_2,40,1,4,3,0,0,0,300,680,0,0,0.4467,-213.4,-132.1333,,,0,
bid,S,-470,210,,,10C_1 10D_2 10S_2 AC_2 AD_2 AS_1 JS_1 KC_1 KC_2 KH_2 QH_2 QS_1,20,3,4,4,0,0,0,300,-680,0,0,0.6333,-5.2667,90.4,,,0,
bid,D,210,-470,,,9D_1 9H_1 AC_1 JC_1 JD_1 JH_1 JS_2 QC_1 QC_2 QD_1 QH_1 QS_2,150,1,3,4,0,1,1,300,680,0,1,0.24,-319.1333,87.4667,,,0,
fold,S,-470,210,70,170,10D_2 10H_1 10H_2 10S_1 9D_2 9S_2 AH_1 AH_2 AS_1 AS_2 KS_1 QS_1,50,4,6,4,0,0,0,250,-680,0,0,0.6,,,-145.2,-420.0,,0
bid,C,-180,410,,,10C_1 10D_2 9H_1 9S_1 AC_2 AH_1 JC_2 JD_1 KC_1 KD_1 QD_2 QH_1,20,2,4,4,0,0,0,300,-590,0,0,0.6,-51.8,-21.8667,,,0,
bid,H,410,-180,,,10H_2 10S_2 9H_2 AD_2 JH_1 JH_2 JS_1 KH_1 KS_2 QC_1 QC_2 QH_2,50,1,6,3,0,0,0,300,590,0,0,0.5733,-48.2,-15.0,,,0,
bid,S,-180,410,,,10C_2 10H_1 9C_1 9D_2 9S_2 AD_1 AH_2 AS_1 JS_2 KH_2 QD_1 QS_1,10,3,4,3,0,0,0,300,-590,0,1,0.4333,-157.4,35.3333,,,0,
fold,S,410,-180,230,40,10S_1 10S_2 9C_2 9D_1 AC_1 AS_2 JC_1 JD_2 JS_1 KS_1 KS_2 QS_2,190,2,7,3,1,1,0,250,590,0,0,1.0,,,261.2,-290.0,,0
bid,D,820,-70,,,10C_1 9D_1 9H_2 AC_1 AH_1 JD_1 KD_2 KS_2 QD_1 QH_1 QH_2 QS_2,110,2,4,4,0,1,0,300,890,0,0,0.6533,2.4,109.5333,,,0,
bid,D,-70,820,,,10C_2 10D_1 10D_2 10S_2 9H_1 AD_2 AS_1 JC_1 JD_2 JH_2 KD_1 QC_1,0,2,5,3,0,0,0,300,-890,0,0,0.5667,-77.5333,-56.0,,,0,
bid,C,820,-70,,,10H_1 9C_1 9C_2 9D_2 9S_2 AC_2 AD_1 AH_2 AS_2 JC_2 QC_2 QD_2,120,4,5,3,0,0,1,300,890,0,1,0.9867,267.7333,125.4,,,1,
fold,S,-70,820,220,210,10C_2 10S_1 9S_1 AS_1 JD_2 JH_1 JS_1 JS_2 KH_1 KH_2 KS_1 QS_1,200,1,7,3,1,1,0,250,-890,0,0,1.0,,,66.1333,-460.0,,0
bid,S,0,0,,,10D_1 9D_2 9H_2 JC_1 JD_2 KC_1 KD_1 KD_2 KH_1 KH_2 KS_2 QS_2,160,0,2,5,0,1,1,300,0,0,0,0.18,-368.8,99.2667,,,0,
bid,H,0,0,,,10H_1 9C_2 9D_1 9S_1 9S_2 AD_2 AH_2 JH_1 JH_2 JS_1 KC_2 QH_2,0,2,5,3,0,0,0,300,0,0,0,0.68,-19.6667,-128.8667,,,1,
bid,C,0,0,,,10C_2 10D_2 10S_2 9C_1 AC_1 AD_1 AS_2 JC_2 QC_2 QD_1 QH_1 QS_1,70,3,5,3,0,0,1,310,0,0,1,0.76,129.6667,120.8667,,,1,
bid,S,0,0,,,10C_1 10H_2 10S_1 9H_1 AC_2 AH_1 AS_1 JD_1 JS_2 KS_1 QC_1 QD_2,0,3,4,3,0,0,0,320,0,1,0,0.5667,-19.4,84.5333,,,0,
bid,H,0,0,,,10H_1 9C_2 9D_1 9S_1 9S_2 AD_2 AH_2 JH_1 JH_2 JS_1 KC_2 QH_2,0,2,5,3,0,0,0,320,0,0,1,0.5533,-88.6,-113.5333,,,1,
fold,C,0,0,190,10,10C_2 10D_1 9C_1 AC_1 AS_2 JC_2 JD_2 QC_2 QD_1 QH_1 QS_1 QS_2,110,2,5,3,0,1,1,310,0,0,0,0.8667,,,161.7333,-320.0,,0
bid,S,130,320,,,10D_1 9H_2 9S_2 AC_2 AH_2 AS_2 JC_1 JH_1 KD_1 KS_1 QH_1 QS_2,50,3,4,4,0,0,0,300,-190,0,0,0.5067,-119.7333,85.7333,,,0,
bid,D,320,130,,,10C_1 10H_1 10H_2 10S_1 9H_1 9S_1 AD_1 JD_1 JS_1 KC_1 KC_2 KH_2,0,1,2,4,0,0,0,300,190,0,0,0.04,-443.6667,50.2,,,0,
bid,C,130,320,,,10D_2 10S_2 9C_1 AC_1 AD_2 AH_1 AS_1 JH_2 KH_1 KS_2 QC_2 QD_1,110,4,3,3,0,0,1,300,-190,0,1,0.9,125.2,104.9333,,,1,
fold,D,320,130,160,120,10C_1 9D_1 9D_2 AD_1 JD_1 JD_2 JS_2 KD_2 QC_1 QD_2 QH_2 QS_1,160,1,7,2,0,1,1,250,190,0,0,0.9933,,,113.0,-370.0,,0
bid,S,580,400,,,10C_2 9D_1 AC_2 AH_1 AS_2 JD_1 JH_1 JS_1 KH_2 KS_2 QD_1 QS_1,80,3,4,3,0,1,0,300,180,0,0,0.8467,170.4,118.2667,,,1,
bid,C,400,580,,,10S_1 9C_2 9H_2 AC_1 AH_2 AS_1 JD_2 JS_2 KC_2 KH_1 QC_1 QD_2,50,3,4,3,0,0,0,300,-180,0,0,0.7533,86.3333,49.3333,,,1,
bid,D,580,400,,,10D_2 10H_1 10H_2 9C_1 9D_2 9S_2 AD_1 AD_2 JC_1 JH_2 QH_1 QS_2,10,2,4,4,0,0,0,310,180,0,1,0.14,-362.7333,68.1333,,,0,
bid,C,400,580,,,10C_1 10D_1 10S_2 9H_1 9S_1 JC_2 KC_1 KD_1 KD_2 KS_1 QC_2 QH_2,40,0,4,3,0,0,0,310,-180,1,0,0.3733,-249.7333,-73.1333,,,0,
fold,C,400,580,110,70,10C_1 9C_2 9H_2 AC_1 AH_2 JD_2 JS_2 KC_1 KC_2 QC_1 QC_2 QD_2,90,2,7,2,0,0,0,300,-180,0,0,0.42,,,-185.0,-370.0,,0
bid,H,100,740,,,10C_1 10H_1 10H_2 9C_2 9H_2 AH_2 JH_2 JS_2 KD_1 KH_2 QH_1 QS_2,160,1,7,2,1,0,0,300,-640,0,0,1.0,303.2,-76.1333,,,1,
bid,C,740,100,,,10S_1 9D_1 9S_1 AC_1 AC_2 AD_2 AS_2 JC_2 JD_1 KC_2 KS_1 QC_2,40,4,5,4,0,0,0,340,640,0,0,0.7933,150.4667,157.6667,,,0,
bid,S,100,740,,,10D_1 9C_1 9D_2 9H_1 AS_1 JD_2 JH_1 JS_1 QC_1 QD_2 QH_2 QS_1,100,1,3,4,0,1,1,340,-640,1,0,0.2467,-306.2667,58.1333,,,0,
bid,D,740,100,,,10C_2 10D_2 10S_2 9S_2 AD_1 AH_1 JC_1 KC_1 KD_2 KH_1 KS_2 QD_1,120,2,4,3,0,0,1,340,640,0,1,0.3733,-245.8,62.6,,,0,
fold,H,100,740,290,120,10D_1 10H_1 10H_2 9C_2 9H_2 AH_2 JD_2 JH_2 JS_2 KH_2 QH_1 QS_1,200,1,7,2,1,1,0,330,-640,0,0,1.0,,,216.9333,-450.0,,0
bid,C,920,580,,,10H_2 10S_1 10S_2 9C_2 AC_2 AD_2 AS_1 AS_2 KD_1 KH_1 KH_2 QC_2,10,4,3,4,0,0,0,300,340,0,0,0.4667,-132.9333,128.2667,,,0,
bid,C,580,920,,,9D_1 AC_1 JC_1 JD_1 JH_2 KC_2 KD_2 KS_1 QC_1 QH_1 QH_2 QS_1,100,1,4,3,0,1,0,300,-340,0,0,0.74,25.2667,78.2667,,,0,
bid,H,920,580,,,10C_2 10D_2 10H_1 9D_2 9H_2 AH_1 JH_1 JS_2 KC_1 KS_2 QD_1 QD_2,10,1,4,4,0,0,0,300,340,0,1,0.22,-327.3333,-84.6667,,,0,
fold,H,580,920,330,10,9C_1 9H_1 9S_1 9S_2 AH_2 JC_2 JD_1 JD_2 JS_1 QH_1 QS_1 QS_2,310,1,3,5,0,1,0,250,-340,0,0,1.0,,,296.4,-260.0,,0
bid,C,0,0,,,10C_1 9C_2 9D_2 9H_1 9S_1 AC_1 AH_1 JD_2 JH_1 KC_1 QC_1 QS_2,90,2,5,3,0,1,0,300,0,0,0,0.82,155.4667,-34.2667,,,1,
bid,C,0,0,,,10C_2 10D_2 10H_1 10S_2 9C_1 AC_2 AS_1 JD_1 KC_2 QC_2 QD_1 QH_1,50,2,5,3,0,0,0,340,0,0,0,0.6467,0.5333,100.4667,,,0,
bid,C,0,0,,,10D_1 10S_1 AD_1 AH_2 JC_1 JC_2 JH_2 JS_1 JS_2 KD_2 KS_2 QH_2,0,2,2,4,0,0,0,340,0,1,0,0.0133,-483.9333,110.1333,,,0,
bid,S,0,0,,,10H_2 9D_1 9H_2 9S_2 AD_2 AS_2 KD_1 KH_1 KH_2 KS_1 QD_2 QS_1,70,2,4,4,0,0,0,340,0,0,1,0.3067,-256.0667,80.8,,,0,
fold,C,0,0,200,90,10C_1 9C_2 9D_2 9S_1 AC_1 AH_2 JC_1 JC_2 JD_2 KC_1 QC_1 QS_2,200,2,7,2,1,1,0,330,0,0,0,0.82,,,86.0,-420.0,,0
bid,S,240,-330,,,10D_1 10D_2 10H_1 10S_2 9D_2 9S_1 AC_1 AD_2 AS_2 KD_2 KH_2 QC_1,10,3,3,5,0,0,0,300,570,0,0,0.2333,-312.2,-41.3333,,,0,
bid,H,-330,240,,,10C_2 9H_1 9S_2 AC_2 AH_1 JD_2 JS_1 JS_2 KC_1 KH_1 KS_1 QH_1,50,2,4,4,0,0,0,300,-570,0,0,0.6,-47.4,45.9333,,,0,
bid,D,240,-330,,,9C_1 9C_2 AD_1 AH_2 AS_1 JC_1 KC_2 KD_1 QD_1 QH_2 QS_1 QS_2,40,3,3,4,0,0,0,300,570,0,1,0.66,26.8,149.6667,,,0,
fold,H,-330,240,60,20,10C_2 10H_2 9D_1 9H_2 AH_1 JC_2 JD_1 JD_2 JH_1 JH_2 QC_2 QD_2,10,1,5,4,0,0,0,250,-570,0,0,0.1333,,,-305.2667,-270.0,,1
bid,C,-580,260,,,10H_1 10S_2 9C_1 9D_1 9D_2 9H_2 AC_2 JC_2 QC_1 QC_2 QD_2 QH_1,10,1,5,3,0,0,0,300,-840,0,0,0.36,-216.1333,-185.9333,,,0,
bid,C,260,-580,,,10C_1 10D_1 9C_2 AC_1 AS_1 AS_2 JD_1 JD_2 JS_2 KH_2 KS_1 QH_2,30,3,3,4,0,0,0,300,840,0,0,0.32,-213.0667,192.5333,,,0,
bid,D,-580,260,,,10C_2 10S_1 9S_2 AD_1 AH_1 KC_1 KC_2 KD_1 KH_1 QD_1 QS_1 QS_2,40,2,3,4,0,0,0,300,-840,0,1,0.46,-116.0,112.4667,,,0,
fold,H,260,-580,90,30,10C_1 10H_2 9H_1 9S_1 AH_2 JC_1 JD_1 JD_2 JH_1 JH_2 JS_1 KD_2,50,1,5,3,0,0,1,250,840,0,0,0.2533,,,-264.4,-280.0,,0
bid,S,510,-460,,,10C_2 10S_1 10S_2 AD_2 AS_2 JC_1 JC_2 JD_1 JD_2 KS_2 QD_2 QS_2,80,2,5,4,0,1,0,300,970,0,0,0.9,288.4667,90.5333,,,1,
bid,C,-460,510,,,10D_1 10D_2 10H_1 9C_1 9D_1 9H_2 AC_1 JS_1 KC_1 KH_1 QD_1 QS_1,10,1,3,4,0,0,0,300,-970,0,0,0.16,-368.1333,44.3333,,,0,
bid,H,510,-460,,,10H_2 9D_2 9S_1 AC_2 AH_1 AH_2 AS_1 JH_1 JH_2 KC_2 KH_2 QH_1,150,4,7,2,1,0,0,300,970,0,1,1.0,396.8,-26.4,,,1,
bid,H,-460,510,,,10C_1 9C_2 9H_1 9S_2 AD_1 JS_2 KD_1 KD_2 KS_1 QC_1 QC_2 QH_2,10,1,2,4,0,0,0,340,-970,0,1,0.0067,-435.6,83.8,,,0,
fold,H,510,-460,170,20,10C_2 10H_2 9D_2 9S_1 AH_1 AH_2 JD_1 JD_2 JH_1 JH_2 KH_2 QH_1,150,2,7,3,1,0,0,330,970,0,0,0.3733,,,-189.0,-350.0,,0
bid,H,-380,870,,,10C_1 10C_2 10H_1 10H_2 9H_1 AD_1 AH_2 AS_2 JD_1 JH_1 KS_1 QC_1,10,3,5,3,0,0,0,300,-1250,0,0,0.5933,-10.9333,39.2,,,0,
bid,H,870,-380,,,9H_2 9S_1 AC_2 AD_2 JD_2 KH_1 KH_2 KS_2 QC_2 QH_1 QH_2 QS_2,150,2,5,3,0,1,0,310,1250,0,0,0.7333,124.7333,161.9333,,,0,
bid,D,-380,870,,,10D_1 10D_2 9D_1 AC_1 AH_1 JC_1 JS_1 JS_2 KC_2 KD_1 QD_1 QS_1,50,2,5,3,0,0,0,310,-1250,1,0,0.4,-163.5333,67.8,,,0,
bid,S,870,-380,,,10S_1 10S_2 9C_1 9C_2 9D_2 9S_2 AS_1 JC_2 JH_2 KC_1 KD_2 QD_2,30,1,4,4,0,0,0,310,1250,0,1,0.08,-441.9333,-103.6667,,,0,
fold,H,-380,870,90,170,10D_1 10H_1 10H_2 9H_1 AH_1 AH_2 AS_2 JD_1 JH_1 KS_1 QC_1 QS_1,70,3,6,3,0,1,0,300,-1250,0,0,0.2267,,,-420.8667,-470.0,,0
bid,S,0,0,,,10C_1 10C_2 10D_2 9D_1 AC_2 AS_2 JD_2 KH_1 QD_1 QD_2 QH_1 QH_2,20,2,1,5,0,0,0,300,0,0,0,0.0867,-415.6,112.4,,,0,
bid,S,0,0,,,10H_1 9C_2 9S_2 AD_2 AH_1 AH_2 AS_1 JC_1 JH_1 KC_2 KD_1 QC_2,30,4,2,4,0,0,0,300,0,0,0,0.1733,-383.8667,78.0667,,,0,
bid,D,0,0,,,10D_1 10H_2 9D_2 AC_1 AD_1 JC_2 JD_1 JH_2 JS_1 JS_2 KS_2 QS_1,110,2,4,4,0,1,1,300,0,0,1,0.48,-147.8667,53.0667,,,0,
fold,S,0,0,180,140,10S_1 10S_2 9S_1 AD_2 AH_1 AS_1 KC_1 KD_2 KH_2 KS_1 QC_1 QS_2,150,3,6,2,0,0,1,250,0,0,0,1.0,,,107.6,-390.0,,0
bid,H,360,210,,,10D_2 9C_1 9H_1 AS_2 JC_2 KD_1 KD_2 KH_1 KS_1 QC_1 QC_2 QH_1,50,1,3,4,0,0,0,300,150,0,0,0.1333,-399.4667,16.6667,,,0,
bid,D,210,360,,,10C_1 10C_2 10H_1 10S_2 9C_2 9D_2 9S_1 AD_1 JD_1 KC_2 QD_1 QS_2,50,1,4,4,0,1,0,300,-150,0,0,0.4067,-187.1333,-41.8667,,,0,
bid,C,360,210,,,10D_1 10H_2 9D_1 9S_2 AC_1 AC_2 AH_1 AS_1 JD_2 JH_2 JS_1 QS_1,40,4,2,4,0,1,0,300,150,0,1,0.3667,-240.6667,222.8,,,0,
fold,H,210,360,150,90,10S_2 9H_2 AH_2 JC_1 JD_1 JH_1 JS_2 KH_2 KS_2 QD_2 QH_2 QS_2,150,1,5,4,0,1,1,250,-150,0,0,0.9533,,,88.0,-340.0,,0
bid,D,490,570,,,10D_1 9C_2 9S_2 AC_1 AC_2 AD_2 AS_1 JC_1 JD_2 JS_1 QC_1 QD_1,0,4,4,5,0,0,0,300,-80,0,0,0.6933,50.2,109.7333,,,0,
bid,H,570,490,,,10H_2 9C_1 9D_1 9D_2 9S_1 AD_1 JH_1 KC_1 KC_2 KH_2 KS_1 QH_1,40,1,4,3,0,0,0,310,80,0,0,0.46,-196.2667,-57.5333,,,0,
bid,H,490,570,,,10C_2 10H_1 10S_2 9H_1 9H_2 AH_1 AH_2 JC_2 JS_2 QC_2 QH_2 QS_2,20,2,6,3,0,0,0,310,-80,1,0,0.5467,-66.4667,-6.2,,,0,
bid,S,570,490,,,10C_1 10D_2 10S_1 AS_2 JD_1 JH_2 KD_1 KD_2 KH_1 KS_2 QD_2 QS_1,100,1,4,5,0,1,0,310,80,0,1,0.6267,-43.4667,29.9333,,,0,
bid,D,490,570,,,10D_1 9C_2 9S_2 AC_1 AC_2 AD_2 AS_1 JC_1 JD_2 JS_1 QC_1 QD_1,0,4,4,5,0,0,0,320,-80,0,1,0.6533,33.4667,132.7333,,,0,
fold,S,570,490,130,10,10H_2 10S_1 AD_1 AS_2 JD_1 JH_2 KD_1 KD_2 KS_1 KS_2 QD_2 QS_1,100,2,5,5,0,1,0,310,80,0,0,0.26,,,-256.8,-320.0,,0
bid,H,260,640,,,10C_1 10C_2 10D_1 10S_1 9H_2 AD_2 AH_1 KC_1 KH_2 QC_1 QH_1 QS_2,70,2,4,4,0,0,0,300,-380,0,0,0.6467,-31.2,55.9333,,,0,
bid,D,640,260,,,10D_2 9D_1 9D_2 AC_1 AC_2 AD_1 AH_2 JC_2 KC_2 KD_2 QH_2 QS_1,20,4,5,4,0,0,0,300,380,0,0,0.6067,20.2,95.0667,,,0,
bid,S,260,640,,,9C_1 9C_2 9H_1 9S_1 9S_2 AS_2 JC_1 JD_1 JD_2 JH_2 JS_2 KS_1,60,1,5,3,0,0,1,300,-380,0,1,0.3733,-170.8667,-33.3333,,,0,
fold,S,640,260,190,100,10S_2 AD_1 AH_2 AS_1 JH_1 JS_1 KD_1 KS_2 QC_2 QD_1 QD_2 QS_1,170,3,5,4,1,0,0,250,380,0,0,1.0,,,162.5333,-350.0,,0
bid,H,980,460,,,10C_2 10S_1 9H_2 JD_2 JH_2 JS_1 KD_1 KH_2 KS_1 KS_2 QD_2 QH_2,70,0,4,4,0,0,0,300,520,0,0,0.3933,-215.4,-51.3333,,,0,
bid,C,460,980,,,10H_1 10H_2 10S_2 9C_2 9D_2 9H_1 9S_2 JC_1 JC_2 KC_2 QC_1 QC_2,50,0,6,3,0,0,0,300,-520,0,0,0.4533,-171.4,-181.7333,,,1,
bid,D,980,460,,,10D_1 10D_2 9C_1 AD_1 AH_1 AH_2 AS_1 AS_2 JD_1 KD_2 QD_1 QS_2,190,5,6,3,1,1,0,300,520,0,1,1.0,411.2,188.5333,,,1,
bid,D,460,980,,,10C_1 9D_1 9S_1 AC_1 AC_2 AD_2 JH_1 JS_2 KC_1 KH_1 QH_1 QS_1,30,3,2,4,0,0,0,340,-520,0,1,0.04,-423.8,170.9333,,,0,
fold,D,980,460,250,60,10D_1 10D_2 9C_1 AD_1 AS_1 JD_1 JD_2 KD_1 KD_2 QD_1 QD_2 QS_2,230,2,9,2,1,1,0,330,520,0,0,1.0,,,353.8667,-390.0,,0
bid,D,0,0,,,10H_2 9C_1 9S_1 9S_2 AD_1 AD_2 AS_2 KD_2 KS_1 QC_2 QD_1 QD_2,40,3,5,4,0,0,0,300,0,0,0,0.5733,-65.2,-27.7333,,,0,
bid,S,0,0,,,10C_2 10D_1 10H_1 10S_1 9D_2 AC_1 AS_1 JH_2 KC_2 KD_1 KS_2 QH_2,0,2,3,3,0,0,0,300,0,0,0,0.2867,-284.5333,-50.0,,,0,
bid,H,0,0,,,10C_1 9C_2 9H_1 AH_1 AH_2 JC_1 JD_2 JH_1 JS_2 KH_2 QH_1 QS_1,130,2,6,3,0,1,1,300,0,0,1,0.78,130.8,75.8667,,,1,
fold,C,0,0,210,140,10C_2 9D_1 9H_2 AC_1 AC_2 JC_2 JD_1 JS_1 KC_1 KC_2 QC_1 QS_2,190,2,7,2,1,1,0,250,0,0,0,1.0,,,119.8667,-390.0,,0
bid,D,390,210,,,10C_1 10D_2 9C_2 9D_1 AD_1 AD_2 AS_1 JC_1 JD_2 JH_1 JS_2 KH_2,50,3,5,3,0,0,1,300,180,0,0,0.3067,-264.6,83.9333,,,0,
bid,D,210,390,,,10D_1 10H_1 10S_2 9D_2 9H_2 AS_2 JD_1 JH_2 QC_1 QC_2 QH_1 QS_2,50,1,3,4,0,1,0,300,-180,0,0,0.22,-331.2667,98.2,,,0,
bid,S,390,210,,,10C_2 10H_2 9S_1 AH_1 JC_2 KC_1 KD_1 KD_2 KS_2 QD_1 QH_2 QS_1,70,1,3,3,0,0,0,300,180,0,1,0.2267,-331.6,85.6,,,0,
fold,C,210,390,130,90,9C_1 9H_1 9S_2 AC_1 AC_2 JD_1 JS_1 KC_2 KS_1 QC_2 QD_2 QS_2,110,2,5,4,0,1,0,250,-180,0,0,0.58,,,-138.0,-340.0,,0
bid,C,460,610,,,10C_1 10H_1 9C_2 9H_2 AD_2 AS_2 JC_1 JD_2 JS_2 KD_1 QH_2 QS_2,50,2,3,3,0,1,0,300,-150,0,0,0.34,-260.5333,15.9333,,,0,
bid,D,610,460,,,10D_1 10D_2 9C_1 9S_1 AC_2 AD_1 JD_1 JS_1 KD_2 KH_2 QD_2 QH_1,170,2,6,2,1,0,0,300,150,0,0,1.0,277.4667,33.4,,,1,
bid,H,460,610,,,10S_1 10S_2 9D_1 9D_2 AH_1 AH_2 AS_1 JH_2 KH_1 KS_1 QC_2 QD_1,0,3,4,4,0,0,0,340,-150,0,1,0.3,-251.1333,169.2667,,,0,
bid,C,610,460,,,10C_2 10H_2 9H_1 9S_2 AC_1 JC_2 JH_1 KC_1 KC_2 KS_2 QC_1 QS_1,170,1,6,3,1,0,0,340,150,1,0,0.9067,221.9333,26.4667,,,1,
fold,D,610,460,230,60,10D_1 10D_2 10H_2 9C_1 AC_1 AD_1 JD_1 KD_2 KH_2 QD_2 QH_1 QS_1,210,2,6,3,1,1,0,330,150,0,0,0.8867,,,176.3333,-390.0,,0
bid,S,0,0,,,10C_1 10D_1 10H_2 9C_1 9S_2 AC_1 AH_1 JS_1 KD_1 KD_2 KH_2 QC_2,10,2,2,4,0,0,0,300,0,0,0,0.02,-455.0,6.9333,,,0,
bid,D,0,0,,,10D_2 10S_1 9C_2 9D_1 AC_2 AD_1 JC_2 JD_2 KC_1 QD_2 QH_1 QH_2,10,2,5,4,0,0,0,300,0,0,0,0.5467,-62.8667,-29.2667,,,0,
bid,H,0,0,,,10C_2 9H_1 9S_1 AD_2 AS_1 JC_1 JH_1 JH_2 KC_2 KS_1 KS_2 QD_1,10,2,3,4,0,0,0,300,0,0,1,0.0667,-405.9333,43.6667,,,0,
fold,S,0,0,320,20,10D_2 10S_1 10S_2 9D_2 9H_2 AS_2 JD_1 JD_2 JS_2 QC_1 QS_1 QS_2,300,1,6,4,0,1,0,250,0,0,0,1.0,,,363.7333,-270.0,,0
bid,C,520,70,,,9D_1 9S_2 AC_1 AD_1 AH_1 AS_1 JC_2 JD_2 JH_2 KD_1 KH_1 KS_2,100,4,2,4,0,0,1,300,450,0,0,0.82,71.4667,119.4,,,0,
bid,C,70,520,,,10D_2 10S_1 9D_2 9H_2 9S_1 AC_2 JH_1 KH_2 KS_1 QC_1 QD_1 QD_2,0,1,2,4,0,0,0,300,-450,0,0,0.1067,-401.5333,-42.9333,,,0,
bid,D,520,70,,,10C_2 10H_1 10H_2 10S_2 9C_1 AD_2 JD_1 JS_2 QC_2 QH_1 QS_1 QS_2,40,1,2,4,0,1,0,300,450,0,1,0.4867,-126.8667,71.4,,,0,
fold,S,70,520,30,150,10S_1 9C_2 9H_1 AC_2 AH_2 AS_2 JC_1 JS_1 KC_1 KC_2 KS_1 QH_2,0,3,4,5,0,0,0,250,-450,0,0,0.08,,,-445.0,-400.0,,1
bid,C,-180,670,,,10C_2 10H_2 9C_1 9C_2 9H_2 9S_1 9S_2 AC_2 AD_2 QD_1 QD_2 QS_2,20,2,4,3,0,0,0,300,-850,0,0,0.1933,-324.7333,29.0667,,,0,
bid,D,670,-180,,,10D_2 10S_1 10S_2 9D_1 JD_1 JD_2 JH_1 JS_1 KD_1 KS_2 QC_1 QC_2,10,0,5,4,0,0,0,300,850,0,0,0.2933,-238.8667,5.8667,,,0,
bid,S,-180,670,,,10C_1 AD_1 AH_1 AS_1 AS_2 JC_1 JC_2 JS_2 KH_2 KS_1 QH_1 QS_1,60,4,5,3,0,0,0,300,-850,0,1,0.9,203.7333,197.0667,,,1,
fold,H,670,-180,160,70,10H_1 10S_1 9D_2 9H_1 AH_2 JD_1 JD_2 JH_2 KC_1 KC_2 KH_1 QH_2,160,1,6,3,1,0,0,250,850,0,0,0.7667,,,-4.4,-320.0,,0
bid,D,950,20,,,10H_2 10S_2 9C_1 9S_2 AC_2 JC_2 JD_2 KD_1 QC_1 QD_1 QS_1 QS_2,80,1,3,4,0,1,0,300,930,0,0,0.5133,-99.5333,55.2,,,0,
bid,S,20,950,,,10D_1 10S_1 9C_2 9S_1 AD_1 AD_2 AH_1 AH_2 AS_1 JC_1 JS_1 KS_1,10,5,5,3,0,0,0,300,-930,0,0,0.7533,129.8,132.6667,,,0,
bid,D,950,20,,,10C_2 9D_1 9D_2 JD_1 JH_1 JH_2 JS_2 KC_1 KD_2 KH_2 QD_2 QH_2,80,0,5,4,0,0,0,340,930,0,1,0.2,-369.2,28.4667,,,0,
bid,C,20,950,,,10C_1 10D_2 10H_1 9H_1 9H_2 AC_1 AS_2 KC_2 KH_1 KS_2 QC_2 QH_1,60,2,4,5,0,0,0,340,-930,1,0,0.5267,-115.0,-39.0,,,0,
bid,D,0,0,,,9C_2 9D_1 9H_1 9S_1 AD_1 AH_1 AS_2 JC_1 JD_2 JS_2 QH_1 QS_2,50,3,3,4,0,1,0,300,0,0,0,0.3933,-193.5333,70.2667,,,0,
bid,D,0,0,,,10C_2 10D_1 10S_2 AD_2 AH_2 JD_1 JH_1 KD_1 KH_1 KS_1 QC_2 QD_2,150,2,5,3,1,0,0,300,0,0,0,0.9733,221.8,18.0,,,1,
bid,H,0,0,,,10D_2 10H_1 10S_1 9S_2 AC_1 JC_2 JH_2 JS_1 KH_2 KS_2 QD_1 QH_2,40,1,4,4,0,0,0,340,0,0,1,0.3667,-260.4,-30.2,,,0,
bid,C,0,0,,,10C_1 10H_2 9C_1 9D_2 9H_2 AC_2 AS_1 KC_1 KC_2 KD_2 QC_1 QS_1,50,2,6,2,0,0,0,340,0,1,0,0.8267,196.8667,38.3333,,,1,
fold,D,0,0,220,70,10D_1 AD_2 AH_2 AS_1 JD_1 JH_1 KD_1 KD_2 KH_1 QC_2 QD_2 QS_1,190,3,6,3,1,1,0,330,0,0,0,0.9933,,,239.7333,-400.0,,0
bid,D,350,190,,,10C_1 10D_2 9D_2 AC_1 AD_1 AH_2 JS_2 KD_2 KS_2 QC_1 QC_2 QD_1,50,3,5,4,0,0,0,300,160,0,0,0.7933,119.0,-7.2667,,,1,
bid,C,190,350,,,10C_2 9C_1 9H_1 AH_1 AS_1 JC_1 JD_1 JS_1 QD_2 QH_1 QH_2 QS_1,50,2,3,4,0,1,0,340,-160,0,0,0.24,-293.7333,94.5333,,,0,
bid,D,350,190,,,9D_1 9H_2 9S_2 AC_2 AS_2 JC_2 JH_1 JH_2 KC_1 KC_2 KH_1 KS_1,10,2,1,4,0,0,0,340,160,1,0,0.0067,-491.1333,-10.8667,,,0,
bid,D,190,350,,,10D_1 10H_1 10H_2 10S_1 10S_2 9C_2 9S_1 AD_2 JD_2 KD_1 KH_2 QS_2,40,1,4,4,0,1,0,340,-160,0,1,0.4267,-163.9333,109.6667,,,0,
bid,S,270,20,,,10C_2 10S_1 10S_2 9D_1 9S_1 9S_2 AC_2 JD_1 JH_1 JS_2 KC_1 QH_2,20,1,5,3,0,0,0,300,250,0,0,0.1933,-337.8,-17.4667,,,0,
bid,C,20,270,,,10H_2 9H_1 AC_1 AH_1 AH_2 AS_1 AS_2 KC_2 KS_1 QC_1 QC_2 QD_1,40,5,4,4,0,0,0,300,-250,0,0,0.9333,267.2,209.0667,,,1,
bid,D,270,20,,,10C_1 10D_1 9C_2 AD_2 JC_2 JD_2 JS_1 KS_2 QD_2 QH_1 QS_1 QS_2,60,1,4,4,0,1,0,310,250,0,1,0.7067,56.8,90.0667,,,0,
bid,C,20,270,,,10D_2 10H_1 9C_1 9D_2 9H_2 AD_1 JC_1 JH_2 KD_1 KD_2 KH_1 KH_2,10,1,2,5,0,0,0,310,-250,1,0,0.06,-442.1333,-117.4,,,0,
fold,C,20,270,50,70,10H_1 10H_2 9H_1 AC_1 AD_1 AH_1 AH_2 JC_1 KC_2 QC_1 QC_2 QD_1,40,4,5,5,0,0,0,300,-250,0,0,0.0333,,,-395.8667,-370.0,,1
bid,S,-280,340,,,10S_2 9D_1 9H_2 9S_1 JC_1 JD_2 JS_2 KC_2 KD_1 KD_2 KH_1 QS_1,50,0,4,4,0,1,0,300,-620,0,0,0.3133,-277.3333,-85.3333,,,0,
bid,C,340,-280,,,10C_1 10S_1 9C_2 9D_2 AC_2 AH_1 JS_1 KC_1 QD_1 QH_1 QH_2 QS_2,10,2,4,3,0,0,0,300,620,0,0,0.34,-215.5333,2.2667,,,0,
bid,D,-280,340,,,10C_2 10D_1 10H_2 9C_1 AC_1 AD_2 AH_2 JD_1 KS_1 KS_2 QC_1 QC_2,0,3,3,5,0,0,0,300,-620,0,1,0.3467,-207.0667,113.2667,,,0,
fold,S,340,-280,10,50,10S_1 9H_1 9S_2 AS_1 AS_2 JC_2 JH_1 JH_2 JS_1 KH_2 QD_2 QS_2,10,2,6,4,0,0,0,250,620,0,0,0.1267,,,-340.7333,-300.0,,1
bid,S,90,-110,,,10S_2 9H_1 AH_2 AS_1 JS_1 KD_1 KS_1 KS_2 QC_2 QD_1 QD_2 QH_2,20,2,5,3,0,0,0,300,200,0,0,0.62,-18.2,-11.7333,,,0,
bid,C,-110,90,,,10C_2 10H_2 9D_1 AC_2 AD_2 JC_1 JD_1 JD_2 JS_2 KC_1 KD_2 QS_2,40,2,4,5,0,1,0,340,-200,0,0,0.6733,43.4667,96.3333,,,0,
bid,S,90,-110,,,10C_1 10D_2 10H_1 9C_1 9D_2 9S_1 9S_2 AS_2 JH_1 KC_2 QH_1 QS_1,20,1,4,3,0,0,0,350,200,1,0,0.0333,-450.8667,-4.3333,,,0,
bid,D,-110,90,,,10D_1 10S_1 9C_2 9H_2 AC_1 AD_1 AH_1 JC_2 JH_2 KH_1 KH_2 QC_1,0,3,2,5,0,0,0,350,-200,1,0,0.0067,-466.5333,83.6,,,0,
bid,S,90,-110,,,10S_2 9H_1 AH_2 AS_1 JS_1 KD_1 KS_1 KS_2 QC_2 QD_1 QD_2 QH_2,20,2,5,3,0,0,0,350,200,0,1,0.4933,-98.1333,35.7333,,,0,
fold,C,-110,90,200,30,10C_2 9D_1 AC_1 AC_2 JC_1 JC_2 JD_1 JD_2 JS_2 KC_1 QC_1 QS_2,190,2,7,3,1,1,0,340,-200,0,0,0.4533,,,-133.8667,-370.0,,0
bid,D,280,180,,,10D_1 10H_2 9D_1 9S_1 AC_1 JC_2 JS_2 KC_1 KC_2 KD_1 QD_1 QH_2,50,1,4,4,0,0,0,300,100,0,0,0.26,-329.9333,-60.3333,,,0,
bid,H,180,280,,,10C_2 10H_1 10S_2 9C_1 9H_2 AD_1 AH_2 JH_1 JS_1 KH_2 QC_2 QH_1,160,2,6,3,1,0,0,300,-100,0,0,1.0,278.0667,-74.6667,,,1,
bid,C,280,180,,,10C_1 9H_1 9S_2 AC_2 AH_1 AS_1 JC_1 JH_2 KH_1 KS_1 QC_1 QD_2,0,3,4,4,0,0,0,340,100,0,1,0.5,-101.2,36.1333,,,0,
bid,D,180,280,,,10D_2 10S_1 9C_2 9D_2 AD_2 AS_2 JD_1 JD_2 KD_2 KS_2 QS_1 QS_2,330,2,6,5,0,1,0,340,-100,1,0,1.0,559.2667,312.6,,,1,
fold,H,180,280,260,30,10H_1 10S_1 9C_1 9H_2 AH_2 JD_1 JH_1 JS_1 KH_2 QC_2 QH_1 QS_2,200,1,6,3,1,1,0,330,-100,0,0,0.9667,,,253.5333,-360.0,,0
bid,S,560,440,,,10D_1 10D_2 9D_2 9H_2 9S_1 AH_2 AS_1 AS_2 JD_2 KC_2 KH_1 QC_2,30,3,3,4,0,0,0,300,120,0,0,0.2067,-329.8,203.7333,,,0,
bid,S,440,560,,,10H_1 AC_1 AD_1 AH_1 JS_1 JS_2 KC_1 KH_2 KS_1 QD_2 QS_1 QS_2,40,3,5,3,0,0,0,300,-120,0,0,0.68,109.0,133.5333,,,0,
bid,D,560,440,,,9C_1 9C_2 9S_2 AC_2 AD_2 JC_2 JD_1 KD_1 KS_2 QC_1 QD_1 QH_1,40,2,4,5,0,0,0,310,120,0,1,0.6667,-19.8667,51.9333,,,0,
bid,H,440,560,,,10C_1 10C_2 10H_2 10S_1 10S_2 9D_1 9H_1 JC_1 JH_1 JH_2 KD_2 QH_2,10,0,5,3,0,0,0,320,-120,1,0,0.1733,-387.0667,-105.1333,,,0,
bid,S,440,560,,,10H_1 AC_1 AD_1 AH_1 JS_1 JS_2 KC_1 KH_2 KS_1 QD_2 QS_1 QS_2,40,3,5,3,0,0,0,320,-120,0,1,0.68,127.2667,167.5333,,,0,
fold,D,560,440,200,30,10D_1 9C_2 9S_2 AD_2 JC_2 JD_1 JD_2 KD_1 KH_1 QC_1 QD_1 QH_1,170,1,6,3,1,0,0,310,120,0,0,0.7933,,,84.0,-340.0,,0
bid,H,550,930,,,10H_2 10S_2 9S_2 AD_2 AH_2 JH_1 JH_2 JS_2 KC_1 KH_2 KS_1 QC_1,20,2,5,4,0,0,0,300,-380,0,0,0.68,8.9333,-40.2,,,1,
bid,H,930,550,,,9C_2 9H_1 AH_1 JD_2 JS_1 KC_2 KD_2 KH_1 QD_1 QD_2 QH_2 QS_2,110,1,4,4,0,1,0,300,380,0,0,0.56,-64.2,45.0667,,,0,
bid,S,550,930,,,10S_1 9C_1 9D_2 9H_2 AD_1 AS_1 AS_2 JC_1 KS_2 QC_2 QH_1 QS_1,40,3,5,3,0,0,0,300,-380,0,1,0.7,1.7333,56.0,,,0,
fold,C,930,550,90,70,10C_1 10C_2 9D_1 9S_1 AC_1 AC_2 JC_2 JD_1 JD_2 KC_2 KD_1 QS_2,40,2,6,4,0,1,0,250,380,0,0,0.4067,,,-215.2667,-320.0,,0
bid,D,0,0,,,10D_1 10H_1 9C_1 9D_2 AD_1 AH_2 AS_2 JD_1 KC_2 KD_2 KS_2 QS_1,70,3,5,3,0,1,0,300,0,0,0,0.74,128.4,79.6667,,,1,
bid,C,0,0,,,10C_2 10H_2 9H_2 AS_1 JC_1 JD_2 JH_2 JS_1 KC_1 KH_2 QC_2 QD_1,80,1,4,4,0,0,1,300,0,0,0,0.5533,-109.0,51.1333,,,0,
bid,C,0,0,,,10S_2 9D_1 9S_1 9S_2 AC_1 AC_2 AH_1 JC_2 JH_1 KD_1 KH_1 QD_2,20,3,3,3,0,0,0,300,0,0,1,0.1533,-371.1333,83.0,,,0,
fold,S,0,0,210,120,10S_1 9C_2 9H_1 AS_1 JD_2 JS_1 JS_2 KS_1 QC_1 QH_1 QH_2 QS_2,190,1,6,3,1,1,0,250,0,0,0,1.0,,,125.2,-370.0,,0
bid,C,300,280,,,10C_1 10C_2 9H_1 AH_1 AS_2 JC_2 JD_1 JD_2 KC_1 KH_1 KS_1 QC_1,40,2,5,3,0,0,0,300,20,0,0,0.7,105.9333,131.4,,,0,
bid,S,280,300,,,10S_2 9C_2 9D_1 9D_2 9S_1 9S_2 AC_1 AS_1 JC_1 QD_1 QD_2 QH_2,20,2,4,4,0,0,0,310,-20,0,0,0.12,-407.3333,-51.6667,,,0,
bid,S,300,280,,,10D_1 10D_2 10H_2 9C_1 AD_2 JS_2 KD_1 KD_2 KH_2 KS_2 QS_1 QS_2,40,1,4,5,0,0,0,310,20,1,0,0.4267,-136.8,26.4667,,,0,
bid,H,280,300,,,10H_1 10S_1 9H_2 AC_2 AD_1 AH_2 JH_1 JH_2 JS_1 KC_2 QC_2 QH_1,30,3,6,3,0,0,0,310,-20,0,1,0.7933,135.2,-61.0667,,,1,
bid,C,300,280,,,10C_1 10C_2 9H_1 AH_1 AS_2 JC_2 JD_1 JD_2 KC_1 KH_1 KS_1 QC_1,40,2,5,3,0,0,0,320,20,0,1,0.6333,52.8667,162.1333,,,0,
bid,C,-30,350,,,9C_1 9H_1 9S_1 AC_1 AD_2 AS_1 KC_1 KD_1 KH_1 KS_1 QC_1 QC_2,130,3,5,3,0,0,1,300,-380,0,0,0.78,105.8,64.3333,,,1,
bid,H,350,-30,,,10H_1 10H_2 9D_1 9H_2 AH_1 JH_2 KC_2 KH_2 KS_2 QD_2 QH_1 QS_2,180,1,7,2,1,0,0,300,380,0,0,1.0,318.0,-24.2,,,1,
bid,S,-30,350,,,10C_2 10S_1 9S_2 AC_2 AH_2 AS_2 JC_1 JD_1 JD_2 JH_1 KD_2 QH_2,10,3,3,3,0,0,0,340,-380,0,1,0.2867,-271.0667,177.7333,,,0,
bid,D,350,-30,,,10C_1 10D_1 10D_2 10S_2 9C_2 9D_2 AD_1 JC_2 JS_1 JS_2 QD_1 QS_1,10,1,5,4,0,0,0,340,380,1,0,0.2133,-298.5333,-45.8667,,,0,
fold,H,350,-30,180,110,10C_1 10H_1 10H_2 9H_2 AD_1 AH_1 JH_2 KH_2 KS_2 QH_1 QS_1 QS_2,180,2,7,3,1,0,0,330,380,0,0,0.6667,,,-46.3333,-440.0,,0
bid,S,20,190,,,10C_1 10C_2 10D_1 10D_2 9C_1 9H_2 JD_2 JS_2 KH_2 QC_1 QD_1 QD_2,0,0,1,5,0,0,0,300,-170,0,0,0.0467,-464.6,-105.3333,,,0,
bid,S,190,20,,,10H_1 10S_2 9H_1 9S_1 AC_2 AS_2 KC_2 KS_1 KS_2 QH_1 QH_2 QS_1,50,2,6,4,0,0,0,300,170,0,0,0.88,211.8,13.6,,,1,
bid,H,20,190,,,10S_1 9D_1 AC_1 AH_1 AH_2 JC_2 JH_1 JH_2 JS_1 KD_1 KD_2 QC_2,0,3,4,3,0,0,0,300,-170,0,1,0.2333,-301.4667,101.5333,,,0,
fold,D,190,20,70,10,9C_2 9D_2 9S_2 AC_2 AD_1 AD_2 AS_2 JC_1 JD_1 KC_1 QS_1 QS_2,50,4,4,4,0,1,0,250,170,0,0,0.4067,,,-128.8667,-260.0,,0
bid,D,-60,160,,,10C_1 10H_1 9C_2 9D_2 9H_2 9S_1 JC_1 JH_2 KD_1 QC_1 QD_2 QS_1,50,0,3,4,0,0,0,300,-220,0,0,0.14,-432.8667,-142.0,,,0,
bid,D,160,-60,,,10C_2 10H_2 10S_2 9H_1 9S_2 AD_1 AD_2 AH_2 JD_1 JD_2 KS_2 QH_2,0,3,4,4,0,0,0,300,220,0,0,0.22,-301.1333,94.8667,,,0,
bid,S,-60,160,,,10D_1 10D_2 10S_1 9C_1 AS_2 JH_1 JS_2 KC_2 KD_2 KH_2 QH_1 QS_2,20,1,4,3,0,0,0,300,-220,0,1,0.3933,-211.3333,51.3333,,,0,
fold,C,160,-60,170,60,10C_2 9D_1 AC_1 AC_2 AS_1 JC_2 JD_1 JD_2 JS_1 KC_1 QC_2 QD_1,150,3,6,4,1,0,0,250,220,0,0,1.0,,,156.4,-310.0,,0
bid,D,490,90,,,10C_2 10H_1 9H_1 AC_2 AD_1 AS_2 JS_1 KD_1 KS_1 QD_1 QD_2 QH_2,40,3,4,3,0,0,0,300,400,0,0,0.64,-46.0667,0.3333,,,0,
bid,S,90,490,,,10H_2 9D_2 9S_1 AD_2 AH_1 AH_2 JC_1 KC_1 KD_2 KS_2 QH_1 QS_1,50,3,3,4,0,0,0,300,-400,0,0,0.3267,-245.1333,134.4667,,,0,
bid,C,490,90,,,10C_1 10D_1 10S_2 9C_2 9D_1 AC_1 AS_1 JC_2 JD_2 JH_1 KH_2 QS_2,50,2,4,3,0,1,0,300,400,0,1,0.48,-136.4667,13.1333,,,0,
fold,C,90,490,190,70,9C_1 9H_2 9S_2 JC_1 JD_1 JH_2 JS_2 KC_1 KC_2 QC_1 QC_2 QS_1,170,0,6,3,0,1,1,250,-400,0,0,0.9467,,,84.2667,-320.0,,0
bid,C,380,710,,,10C_1 10D_1 10H_2 9C_1 9C_2 AC_1 AD_1 JC_1 JS_2 KC_2 KS_1 KS_2,20,2,6,3,0,0,0,300,-330,0,0,0.68,37.2667,-98.4,,,1,
bid,H,710,380,,,10D_2 9H_2 9S_1 9S_2 AC_2 AH_1 JH_1 JH_2 KD_1 QC_1 QC_2 QS_1,10,2,4,3,0,0,0,300,330,0,0,0.2067,-313.4667,88.7333,,,0,
bid,S,380,710,,,10C_2 9D_2 AD_2 AS_1 AS_2 JC_2 JD_1 JS_1 KH_2 QD_1 QH_1 QS_2,60,3,4,4,0,1,0,300,-330,0,1,0.5333,-105.4,123.7333,,,0,
fold,H,710,380,250,80,10H_1 9D_1 9H_1 AH_1 AH_2 JD_2 JH_2 KD_2 KH_1 QD_2 QH_2 QS_1,220,2,7,4,1,1,0,250,330,0,0,1.0,,,200.6667,-330.0,,0
bid,S,0,0,,,10H_2 10S_2 9S_1 AC_1 AS_2 JC_1 JS_1 KC_1 KD_2 KS_2 QH_1 QS_1,160,2,6,3,1,0,0,300,0,0,0,0.9933,272.3333,2.8667,,,1,
bid,H,0,0,,,10D_1 10D_2 10H_1 10S_1 9D_2 9H_1 9S_2 AC_2 JC_2 KC_2 QD_1 QS_2,10,1,2,4,0,0,0,340,0,0,0,0.0,-483.8,58.6,,,0,
bid,H,0,0,,,10C_1 9C_2 9D_1 AD_1 AH_1 AS_1 JH_2 JS_2 KH_1 KS_1 QC_2 QH_2,40,3,4,3,0,0,0,340,0,1,0,0.5667,-76.3333,8.0667,,,0,
bid,D,0,0,,,10C_2 9C_1 9H_2 AD_2 AH_2 JD_1 JD_2 JH_1 KD_1 KH_2 QC_1 QD_2,40,2,5,4,0,0,0,340,0,0,1,0.54,-62.5333,123.8667,,,0,
fold,S,0,0,180,30,10S_2 9S_1 AS_1 AS_2 JC_1 JS_1 JS_2 KC_1 KS_1 KS_2 QH_1 QS_1,160,2,9,2,1,0,0,330,0,0,0,0.5733,,,-3.3333,-360.0,,0
bid,H,40,420,,,10D_1 10S_2 9H_2 AD_2 AH_1 JH_2 KD_1 KH_2 QC_1 QC_2 QH_1 QH_2,50,2,6,3,0,0,0,300,-380,0,0,0.86,185.2,-36.0,,,1,
bid,S,420,40,,,10C_1 10D_2 10S_1 AD_1 AH_2 AS_1 JD_1 JH_1 JS_2 KH_1 KS_2 QS_2,190,3,5,3,1,1,0,300,380,0,0,1.0,338.8667,27.6,,,1,
bid,C,40,420,,,10C_2 10H_2 9C_1 9C_2 9D_2 9H_1 9S_1 AC_1 JC_1 JD_2 KD_2 QS_1,60,1,5,3,0,1,0,340,-380,0,1,0.3,-244.1333,-25.7333,,,0,
bid,S,420,40,,,10H_1 9D_1 9S_2 AC_2 AS_2 JC_2 JS_1 KC_1 KC_2 KS_1 QD_1 QD_2,10,2,4,4,0,0,0,340,380,1,0,0.1667,-345.2667,29.2667,,,0,
fold,S,420,40,200,70,10S_1 AD_1 AH_2 AS_1 AS_2 JD_1 JH_1 JS_1 JS_2 KS_1 KS_2 QS_2,190,4,8,2,1,1,0,330,380,0,0,1.0,,,305.2,-400.0,,0
bid,D,820,160,,,10C_1 10C_2 10H_1 10H_2 9D_1 AD_1 AS_2 JC_2 KD_1 KS_1 QC_2 QH_1,10,2,3,4,0,0,0,300,660,0,0,0.06,-428.3333,-50.1333,,,0,
bid,S,160,820,,,10D_1 9C_1 9C_2 9S_2 AH_1 JD_2 JH_1 JS_2 KC_1 KD_2 KH_1 QS_2,50,1,3,3,0,1,0,300,-660,0,0,0.2267,-343.5333,-60.1333,,,0,
bid,C,820,160,,,9D_2 9H_1 9H_2 9S_1 AC_1 AC_2 AD_2 JD_1 JH_2 JS_1 KH_2 QS_1,40,3,2,4,0,1,0,300,660,0,1,0.1867,-372.6667,175.2667,,,0,
fold,C,160,820,180,40,AH_2 AS_1 JC_1 JD_2 KC_1 KC_2 KS_2 QC_1 QD_1 QD_2 QH_2 QS_2,160,2,4,3,0,1,1,250,-660,0,0,0.9667,,,121.7333,-290.0,,0
bid,C,480,970,,,10C_1 10H_1 10S_1 10S_2 9C_1 9D_2 9S_1 AC_2 AH_1 JC_2 JS_1 KH_2,10,2,4,4,0,0,0,300,-490,0,0,0.3067,-280.2667,-120.4667,,,0,
bid,C,970,480,,,9D_1 9H_2 AC_1 AD_2 JS_2 KC_2 KH_1 KS_2 QC_2 QD_1 QD_2 QS_2,60,2,3,4,0,0,0,300,490,0,0,0.42,-191.7333,81.2667,,,0,
bid,S,480,970,,,10C_2 9C_2 9S_2 AH_2 AS_1 AS_2 JC_1 JD_1 JH_2 KD_1 QH_1 QS_1,50,3,4,3,0,1,0,300,-490,0,1,0.34,-241.3333,187.4667,,,0,
fold,D,970,480,260,50,10D_1 10D_2 9H_1 AD_1 AD_2 JD_2 JH_1 KC_1 KD_2 QC_1 QD_2 QS_2,210,2,7,2,1,1,0,250,490,0,0,1.0,,,248.6667,-300.0,,0
bid,H,0,0,,,10D_2 10S_1 9D_2 9S_1 AD_2 AH_1 JD_2 JH_1 JH_2 KH_1 KH_2 QH_2,40,2,6,4,0,0,0,300,0,0,0,0.8867,234.8667,-22.2,,,1,
bid,S,0,0,,,9D_1 9S_2 AD_1 AH_2 AS_1 JC_2 JD_1 JS_1 KC_2 QD_2 QH_1 QS_1,50,3,4,4,0,1,0,310,0,0,0,0.6333,13.1333,109.7333,,,0,
bid,C,0,0,,,10C_1 10D_1 10H_2 10S_2 9H_1 AC_1 AC_2 JC_1 JS_2 KC_1 KD_1 QS_2,0,2,5,3,0,0,0,310,0,1,0,0.4733,-152.6,101.2,,,0,
bid,D,0,0,,,10C_2 10H_1 9C_1 9C_2 9H_2 AS_2 KD_2 KS_1 KS_2 QC_1 QC_2 QD_1,40,1,2,5,0,0,0,310,0,0,1,0.0933,-441.8667,-19.0,,,0,
fold,H,0,0,200,70,10H_2 9D_2 9S_1 AC_2 AH_1 JD_2 JH_1 JH_2 KH_1 KH_2 QH_2 QS_2,190,2,7,2,1,1,0,300,0,0,0,1.0,,,225.0667,-370.0,,0
bid,S,170,350,,,10D_1 10S_1 9C_1 9S_2 AC_2 AD_1 JH_1 JS_2 KD_1 KH_1 KS_1 QS_2,50,2,5,3,0,0,0,300,-180,0,0,0.5933,-17.2667,13.2667,,,0,
bid,H,350,170,,,10H_2 9D_1 9D_2 9H_2 AC_1 AH_2 AS_1 QC_1 QC_2 QD_1 QH_2 QS_1,70,3,4,3,0,0,1,300,180,0,0,0.6267,-14.8,196.7333,,,0,
bid,H,170,350,,,10C_2 10H_1 AH_1 JC_2 JD_2 JH_2 JS_1 KC_1 KC_2 KH_2 QD_2 QH_1,190,1,5,4,1,0,1,300,-180,0,1,0.88,146.8,-31.4,,,1,
fold,D,350,170,230,80,10D_2 9C_2 9H_1 9S_1 AD_2 AH_2 JC_1 JD_1 KD_2 KS_2 QD_1 QS_1,210,2,5,3,1,1,0,250,180,0,0,1.0,,,196.0,-330.0,,0
bid,D,760,320,,,10D_2 10H_1 9D_2 AC_2 AD_2 AH_2 JC_2 JD_2 JH_2 KS_2 QC_1 QC_2,10,3,4,4,0,0,0,300,440,0,0,0.3533,-215.5333,131.0,,,0,
bid,H,320,760,,,10C_1 10C_2 10H_2 9D_1 AS_1 AS_2 JC_1 JH_1 KD_2 KH_1 QH_2 QS_2,40,2,4,3,0,0,0,300,-440,0,0,0.6,-51.4,211.9333,,,0,
bid,D,760,320,,,10D_1 9C_2 9S_1 AC_1 AD_1 JD_1 JS_1 JS_2 KC_2 KD_1 QD_1 QD_2,150,2,6,3,1,0,0,300,440,0,1,0.98,272.2,79.4667,,,1,
fold,H,320,760,80,20,10H_2 9C_1 9H_1 9H_2 9S_2 AH_1 KH_1 KH_2 KS_1 QH_1 QS_1 QS_2,80,1,7,4,0,0,0,250,-440,0,0,0.4267,,,-136.4,-270.0,,0
bid,H,590,840,,,10D_1 10S_2 9C_1 9D_1 9H_1 AH_2 JC_1 JS_2 KD_1 KH_2 QH_1 QS_1,50,1,4,3,0,0,0,300,-250,0,0,0.3933,-218.0,-18.3333,,,0,
bid,S,840,590,,,10C_2 10D_2 10H_2 10S_1 9S_1 AC_1 AC_2 AS_1 AS_2 KH_1 KS_1 QS_2,50,4,6,3,0,0,0,300,250,0,0,0.9267,244.0,91.0,,,1,
bid,D,590,840,,,9C_2 9D_2 AD_2 AH_1 JC_2 JS_1 KC_2 KD_2 QC_1 QC_2 QD_1 QH_2,70,2,4,5,0,0,0,340,-250,0,1,0.36,-244.3333,-0.8,,,0,
bid,H,840,590,,,10C_1 10H_1 9H_2 9S_2 AD_1 JD_1 JD_2 JH_1 JH_2 KC_1 KS_2 QD_2,10,1,4,4,0,0,0,340,250,1,0,0.18,-331.0667,-16.1333,,,0,
fold,S,840,590,100,60,10C_1 10C_2 10S_1 9S_1 AC_1 AC_2 AS_1 AS_2 JD_1 JD_2 KS_1 QS_2,90,4,6,4,0,1,0,330,250,0,0,0.2333,,,-278.6667,-390.0,,0
bid,S,0,0,,,10D_1 9H_2 AD_2 AS_1 AS_2 JD_1 JD_2 KC_2 KS_1 QC_1 QH_1 QS_2,100,3,4,4,0,1,0,300,0,0,0,0.7933,168.0,232.7333,,,0,
bid,C,0,0,,,10C_2 10D_2 9D_1 9S_2 AC_2 AD_1 JH_2 JS_1 KH_1 KH_2 KS_2 QD_1,0,2,2,4,0,0,0,300,0,0,0,0.1267,-379.1333,0.2,,,0,
bid,H,0,0,,,10H_1 10H_2 10S_1 10S_2 9D_2 AC_1 AH_2 JC_2 JH_1 KD_1 KD_2 QH_2,0,2,5,3,0,0,0,300,0,0,1,0.6333,-33.9333,-22.8,,,0,
fold,C,0,0,190,100,10C_1 10C_2 9C_1 9C_2 9H_1 9S_1 AC_2 AD_1 JC_1 KC_1 QC_2 QD_2,170,2,8,2,1,0,0,250,0,0,0,1.0,,,224.5333,-350.0,,0
bid,D,360,180,,,10D_1 10S_1 9H_2 9S_1 AC_1 AD_2 JC_1 JC_2 JS_1 KH_1 KH_2 KS_1,0,2,2,4,0,0,0,300,180,0,0,0.0533,-443.2,-19.3333,,,0,
bid,S,180,360,,,9D_2 9H_1 9S_2 AH_1 JH_1 KC_1 KC_2 KS_2 QC_1 QH_2 QS_1 QS_2,70,1,4,4,0,0,0,300,-180,0,0,0.3467,-219.6667,73.1333,,,0,
bid,D,360,180,,,10C_1 10D_2 10S_2 9C_1 9D_1 AC_2 AD_1 JD_1 JH_2 JS_2 QD_2 QH_1,10,2,5,3,0,0,0,300,180,0,1,0.5267,-86.2667,6.0667,,,0,
bid,S,180,360,,,10C_2 10H_1 10H_2 9C_2 AH_2 AS_1 AS_2 JD_2 KD_1 KD_2 QC_2 QD_1,20,3,2,4,0,0,0,310,-180,0,1,0.1,-393.8,355.0,,,0,
bid,S,270,60,,,10H_1 10S_1 9C_2 9S_1 9S_2 AD_2 AS_1 JD_1 JS_1 JS_2 KS_1 QD_2,20,2,7,3,0,0,0,300,210,0,0,0.64,81.2667,-113.7333,,,1,
bid,D,60,270,,,10D_1 10D_2 9D_1 9H_1 AD_1 JD_2 KC_2 KD_1 KD_2 KS_2 QC_1 QH_2,30,1,7,2,0,0,0,340,-210,0,0,0.5333,-58.2667,38.2,,,0,
bid,C,270,60,,,9C_1 9D_2 AH_1 AH_2 AS_2 JC_1 JC_2 KC_1 QC_2 QD_1 QH_1 QS_1,110,3,5,3,0,0,1,340,210,1,0,0.5267,-45.5333,286.5333,,,0,
bid,D,60,270,,,10C_1 10C_2 10H_2 10S_2 9H_2 AC_1 AC_2 JH_1 JH_2 KH_1 KH_2 QS_2,0,2,0,6,0,0,0,340,-210,0,1,0.04,-429.4,51.5333,,,0,
fold,S,270,60,230,20,10S_1 9C_2 9S_1 9S_2 AH_1 AS_1 AS_2 JD_1 JS_1 JS_2 KS_1 QS_1,210,3,9,1,1,1,0,330,210,0,0,1.0,,,366.2667,-350.0,,0
bid,C,100,730,,,10D_1 10H_1 10S_1 9D_1 9H_1 9S_1 JH_1 JH_2 JS_1 KC_1 QC_2 QH_2,40,0,2,5,0,0,0,300,-630,0,0,0.1467,-448.2,-170.5333,,,0,
bid,H,730,100,,,10C_1 10S_2 9C_1 9C_2 9H_2 AD_1 AH_1 AH_2 KD_1 KH_1 KH_2 QH_1,50,3,6,3,0,0,0,300,630,0,0,0.72,58.0,-25.7333,,,1,
bid,D,100,730,,,9S_2 AC_2 AS_2 JC_1 JC_2 JD_1 JD_2 JS_2 KC_2 KD_2 QD_1 QS_2,80,2,4,4,0,1,0,300,-630,0,1,0.6667,56.4,57.6,,,0,
fold,S,730,100,160,100,10C_1 10S_2 9D_2 AC_1 AD_2 AH_2 AS_1 KS_1 KS_2 QC_1 QD_2 QS_1,140,4,5,3,0,0,1,250,630,0,0,1.0,,,184.1333,-350.0,,0
bid,S,0,0,,,10H_1 9C_2 9H_1 AD_2 AS_1 JC_2 JD_2 JH_2 KC_1 KH_1 KS_2 QS_1,80,2,3,4,0,1,0,300,0,0,0,0.4133,-192.3333,27.6667,,,0,
bid,S,0,0,,,10C_2 10D_1 10S_1 9D_1 9D_2 9S_1 9S_2 AC_2 QC_2 QD_1 QD_2 QH_2,20,1,3,5,0,0,0,300,0,0,0,0.02,-480.7333,-117.8667,,,0,
bid,H,0,0,,,10C_1 AD_1 AH_1 AH_2 AS_2 JD_1 JH_1 JS_2 KC_2 KD_2 KS_1 QH_1,0,4,4,3,0,0,0,300,0,0,1,0.5933,-49.8667,165.7333,,,0,
fold,C,0,0,10,70,10C_2 9C_1 9H_2 AC_1 AC_2 JC_1 JS_1 KD_1 KH_2 QC_1 QC_2 QS_2,10,2,7,2,0,0,0,250,0,0,0,0.16,,,-343.8,-320.0,,1
bid,D,-250,70,,,10D_1 9C_1 9H_2 9S_2 AC_2 AD_2 AS_1 JD_2 JS_2 KD_1 KS_2 QH_2,0,3,4,4,0,0,0,300,-320,0,0,0.6,-42.6,5.8,,,0,
bid,S,70,-250,,,10H_1 9C_2 9D_2 AH_1 AS_2 KC_1 KS_1 QC_1 QC_2 QD_2 QS_1 QS_2,60,2,4,4,0,0,0,300,320,0,0,0.5533,-66.8667,167.4667,,,0,
bid,C,-250,70,,,10C_1 10C_2 10S_1 9D_1 9S_1 AC_1 AD_1 JC_2 JD_1 JH_2 KD_2 KH_1,0,2,4,4,0,0,0,300,-320,0,1,0.3867,-203.7333,-6.2667,,,0,
fold,H,70,-250,200,10,10H_2 9H_1 AH_1 AH_2 JC_1 JH_1 JS_1 KH_2 QD_1 QH_1 QS_1 QS_2,160,2,7,3,1,0,0,250,320,0,0,1.0,,,235.6,-260.0,,0
bid,S,460,-180,,,10S_2 9C_2 9D_1 9S_2 JC_2 JD_1 JH_1 KS_1 KS_2 QC_1 QC_2 QS_2,90,0,5,4,0,1,0,300,640,0,0,0.5733,-53.7333,41.0,,,0,
bid,D,-180,460,,,10C_1 10H_2 9H_2 AD_1 AD_2 JC_1 JD_2 JS_1 JS_2 KC_1 KH_1 KH_2,0,2,3,4,0,0,0,300,-640,0,0,0.0667,-409.4667,194.0667,,,0,
bid,D,460,-180,,,10C_2 10D_1 9S_1 AC_1 AC_2 AH_1 JH_2 KC_2 KD_1 KD_2 QD_1 QH_1,40,3,4,4,0,0,0,300,640,0,1,0.4267,-158.4667,55.6667,,,0,
fold,C,-180,460,50,90,10C_1 10S_1 9C_1 9D_2 9H_1 AS_1 AS_2 JD_2 KC_1 QD_2 QH_2 QS_1,50,2,3,4,0,1,0,250,-640,0,0,0.0333,,,-456.2667,-340.0,,1
bid,H,-430,550,,,10D_2 10H_1 9H_1 9H_2 AD_2 AH_1 AS_1 JC_1 JC_2 JD_2 JH_2 QS_2,60,3,5,3,0,1,0,300,-980,0,0,0.6867,57.1333,71.0667,,,0,
bid,C,550,-430,,,10C_1 10H_2 9C_2 9D_2 AC_2 JS_2 KC_1 KH_1 KS_1 QC_1 QH_1 QH_2,70,1,5,4,0,0,0,300,980,0,0,0.6133,-62.0,-50.0,,,0,
bid,C,-430,550,,,10C_2 10S_1 10S_2 9C_1 9S_1 9S_2 AD_1 JD_1 KC_2 KH_2 QC_2 QD_1,50,1,4,4,0,0,0,310,-980,0,1,0.3867,-223.0,46.3333,,,0,
bid,S,550,-430,,,10D_1 9D_1 AC_1 AH_2 AS_2 JH_1 JS_1 KD_1 KD_2 KS_2 QD_2 QS_1,60,3,4,5,0,0,0,310,980,1,0,0.7333,69.0667,37.4,,,1,
fold,C,550,-430,90,90,10C_1 9C_2 9D_2 AC_1 AC_2 AS_2 KC_1 KH_1 QC_1 QH_1 QH_2 QS_1,70,3,6,3,0,0,0,300,980,0,0,0.24,,,-334.9333,-390.0,,0
bid,C,250,-240,,,10C_1 10D_1 9D_1 9H_2 AC_2 JD_1 KC_1 KC_2 QC_2 QD_2 QS_1 QS_2,80,1,5,4,0,1,0,300,490,0,0,0.8,183.5333,91.4,,,1,
bid,H,-240,250,,,10C_2 10H_2 10S_1 9S_1 9S_2 AC_1 AH_1 JH_1 JS_2 KH_1 QD_1 QH_1,150,2,5,4,1,0,0,340,-490,0,0,0.8733,137.6667,51.5333,,,1,
bid,D,250,-240,,,10D_2 10S_2 9D_2 AD_2 AH_2 JC_1 JD_2 JH_2 KD_2 KH_2 QC_1 QH_2,30,2,5,4,0,0,0,350,490,1,0,0.3667,-185.0,82.9333,,,0,
bid,C,-240,250,,,10H_1 9C_1 9C_2 9H_1 AD_1 AS_1 AS_2 JC_2 JS_1 KD_1 KS_1 KS_2,20,3,3,5,0,0,0,350,-490,1,0,0.08,-416.0667,34.2,,,0,
bid,C,250,-240,,,10C_1 10D_1 9D_1 9H_2 AC_2 JD_1 KC_1 KC_2 QC_2 QD_2 QS_1 QS_2,80,1,5,4,0,1,0,350,490,0,1,0.6733,81.3333,198.8667,,,0,
fold,H,-240,250,160,110,10H_1 10H_2 9S_1 9S_2 AD_1 AH_1 AS_2 JH_1 JS_2 KH_1 QD_1 QH_1,150,3,6,4,1,0,0,340,-490,0,0,0.4,,,-244.8,-450.0,,0
bid,H,-580,440,,,10S_2 9C_2 9S_2 AC_1 JS_1 JS_2 KD_1 KH_1 KS_2 QC_2 QH_1 QH_2,40,1,3,5,0,0,0,300,-1020,0,0,0.3133,-284.4,-13.1333,,,0,
bid,S,440,-580,,,10C_1 10D_1 10H_2 9H_2 AD_1 AS_1 AS_2 JC_1 JH_2 KC_1 QD_1 QS_1,0,3,3,3,0,0,0,300,1020,0,0,0.2333,-307.6,175.6667,,,0,
bid,D,-580,440,,,10C_2 10D_2 9D_1 9D_2 AC_2 AD_2 AH_1 JD_2 JH_1 KH_2 QC_1 QS_2,60,3,5,3,0,1,0,300,-1020,0,1,0.6467,13.8,95.4,,,0,
fold,H,440,-580,80,80,10H_1 10H_2 9C_1 9H_1 9S_1 AH_2 JC_2 JD_1 JH_2 KD_2 QD_2 QS_1,70,1,5,3,0,1,0,250,1020,0,0,0.24,,,-320.6,-330.0,,0
bid,H,190,-380,,,10H_1 10H_2 10S_2 9D_1 AC_2 AS_2 KD_1 KH_2 KS_2 QC_1 QC_2 QH_1,40,2,4,3,0,0,0,300,570,0,0,0.48,-143.1333,83.6,,,0,
bid,D,-380,190,,,10D_1 9C_1 9D_2 9H_1 9H_2 JD_1 JS_2 KC_2 KD_2 KH_1 QD_1 QS_2,90,0,5,3,0,1,0,300,-570,0,0,0.6933,1.8667,-58.4,,,1,
bid,S,190,-380,,,10C_2 10D_2 9S_1 9S_2 AC_1 AD_1 AD_2 AH_1 JC_1 JH_1 JH_2 QD_2,20,4,2,4,0,0,0,300,570,0,1,0.4533,-196.7333,103.8,,,0,
fold,S,-380,190,470,40,10S_1 9C_2 AS_1 JC_2 JD_1 JD_2 JS_1 JS_2 KS_1 QH_2 QS_1 QS_2,450,1,7,2,1,1,0,250,-570,0,0,1.0,,,489.7333,-290.0,,0
bid,S,230,340,,,10C_2 10S_2 9S_1 JC_2 JH_1 JH_2 KC_1 KD_2 KH_1 KH_2 QS_1 QS_2,10,0,4,4,0,0,0,300,-110,0,0,0.1733,-323.2667,-40.5333,,,0,
bid,D,340,230,,,10H_2 9C_1 9D_1 AD_1 AS_2 JD_1 JD_2 JS_1 KS_2 QC_1 QD_1 QH_2,10,2,5,3,0,0,0,300,110,0,0,0.56,-49.5333,42.2667,,,0,
bid,C,230,340,,,10C_1 10D_1 10D_2 9D_2 9H_2 AC_1 AC_2 AD_2 AH_2 JS_2 KC_2 QC_2,40,4,5,4,0,0,0,300,-110,0,1,0.86,173.8667,-4.2667,,,1,
bid,D,340,230,,,10H_1 10S_1 9C_2 9H_1 9S_2 AH_1 AS_1 JC_1 KD_1 KS_1 QD_2 QH_1,40,2,2,4,0,0,0,340,110,0,1,0.0333,-470.4667,-42.2,,,0,
bid,S,380,-100,,,10C_1 10H_2 10S_1 10S_2 9S_2 JC_1 JH_2 JS_1 JS_2 KH_1 KS_1 KS_2,10,0,7,3,0,0,0,300,480,0,0,0.4067,-170.1333,-201.7333,,,1,
bid,D,-100,380,,,10D_1 10D_2 9C_2 9D_1 JH_1 KC_2 KD_2 KH_2 QC_1 QD_1 QH_2 QS_2,150,0,5,3,0,0,1,300,-480,0,0,0.4333,-160.0,66.8667,,,0,
bid,H,380,-100,,,9C_1 9S_1 AC_1 AC_2 AD_2 AH_1 AH_2 JD_1 JD_2 KD_1 QC_2 QS_1,40,5,2,4,0,1,0,300,480,0,1,0.5933,-16.0667,382.7333,,,0,
fold,S,-100,380,60,60,10D_1 10D_2 9D_2 9H_1 9H_2 AD_1 AS_1 AS_2 JC_2 QD_2 QH_1 QS_2,0,3,3,5,0,0,0,250,-480,0,0,0.1267,,,-354.0667,-310.0,,1
bid,D,-350,440,,,10C_2 10D_1 9S_2 AC_2 AD_2 AS_1 JC_2 JH_1 KD_2 KS_1 QD_1 QS_1,60,3,4,4,0,0,0,300,-790,0,0,0.7467,89.6,28.2,,,1,
bid,H,440,-350,,,10C_1 10S_2 9S_1 AH_1 JD_2 KC_2 KH_2 QC_1 QC_2 QH_1 QH_2 QS_2,100,1,4,4,0,1,0,300,790,0,0,0.66,-1.6667,60.4667,,,0,
bid,D,-350,440,,,9C_1 9D_2 9H_1 9H_2 AC_1 AD_1 AH_2 AS_2 JD_1 JS_2 KC_1 KH_1,110,4,3,4,0,0,1,300,-790,0,1,0.88,127.8667,109.9333,,,1,
fold,D,440,-350,190,170,10D_2 9C_2 9D_1 AH_1 JC_1 JD_2 JH_2 JS_1 KD_1 KS_2 QD_2 QS_2,150,1,5,3,0,1,1,250,790,0,0,0.96,,,-10.2667,-420.0,,0
bid,C,690,10,,,10C_1 9C_2 AS_2 JD_1 JH_1 KC_1 KD_2 KH_2 QC_1 QC_2 QD_2 QH_1,90,1,5,3,0,0,0,300,680,0,0,0.5867,-38.6,22.0,,,0,
bid,C,10,690,,,9D_1 9D_2 9H_1 AC_1 AC_2 AH_2 JC_2 JH_2 JS_2 KD_1 KS_2 QH_2,0,3,3,4,0,0,0,300,-680,0,0,0.0867,-407.2667,66.8667,,,0,
bid,D,690,10,,,10C_2 10D_1 10D_2 10H_2 10S_1 9C_1 9S_1 9S_2 AD_2 AH_1 KC_2 QS_1,0,2,3,4,0,0,0,300,680,0,1,0.1467,-390.4667,-28.6667,,,0,
fold,S,10,690,210,80,10S_2 9H_2 AC_1 AS_1 JC_1 JD_2 JS_1 JS_2 KS_1 KS_2 QD_1 QS_2,190,2,7,2,1,1,0,250,-680,0,0,1.0,,,231.8667,-330.0,,0
bid,H,370,870,,,10C_1 10C_2 10H_1 10H_2 9H_2 AS_1 JS_2 KD_2 KH_1 QD_2 QH_1 QS_2,70,1,5,3,0,0,0,300,-500,0,0,0.4267,-173.1333,13.6,,,0,
bid,D,870,370,,,9C_1 9D_1 AC_2 AH_2 JC_1 JD_2 JH_2 JS_1 KC_1 KD_1 QD_1 QS_1,130,2,4,4,0,1,1,300,500,0,0,0.5267,-98.8667,103.0667,,,0,
bid,C,370,870,,,10D_1 10D_2 10S_1 10S_2 9C_2 9H_1 AS_2 JC_2 JD_1 JH_1 KS_1 QH_2,10,1,2,4,0,0,0,310,-500,0,1,0.0333,-460.0667,-26.0,,,0,
bid,D,870,370,,,9D_2 9S_1 9S_2 AC_1 AD_1 AD_2 AH_1 KC_2 KH_2 KS_2 QC_1 QC_2,30,4,3,4,0,0,0,310,500,1,0,0.24,-308.4,131.9333,,,0,
fold,D,870,370,180,60,9C_1 9D_1 AD_1 AD_2 AH_1 JC_1 JD_2 JH_2 JS_1 KD_1 QD_1 QS_1,130,3,6,2,0,1,1,300,500,0,0,0.6533,,,-23.8667,-360.0,,0
bid,S,0,0,,,9D_2 9H_2 9S_1 AS_1 AS_2 KC_2 QC_1 QC_2 QD_1 QH_1 QH_2 QS_2,90,2,4,3,0,0,1,300,0,0,0,0.1133,-395.5333,309.6,,,0,
bid,D,0,0,,,10C_1 10D_2 10H_2 10S_1 9D_1 9H_1 AD_1 AD_2 AH_2 JS_2 KC_1 KS_1,10,3,4,3,0,0,0,300,0,0,0,0.1267,-398.0667,-40.0,,,0,
bid,H,0,0,,,10H_1 9C_1 9C_2 AH_1 JC_2 JH_1 KD_1 KD_2 KH_1 KH_2 QD_2 QS_1,20,1,5,3,0,0,0,300,0,0,1,0.6067,-39.9333,51.2,,,0,
fold,C,0,0,40,140,10C_1 10C_2 9S_2 AC_1 AC_2 AD_2 JC_1 JD_1 JD_2 JH_2 JS_1 KC_1,40,3,6,3,0,0,1,250,0,0,0,0.1667,,,-401.4667,-390.0,,1
bid,S,-250,220,,,10C_2 10D_2 9C_1 9C_2 9H_2 9S_1 AS_1 JC_1 JS_1 KC_1 KD_1 QH_1,10,1,3,5,0,0,0,300,-470,0,0,0.0933,-423.8,-116.4667,,,0,
bid,D,220,-250,,,10H_1 10S_1 9D_1 AD_1 AD_2 AH_2 JD_1 JD_2 JH_2 KS_2 QD_2 QS_2,70,3,6,3,0,1,0,300,470,0,0,0.8067,219.9333,99.5333,,,1,
bid,H,-250,220,,,10C_1 10D_1 10H_2 10S_2 AC_1 AH_1 AS_2 JH_1 JS_2 KD_2 QD_1 QH_2,20,3,4,3,0,0,0,300,-470,0,1,0.7267,41.8,21.5333,,,1,
bid,C,220,-250,,,9D_2 9H_1 9S_2 AC_2 JC_2 KC_2 KH_1 KH_2 KS_1 QC_1 QC_2 QS_1,60,1,5,3,0,0,0,310,470,0,1,0.64,-18.5333,20.1333,,,0,
bid,C,330,-550,,,10C_1 10S_1 10S_2 AC_1 AH_1 JH_1 KC_2 KH_2 KS_1 QC_2 QD_2 QH_1,60,2,4,4,0,0,0,300,880,0,0,0.7067,-9.5333,8.6,,,0,
bid,H,-550,330,,,10H_1 9C_1 9D_1 9H_2 9S_2 AC_2 JD_1 JD_2 KH_1 QC_1 QH_2 QS_2,90,1,4,3,0,1,0,340,-880,0,0,0.56,-47.8,63.3333,,,0,
bid,S,330,-550,,,10C_2 10D_1 10D_2 9H_1 9S_1 AD_1 AH_2 AS_2 JC_2 JH_2 JS_2 KD_2,10,3,3,4,0,0,0,340,880,1,0,0.0667,-445.0667,-6.1333,,,0,
bid,S,-550,330,,,10H_2 9C_2 9D_2 AD_2 AS_1 JC_1 JS_1 KC_1 KD_1 KS_2 QD_1 QS_1,60,2,4,4,0,0,0,340,-880,0,1,0.5333,-119.0667,81.4667,,,0,
fold,C,330,-550,170,120,10C_1 10C_2 10D_1 AC_1 AH_1 JC_2 JH_1 KC_2 KH_2 QC_2 QD_2 QH_1,170,2,6,4,1,0,0,330,880,0,0,0.52,,,-180.6667,-450.0,,0
bid,H,-380,700,,,10D_2 9D_1 AH_1 JC_2 JS_1 JS_2 KC_2 KH_2 KS_1 QC_1 QD_1 QH_2,60,1,3,3,0,0,0,300,-1080,0,0,0.2933,-307.7333,-40.9333,,,0,
bid,H,700,-380,,,10S_1 9S_2 AC_2 AH_2 AS_2 JH_1 JH_2 KD_2 KH_1 QC_2 QD_2 QH_1,60,3,5,3,0,0,0,300,1080,0,0,0.8867,206.7333,-11.1333,,,1,
bid,C,-380,700,,,10D_1 10H_2 9C_2 9S_1 AC_1 AD_2 AS_1 JC_1 KC_1 KD_1 QS_1 QS_2,10,3,4,4,0,0,0,310,-1080,0,1,0.54,-35.8667,44.6,,,0,
bid,D,700,-380,,,10C_1 10C_2 10H_1 10S_2 9C_1 9D_2 9H_1 9H_2 AD_1 JD_1 JD_2 KS_2,10,1,4,3,0,0,0,310,1080,1,0,0.16,-351.6,12.6667,,,0,
fold,H,700,-380,190,60,10H_1 9S_2 AH_2 JD_1 JD_2 JH_1 JH_2 KD_2 KH_1 QC_2 QD_2 QH_1,170,1,6,4,1,0,0,300,1080,0,0,0.8133,,,75.4667,-360.0,,0
bid,H,0,0,,,10C_2 10D_1 AH_2 JD_2 JS_2 KC_2 KD_1 KH_1 KS_1 QC_2 QH_1 QS_1,200,1,3,3,0,1,1,300,0,0,0,0.86,98.8,165.1333,,,0,
bid,S,0,0,,,10C_1 10D_2 10S_1 10S_2 9C_2 9H_2 AD_1 AS_2 JC_2 JH_2 QC_1 QD_2,0,2,3,4,0,0,0,300,0,0,0,0.0733,-423.4,-67.8667,,,0,
bid,H,0,0,,,10H_2 9C_1 9S_2 AC_1 AC_2 AD_2 AH_1 JD_1 JH_1 JS_1 KH_2 QD_1,0,4,4,3,0,0,0,300,0,0,1,0.78,134.8,131.0,,,1,
bid,S,0,0,,,10H_1 9D_1 9D_2 9H_1 9S_1 AS_1 JC_1 KC_1 KD_2 KS_2 QH_2 QS_2,50,1,4,3,0,0,0,310,0,0,1,0.2667,-309.2667,-15.0667,,,0,
fold,H,0,0,180,40,10H_2 9C_1 9S_2 AH_1 AH_2 JD_1 JD_2 JH_1 JS_1 KH_2 QD_1 QS_1,40,2,5,3,0,1,0,300,0,0,0,0.6133,,,-63.0,-340.0,,0
bid,H,180,-300,,,10C_2 10D_2 AH_2 JH_1 JH_2 JS_2 KD_2 KH_1 QC_1 QD_2 QH_2 QS_1,120,1,5,3,0,0,1,300,480,0,0,0.74,26.6667,37.5333,,,0,
bid,C,-300,180,,,10D_1 9C_1 9D_1 AC_1 AC_2 AD_1 AD_2 JC_1 JS_1 KC_1 KS_1 QH_1,10,4,5,4,0,0,0,300,-480,0,0,0.78,142.8667,85.8667,,,1,
bid,C,180,-300,,,10C_1 10H_2 10S_2 9H_1 9S_2 AH_1 AS_1 JC_2 JD_2 KC_2 QC_2 QD_1,40,2,4,3,0,0,0,300,480,0,1,0.58,-51.5333,32.9333,,,0,
bid,S,-300,180,,,10H_1 10S_1 9C_2 9D_2 9H_2 9S_1 AS_2 JD_1 KD_1 KH_2 KS_2 QS_2,90,1,5,3,0,1,0,310,-480,0,1,0.7333,34.0667,10.5333,,,1,
bid,C,180,-300,,,10C_1 10H_2 10S_2 9H_1 9S_2 AH_1 AS_1 JC_2 JD_2 KC_2 QC_2 QD_1,40,2,4,3,0,0,0,320,480,0,1,0.5667,-44.5333,71.6,,,0,
bid,S,-300,180,,,10H_1 10S_1 9C_2 9D_2 9H_2 9S_1 AS_2 JD_1 KD_1 KH_2 KS_2 QS_2,90,1,5,3,0,1,0,330,-480,0,1,0.62,-46.0,-20.8667,,,0,
fold,C,180,-300,120,80,10C_1 10C_2 9H_1 9S_2 AH_1 JC_2 JD_2 KC_2 QC_1 QC_2 QD_1 QS_1,80,1,6,2,0,1,0,320,480,0,0,0.06,,,-463.3333,-400.0,,1
bid,H,-220,-140,,,10C_2 10D_1 10H_2 10S_2 9D_2 AC_1 AH_1 JH_1 KS_2 QH_1 QS_1 QS_2,20,2,4,4,0,0,0,300,-80,0,0,0.5,-103.2,77.9333,,,0,
bid,D,-140,-220,,,10C_1 10H_1 9C_1 9H_1 9S_1 JC_1 JC_2 JS_2 KD_2 KH_2 QC_2 QD_2,40,0,2,5,0,0,0,300,80,0,0,0.0533,-496.3333,-133.2667,,,0,
bid,D,-220,-140,,,10D_2 9C_2 AC_2 AS_2 JH_2 JS_1 KD_1 KH_1 KS_1 QC_1 QD_1 QH_2,60,2,3,3,0,0,0,300,-80,0,1,0.3867,-227.0667,72.8,,,0,
fold,D,-140,-220,70,90,10H_1 9D_1 9H_2 9S_2 AD_1 AD_2 AS_1 JD_1 JD_2 KC_2 KD_2 QD_2,50,3,7,2,0,0,0,250,80,0,0,0.3467,,,-244.6,-340.0,,0
bid,C,-390,-130,,,10H_1 10S_1 9C_1 9C_2 9D_1 AC_2 AS_2 JC_2 KD_2 KH_2 QD_2 QS_1,40,2,4,3,0,0,0,300,-260,0,0,0.28,-279.4,42.7333,,,0,
bid,H,-130,-390,,,10C_1 9H_1 AH_1 AH_2 AS_1 JC_1 JD_1 JS_1 KD_1 KS_2 QD_1 QH_2,30,3,4,3,0,0,0,300,260,0,0,0.36,-208.1333,165.2,,,0,
bid,C,-390,-130,,,10D_2 10H_2 9D_2 9H_2 9S_2 AC_1 AD_1 JH_1 JH_2 JS_2 KC_1 QC_1,40,2,3,4,0,0,0,300,-260,0,1,0.32,-299.8667,-30.8,,,0,
fold,S,-130,-390,150,50,10S_2 9S_1 AS_1 JD_1 JD_2 KC_2 KH_1 KS_1 KS_2 QC_2 QH_1 QS_2,130,1,6,2,0,1,0,250,260,0,0,0.7533,,,5.6,-300.0,,0
bid,S,140,-210,,,9C_1 9D_1 9S_1 9S_2 AS_1 JD_1 JS_2 KC_2 KD_2 KS_2 QH_2 QS_2,100,1,6,3,0,1,0,300,350,0,0,0.82,158.7333,20.2,,,1,
bid,H,-210,140,,,10C_2 10D_1 9C_2 9H_1 AH_1 JC_1 JH_1 JS_1 KH_1 QC_1 QD_1 QH_1,50,1,5,4,0,0,0,340,-350,0,0,0.4867,-149.6667,-23.6667,,,0,
bid,C,140,-210,,,10C_1 10D_2 10S_1 10S_2 9D_2 9H_2 AC_1 AD_2 AS_2 JH_2 KD_1 QS_1,0,3,2,4,0,0,0,340,350,1,0,0.1467,-377.5333,121.6667,,,0,
bid,C,-210,140,,,10H_1 10H_2 AC_2 AD_1 AH_2 JC_2 JD_2 KC_1 KH_2 KS_1 QC_2 QD_2,40,3,4,4,0,0,0,340,-350,0,1,0.7467,103.6,159.4,,,0,
bid,S,140,-210,,,9C_1 9D_1 9S_1 9S_2 AS_1 JD_1 JS_2 KC_2 KD_2 KS_2 QH_2 QS_2,100,1,6,3,0,1,0,350,350,0,1,0.6333,10.5333,51.8667,,,0,
fold,C,-210,140,180,70,10C_2 10D_1 AC_2 AD_1 AH_2 JC_2 JD_2 KC_1 KH_2 QC_1 QC_2 QD_2,150,3,6,4,1,0,0,340,-350,0,0,0.74,,,57.6667,-410.0,,0
bid,C,150,280,,,10C_1 10H_2 9C_2 9H_1 AS_1 AS_2 KC_1 KC_2 QC_2 QD_1 QH_2 QS_1,110,2,5,3,0,0,1,300,-130,0,0,0.6533,26.4667,192.2667,,,0,
bid,H,280,150,,,10C_2 10H_1 9D_2 9S_2 AH_2 JD_2 JH_1 JS_1 JS_2 KH_2 QC_1 QD_2,0,1,4,3,0,0,0,300,130,0,0,0.5067,-130.1333,-22.4,,,0,
bid,C,150,280,,,10D_1 10D_2 9H_2 9S_1 AC_1 AC_2 AD_1 JC_2 JD_1 KH_1 KS_2 QS_2,60,3,3,4,0,1,0,300,-130,0,1,0.3333,-232.8667,252.9333,,,0,
fold,C,280,150,10,170,10C_2 9C_1 9D_1 AD_2 AH_1 JC_1 JD_2 JH_2 KD_1 KD_2 QC_1 QH_1,10,2,4,5,0,0,0,250,130,0,0,0.0067,,,-532.4,-420.0,,1
bid,H,30,320,,,10C_1 10D_1 9D_2 9H_1 9S_1 AC_2 KD_1 KH_1 KH_2 QC_1 QH_2 QS_2,50,1,4,3,0,0,0,300,-290,0,0,0.3933,-201.0667,18.7333,,,0,
bid,C,320,30,,,10H_1 10S_2 AC_1 AD_1 AS_1 AS_2 JD_2 JH_1 KC_1 QC_2 QD_1 QS_1,80,4,3,4,0,1,0,300,290,0,0,0.86,202.2,235.3333,,,0,
bid,D,30,320,,,10C_2 10D_2 9C_2 9H_2 AD_2 JC_1 JH_2 KC_2 KD_2 KS_1 QD_2 QH_1,40,1,4,4,0,0,0,300,-290,0,1,0.4933,-180.7333,-12.8667,,,0,
bid,H,320,30,,,10H_2 10S_1 9C_1 9D_1 9S_2 AH_1 AH_2 JC_2 JD_1 JS_1 JS_2 KS_2,0,2,3,5,0,0,0,310,290,0,1,0.12,-398.0667,52.5333,,,0,
fold,D,30,320,170,70,10C_1 10D_1 10D_2 9C_2 9H_2 AD_2 JC_1 JH_2 KD_2 QD_2 QH_1 QS_2,40,1,5,3,0,0,0,300,-290,0,0,0.52,,,-157.3333,-370.0,,0
bid,S,520,-270,,,9C_2 9H_2 AC_2 AS_2 JC_2 JD_1 KS_1 KS_2 QD_1 QD_2 QH_2 QS_1,80,2,4,3,0,1,0,300,790,0,0,0.6067,-11.0667,122.6,,,0,
bid,S,-270,520,,,10D_2 10H_2 9H_1 9S_1 AD_1 AS_1 JC_1 JD_2 JH_1 JH_2 KC_2 KH_1,10,2,2,5,0,0,0,300,-790,0,0,0.1067,-416.7333,-35.4,,,0,
bid,C,520,-270,,,10H_1 10S_1 9C_1 9D_1 9D_2 AH_1 AH_2 KC_1 KD_1 KH_2 QC_1 QC_2,50,2,4,4,0,0,0,300,790,0,1,0.38,-214.2667,-4.3333,,,0,
fold,C,-270,520,40,120,10C_1 10C_2 9S_2 AC_1 AD_2 JC_1 JD_2 JS_1 JS_2 KC_2 QH_1 QS_2,40,2,5,4,0,1,0,250,-790,0,0,0.1933,,,-361.2,-370.0,,0
bid,H,-520,640,,,10D_1 AC_1 AH_1 AH_2 AS_1 JD_1 KC_2 KH_1 KH_2 QH_1 QH_2 QS_2,120,4,6,2,0,1,0,300,-1160,0,0,0.9933,398.0,148.9333,,,1,
bid,D,640,-520,,,10D_2 10H_2 10S_1 9D_1 AD_2 AS_2 JC_2 KD_2 QC_1 QC_2 QD_1 QS_1,50,2,5,3,0,0,0,340,1160,0,0,0.5667,-21.9333,123.9333,,,0,
bid,C,-520,640,,,10C_2 9C_1 9C_2 9H_2 AC_2 JC_1 JD_2 JH_1 JH_2 JS_1 KS_1 QD_2,60,1,5,3,0,0,1,340,-1160,1,0,0.3267,-228.4,57.8,,,0,
bid,S,640,-520,,,10C_1 10H_1 10S_2 9D_2 9H_1 9S_1 9S_2 AD_1 JS_2 KC_1 KD_1 KS_2,20,1,5,3,0,0,0,340,1160,0,1,0.26,-296.4,-135.2,,,0,
fold,H,-520,640,130,30,AH_1 AH_2 JD_1 JD_2 JH_1 JH_2 KC_2 KH_1 KH_2 QH_1 QH_2 QS_2,120,2,8,2,0,1,0,330,-1160,0,0,0.2733,,,-260.6667,-360.0,,0
bid,D,700,-170,,,10D_1 10D_2 10S_2 9D_2 AC_1 AD_1 AS_2 JC_2 JH_1 JH_2 KD_1 QS_2,10,3,5,3,0,0,0,300,870,0,0,0.6,-13.6,58.0667,,,0,
bid,H,-170,700,,,10C_1 10S_1 9C_2 9S_1 AH_1 JD_2 JS_2 KC_2 KH_1 KS_2 QD_1 QH_1,40,1,3,4,0,0,0,300,-870,0,0,0.3333,-278.6667,11.4,,,0,
bid,H,700,-170,,,10C_2 9H_2 9S_2 AH_2 AS_1 KC_1 KD_2 KH_2 QC_1 QD_2 QH_2 QS_1,150,2,4,3,0,0,1,300,870,0,1,0.64,-27.6,185.0,,,0,
fold,D,-170,700,30,150,9C_1 9D_1 9H_1 AC_2 AD_2 AH_1 JC_1 JD_1 JD_2 JS_1 QC_2 QD_1,10,3,5,4,0,0,0,250,-870,0,0,0.0867,,,-438.7333,-400.0,,1
bid,D,-420,850,,,10H_1 10S_1 9D_1 9H_2 JD_1 JD_2 JH_1 JH_2 JS_1 KC_1 KC_2 KH_2,10,0,3,5,0,0,0,300,-1270,0,0,0.1267,-382.9333,8.0667,,,0,
bid,S,850,-420,,,10C_2 10H_2 9D_2 9H_1 AC_1 AC_2 AD_2 AH_1 KD_2 KH_1 KS_2 QS_1,40,4,2,4,0,0,0,300,1270,0,0,0.6067,-45.2,212.0,,,0,
bid,S,-420,850,,,10C_1 10D_1 10S_2 AD_1 JC_1 JC_2 KS_1 QC_1 QD_2 QH_1 QH_2 QS_2,100,1,3,4,0,0,1,310,-1270,0,1,0.2267,-327.8,158.0667,,,0,
bid,S,850,-420,,,10D_2 9C_1 9C_2 9S_1 9S_2 AH_2 AS_1 AS_2 JS_2 KD_1 QC_2 QD_1,40,3,5,3,0,0,0,310,1270,1,0,0.2333,-317.0667,-1.5333,,,0,
fold,S,850,-420,80,100,10C_2 10D_2 9D_2 9H_1 AC_1 AC_2 AH_1 AS_1 AS_2 KH_1 KS_2 QS_1,40,5,4,3,0,0,0,300,1270,0,0,0.1333,,,-390.1333,-400.0,,0
bid,D,550,-320,,,10H_1 9D_1 AD_1 AD_2 AS_2 JC_2 JD_1 JH_1 QD_1 QH_2 QS_1 QS_2,50,3,5,3,0,1,0,300,870,0,0,0.72,126.8,206.4667,,,0,
bid,C,-320,550,,,10C_1 10S_2 9C_2 AH_1 JC_1 JS_1 KC_1 KC_2 KD_1 KH_1 QC_2 QD_2,70,1,6,2,0,0,0,300,-870,0,0,0.72,58.6667,-44.0,,,1,
bid,H,550,-320,,,10C_2 10D_2 10H_2 10S_1 9H_2 9S_1 AH_2 JD_2 JH_2 KH_2 KS_1 KS_2,10,1,5,4,0,0,0,300,870,0,1,0.4333,-166.7333,-64.0667,,,0,
fold,S,-320,550,50,50,10S_2 9C_1 9D_2 9H_1 9S_2 AC_2 AH_1 AS_1 JS_1 JS_2 QC_1 QH_1,10,3,5,3,0,0,0,250,-870,0,0,0.24,,,-257.6,-300.0,,0
bid,D,-570,720,,,10C_1 10D_2 9C_2 AD_2 JC_1 JC_2 JD_2 JS_2 KD_2 KS_2 QD_2 QH_2,150,1,5,4,1,0,0,300,-1290,0,0,0.9267,151.9333,39.0,,,1,
bid,H,720,-570,,,10H_1 10H_2 9D_2 9S_1 AH_2 JD_1 JS_1 KH_2 QC_1 QH_1 QS_1 QS_2,80,1,5,4,0,1,0,300,1290,0,0,0.8667,217.6667,90.4667,,,1,
bid,D,-570,720,,,10C_2 9C_1 9D_1 9S_2 AC_1 AC_2 JH_1 KC_1 KC_2 KD_1 KS_1 QD_1,50,2,3,6,0,0,0,300,-1290,0,1,0.2933,-280.2,-100.2667,,,0,
fold,H,720,-570,100,40,10S_1 10S_2 9H_1 9H_2 AH_1 AS_1 AS_2 JD_1 JH_2 JS_1 KH_1 QS_1,60,3,5,6,0,1,0,250,1290,0,0,0.9867,,,201.4,-290.0,,0
bid,C,0,0,,,10C_1 10C_2 10D_2 10H_1 AC_2 AH_1 JC_2 JS_2 KD_2 QH_1 QH_2 QS_2,0,2,4,4,0,0,0,300,0,0,0,0.3733,-194.1333,114.8,,,0,
bid,H,0,0,,,10S_1 9D_1 9H_1 9H_2 9S_1 AD_1 AH_2 JD_1 KC_2 KS_1 QC_1 QD_1,40,2,3,4,0,0,0,300,0,0,0,0.1933,-336.9333,-0.0667,,,0,
bid,D,0,0,,,10D_1 9C_1 9C_2 AC_1 AD_2 AS_2 JC_1 JD_2 JH_1 JH_2 KD_1 QD_2,150,3,5,4,1,0,0,300,0,0,1,1.0,279.4667,34.1333,,,1,
bid,S,0,0,,,10H_2 10S_2 9D_2 9S_2 AS_1 JS_1 KC_1 KH_1 KH_2 KS_2 QC_2 QS_1,180,1,6,3,1,0,0,340,0,0,1,0.8933,155.7333,105.8,,,1,
bid,D,0,0,,,10D_1 9C_1 9C_2 AC_1 AD_2 AS_2 JC_1 JD_2 JH_1 JH_2 KD_1 QD_2,150,3,5,4,1,0,0,350,0,0,1,0.88,177.7333,242.9333,,,0,
bid,S,0,0,,,10H_2 10S_2 9D_2 9S_2 AS_1 JS_1 KC_1 KH_1 KH_2 KS_2 QC_2 QS_1,180,1,6,3,1,0,0,360,0,0,1,0.6733,-14.1333,157.0,,,0,
fold,D,0,0,190,80,10D_1 10D_2 9C_1 9C_2 AD_2 JD_2 JH_1 JH_2 KD_1 KD_2 QD_2 QS_2,190,1,7,2,1,1,0,350,0,0,0,0.46,,,-177.0667,-430.0,,0
bid,S,120,400,,,10S_2 9C_1 9H_2 9S_2 AD_1 JC_2 KS_1 KS_2 QC_2 QD_1 QH_2 QS_2,110,1,5,3,0,0,1,300,-280,0,0,0.5267,-94.2667,76.0667,,,0,
bid,D,400,120,,,10S_1 9H_1 AC_1 AC_2 AD_2 AS_1 JH_1 JH_2 KD_1 KH_1 KH_2 QD_2,40,4,3,5,0,0,0,300,280,0,0,0.4467,-166.7333,155.7333,,,0,
bid,H,120,400,,,10H_2 9D_1 AH_1 AS_2 JD_1 JD_2 JS_1 JS_2 KC_1 KC_2 KD_2 QS_1,40,2,2,4,0,1,0,300,-280,0,1,0.4267,-167.1333,197.8667,,,0,
fold,S,400,120,30,150,10C_1 10C_2 10S_1 9C_2 9D_2 9S_1 AC_1 AH_2 AS_1 JC_1 QC_1 QH_1,10,3,3,6,0,0,0,250,280,0,0,0.02,,,-486.2,-400.0,,1
bid,C,150,270,,,10C_1 9C_1 9D_2 9H_1 AC_2 AH_2 AS_1 JC_2 KC_1 KD_2 KH_2 QD_2,30,3,5,3,0,0,0,300,-120,0,0,0.7333,84.4667,-75.2,,,1,
bid,S,270,150,,,10D_2 10H_1 10S_2 9C_2 9D_1 9H_2 9S_2 KH_1 KS_2 QC_2 QS_1 QS_2,50,0,5,3,0,0,0,300,120,0,0,0.5067,-123.3333,-77.0,,,0,
bid,S,150,270,,,10S_1 9S_1 AD_2 AH_1 AS_2 JC_1 JD_1 JD_2 JS_1 KC_2 KD_1 QH_1,10,3,4,4,0,0,0,300,-120,0,1,0.5733,-17.2,88.7333,,,0,
fold,D,270,150,70,50,10D_1 10H_1 AC_1 AD_1 JH_1 JH_2 JS_2 QC_1 QD_1 QH_2 QS_1 QS_2,60,2,3,4,0,0,1,250,120,0,0,0.1533,,,-338.2,-300.0,,1
bid,H,20,200,,,10D_1 10H_1 10S_1 10S_2 9C_1 AD_1 AH_1 JC_1 JS_1 KH_1 QH_1 QH_2,40,2,5,3,0,0,0,300,-180,0,0,0.68,-3.6667,-36.8,,,1,
bid,S,200,20,,,10C_1 10C_2 10D_2 9H_1 9H_2 9S_2 AC_1 AS_2 JD_1 JH_1 QC_1 QD_1,10,2,2,4,0,0,0,310,180,0,0,0.0667,-411.9333,51.4667,,,0,
bid,S,20,200,,,10H_2 9S_1 AC_2 AD_2 AS_1 JH_2 JS_2 KC_2 KD_2 KH_2 KS_1 KS_2,90,3,5,3,0,0,1,310,-180,1,0,0.4267,-156.8667,83.9333,,,0,
bid,D,200,20,,,9C_2 9D_1 9D_2 AH_2 JC_2 JD_2 KC_1 KD_1 QC_2 QD_2 QS_1 QS_2,120,1,5,4,0,1,0,310,180,0,1,0.5867,3.4667,116.1333,,,0,
fold,H,20,200,190,100,10H_1 10H_2 9C_1 AD_1 AH_1 JC_1 JH_2 JS_1 KH_1 KH_2 QH_1 QH_2,190,2,8,2,1,0,0,300,-180,0,0,1.0,,,209.6,-400.0,,0
bid,D,340,420,,,10S_2 9D_2 AD_2 AH_1 AS_2 JH_2 KC_1 KC_2 KD_1 QD_2 QH_1 QH_2,50,3,4,4,0,0,0,300,-80,0,0,0.5733,-72.2,43.6667,,,0,
bid,S,420,340,,,10C_2 10D_1 10D_2 9H_1 9S_1 AC_1 AC_2 AH_2 JC_1 KD_2 KS_2 QS_2,50,3,3,4,0,0,0,300,80,0,0,0.3467,-233.1333,226.0667,,,0,
bid,D,340,420,,,10S_1 9C_1 9D_1 9H_2 9S_2 AD_1 JD_1 JH_1 JS_1 KH_1 KH_2 QS_1,50,1,3,4,0,1,0,300,-80,0,1,0.2333,-336.1333,-10.8667,,,0,
fold,H,420,340,50,70,10H_1 10H_2 9C_2 AC_2 AH_2 JC_2 JD_2 JS_2 QC_1 QC_2 QD_1 QS_2,40,2,3,5,0,1,0,250,80,0,0,0.0733,,,-392.2,-320.0,,1
bid,S,170,410,,,10S_2 9H_1 9S_1 AD_1 JC_1 JC_2 JS_2 KC_2 KD_1 KS_1 QC_2 QS_2,70,1,5,4,0,0,0,300,-240,0,0,0.6733,1.9333,-17.2667,,,1,
bid,S,410,170,,,10D_1 10S_1 9C_2 9D_1 9S_2 AH_1 AS_1 JS_1 KH_1 QC_1 QD_1 QD_2,10,2,4,4,0,0,0,300,240,0,0,0.1733,-342.2,-118.8,,,0,
bid,H,170,410,,,10C_1 10H_1 10H_2 9C_1 AC_2 AD_2 AH_2 AS_2 KC_1 KD_2 KH_2 QH_1,140,4,5,4,0,0,1,300,-240,0,1,1.0,347.2,87.2667,,,1,
bid,S,410,170,,,10C_2 10D_2 9D_2 9H_2 AC_1 JD_1 JD_2 JH_1 JH_2 KS_2 QH_2 QS_1,80,1,2,4,0,1,0,340,240,0,1,0.5467,-108.8667,141.0,,,0,
fold,H,170,410,170,70,10H_1 10H_2 10S_2 9C_1 AC_2 AD_1 AD_2 AH_2 AS_2 KH_2 QH_1 QS_2,140,5,5,3,0,0,1,330,-240,0,0,0.9133,,,195.1333,-400.0,,0
bid,S,540,530,,,10S_1 9D_2 9S_1 9S_2 AH_1 AH_2 JD_1 JS_1 KC_1 KS_2 QC_1 QS_2,120,2,6,2,0,1,0,300,10,0,0,0.84,208.0667,112.3333,,,1,
bid,S,530,540,,,10C_2 10D_2 9C_2 AD_1 AD_2 AS_1 JC_1 JC_2 JH_2 JS_2 KH_1 QD_2,0,3,2,4,0,0,0,300,-10,0,0,0.0667,-423.0,12.6,,,0,
bid,D,540,530,,,10D_1 10S_2 9H_1 9H_2 AC_2 JH_1 KD_1 KD_2 QD_1 QH_1 QH_2 QS_1,40,1,4,5,0,0,0,300,10,0,1,0.4533,-155.5333,17.9333,,,0,
fold,C,530,540,170,120,10C_1 10C_2 9C_1 9D_1 AC_1 JC_2 JD_2 KC_2 KH_1 KH_2 KS_1 QC_2,160,1,7,2,1,0,0,250,-10,0,0,0.8733,,,13.3333,-370.0,,0
bid,C,890,720,,,10D_1 10S_1 9C_2 9H_2 9S_2 AC_2 AH_1 JH_2 JS_2 KD_2 QD_1 QS_1,30,2,2,4,0,0,0,300,170,0,0,0.0933,-458.6667,14.1333,,,0,
bid,H,720,890,,,10C_2 10H_1 10H_2 9S_1 AD_2 AS_1 JD_1 JH_1 KC_1 KH_1 QD_2 QH_2,40,2,5,3,0,0,0,300,-170,0,0,0.6267,1.8667,-5.9333,,,1,
bid,S,890,720,,,10D_2 10S_2 AH_2 JC_1 JC_2 JS_1 KC_2 KS_1 KS_2 QC_1 QH_1 QS_2,60,1,5,4,0,0,0,300,170,0,1,0.64,-9.2,-12.4667,,,1,
fold,D,720,890,80,80,9C_1 9D_1 9D_2 9H_1 AC_1 AD_1 AD_2 JD_1 JD_2 KD_1 QC_2 QD_2,60,3,8,3,0,0,0,250,-170,0,0,0.56,,,-77.8,-330.0,,0
bid,H,0,0,,,10C_1 10C_2 9H_2 9S_1 AC_1 AH_1 JD_1 JH_2 KC_2 KH_1 QD_2 QS_2,50,2,4,4,0,1,0,300,0,0,0,0.5733,-40.5333,19.1333,,,0,
bid,H,0,0,,,10D_1 10H_2 9C_1 AH_2 AS_1 AS_2 JH_1 KC_1 KD_2 KS_1 QC_1 QH_2,20,3,4,3,0,0,0,300,0,0,0,0.6067,-35.7333,93.3333,,,0,
bid,H,0,0,,,10H_1 9C_2 9H_1 AC_2 JC_2 JS_2 KH_2 KS_2 QC_2 QD_1 QH_1 QS_1,130,1,4,4,0,0,1,300,0,0,1,0.4067,-185.4,38.2667,,,0,
fold,D,0,0,40,140,10D_1 10D_2 9D_1 9D_2 AD_1 AD_2 AS_1 JC_1 JD_2 JS_1 KD_1 KD_2,20,3,9,2,0,0,0,250,0,0,0,0.6267,,,-103.5333,-390.0,,0
bid,D,260,170,,,9C_2 9H_2 9S_1 9S_2 AC_2 AD_2 AS_1 JD_2 JS_1 KD_2 QC_2 QD_1,40,3,4,4,0,0,0,300,90,0,0,0.74,44.8,60.0667,,,0,
bid,S,170,260,,,10H_1 9C_1 9D_1 AH_2 AS_2 JC_1 JH_2 JS_2 KD_1 KH_1 KS_1 QS_2,40,2,4,4,0,0,0,300,-90,0,0,0.5533,-95.2,13.2667,,,0,
bid,H,260,170,,,10D_1 10H_2 10S_2 9H_1 AC_1 AD_1 AH_1 JC_2 KH_2 QC_1 QH_2 QS_1,50,3,5,3,0,0,0,310,90,0,1,0.9267,250.0,79.0,,,1,
bid,D,170,260,,,10C_1 10C_2 10D_2 10S_1 9D_2 JD_1 JH_1 KC_1 KC_2 KS_2 QD_2 QH_1,10,0,4,4,0,0,0,320,-90,1,0,0.2,-336.6667,-23.4,,,0,
bid,S,170,260,,,10H_1 9C_1 9D_1 AH_2 AS_2 JC_1 JH_2 JS_2 KD_1 KH_1 KS_1 QS_2,40,2,4,4,0,0,0,320,-90,0,1,0.5467,-93.7333,21.7333,,,0,
fold,H,260,170,120,20,10H_2 9H_1 AC_1 AC_2 AD_2 AH_1 JC_2 JD_2 KH_2 QC_1 QH_2 QS_1,90,4,5,4,0,1,0,310,90,0,0,0.42,,,-135.7333,-330.0,,0
bid,D,310,-50,,,10C_2 10H_1 10S_2 9H_1 AD_1 AD_2 AH_2 JC_2 KD_2 KS_2 QD_2 QH_1,40,3,4,4,0,0,0,300,360,0,0,0.36,-243.4667,-23.7333,,,0,
bid,C,-50,310,,,10C_1 10D_1 9D_2 9S_2 AC_1 JD_1 JH_1 KC_1 KC_2 QC_2 QS_1 QS_2,80,1,5,3,0,1,0,300,-360,0,0,0.8733,237.0667,91.8,,,1,
bid,C,310,-50,,,10H_2 10S_1 9C_2 9S_1 AC_2 JC_1 JD_2 JS_1 JS_2 KH_1 KH_2 QH_2,30,1,3,4,0,0,0,300,360,0,1,0.1333,-380.9333,-25.6,,,0,
fold,D,-50,310,120,60,10D_2 9C_1 9D_1 9H_2 AS_1 JD_1 JH_2 KD_1 QC_1 QD_1 QS_1 QS_2,90,1,5,3,0,1,0,250,-360,0,0,0.4133,,,-222.3333,-310.0,,0
bid,C,250,440,,,10C_1 10S_2 9S_1 AD_1 JC_1 JD_1 JS_1 KC_1 QC_1 QD_1 QD_2 QH_1,40,1,4,4,0,0,0,300,-190,0,0,0.6267,-40.6667,42.2667,,,0,
bid,C,440,250,,,10D_1 10D_2 9C_2 9S_2 AC_1 AC_2 AD_2 AS_2 KD_1 KH_2 KS_1 QH_2,30,4,3,4,0,0,0,300,190,0,0,0.3067,-263.7333,150.2667,,,0,
bid,S,250,440,,,10C_2 10H_1 10H_2 10S_1 9D_1 9D_2 JD_2 JH_2 JS_2 KH_1 KS_2 QS_1,80,0,4,4,0,1,0,300,-190,0,1,0.62,-58.4667,-84.8667,,,1,
bid,H,440,250,,,9C_1 9H_1 9H_2 AH_1 AH_2 AS_1 JC_2 JH_1 KC_2 KD_2 QC_2 QS_2,40,3,5,4,0,0,0,310,190,0,1,0.4333,-160.0,161.0,,,0,
fold,S,250,440,110,50,10S_1 10S_2 9D_1 9D_2 JD_1 JD_2 JH_2 JS_1 JS_2 KH_1 KS_2 QS_1,80,0,6,4,0,1,0,300,-190,0,0,0.0867,,,-419.5333,-350.0,,1
bid,C,490,-50,,,10C_2 10H_2 10S_2 9D_2 9H_2 AC_1 AS_2 JH_2 KC_2 KH_2 KS_1 QC_2,40,2,4,4,0,0,0,300,540,0,0,0.6067,-81.6667,-58.9333,,,0,
bid,D,-50,490,,,10C_1 10H_1 9C_1 9C_2 9S_1 AD_1 AD_2 AH_1 AH_2 AS_1 JS_1 QC_1,0,5,2,4,0,0,0,300,-540,0,0,0.1533,-375.0,145.7333,,,0,
bid,D,490,-50,,,10D_2 9S_2 AC_2 JC_2 JD_1 JD_2 JH_1 KC_1 KD_2 KS_2 QD_1 QH_1,40,1,5,3,0,0,0,300,540,0,1,0.6,-26.2667,-42.0667,,,1,
fold,D,-50,490,70,70,10C_1 10D_1 9D_1 9H_1 AD_1 AD_2 JC_1 KD_1 KH_1 QD_2 QH_2 QS_2,70,2,6,3,0,0,0,250,-540,0,0,0.3267,,,-252.0667,-320.0,,0
bid,S,-300,560,,,10H_2 10S_1 9H_1 9S_1 9S_2 AH_2 JD_2 KC_1 KH_2 QC_1 QC_2 QD_2,40,1,3,4,0,0,0,300,-860,0,0,0.12,-407.4667,45.0667,,,0,
bid,S,560,-300,,,10C_2 9H_2 AD_1 JC_1 JC_2 JD_1 JS_1 KD_2 KS_1 QH_2 QS_1 QS_2,80,1,4,3,0,1,0,300,860,0,0,0.6267,27.9333,88.4667,,,0,
bid,H,-300,560,,,10D_2 10H_1 9C_2 9D_2 AH_1 AS_1 JH_1 JS_2 KC_2 KD_1 KH_1 QH_1,150,2,5,3,1,0,0,300,-860,0,1,0.9733,178.2667,-49.0,,,1,
bid,C,560,-300,,,10C_1 10D_1 10S_2 9C_1 9D_1 AC_1 AC_2 AD_2 AS_2 JH_2 KS_2 QD_1,10,4,4,4,0,0,0,340,860,0,1,0.36,-219.4667,118.8,,,0,
fold,H,-300,560,200,70,10H_1 10H_2 9C_2 9D_2 AH_1 AH_2 JD_2 JH_1 JS_2 KD_1 KH_1 QH_1,150,2,7,3,1,0,0,330,-860,0,0,0.56,,,-98.8,-400.0,,0
bid,D,700,80,,,10D_2 9S_2 AC_1 AD_1 JD_2 JH_2 JS_2 KC_2 KD_2 KS_1 QC_2 QD_1,170,2,5,3,1,0,0,300,620,0,0,0.9933,234.8667,45.2,,,1,
bid,H,80,700,,,10C_1 10C_2 10H_2 10S_2 9D_1 9H_1 JD_1 KC_1 KH_1 QD_2 QH_1 QH_2,50,0,5,3,0,0,0,340,-620,0,0,0.28,-301.2,8.9333,,,0,
bid,C,700,80,,,10D_1 10H_1 10S_1 9D_2 AC_2 AH_1 AS_1 AS_2 JC_1 JC_2 KD_1 KS_2,0,4,3,4,0,0,0,340,620,1,0,0.28,-288.4667,166.9333,,,0,
bid,D,80,700,,,9C_1 9C_2 9H_2 9S_1 AD_2 AH_2 JH_1 JS_1 KH_2 QC_1 QS_1 QS_2,0,2,1,4,0,0,0,340,-620,0,1,0.1333,-342.8,96.3333,,,0,
fold,D,700,80,180,30,10D_1 10D_2 10H_1 AD_1 JD_2 JH_2 JS_2 KC_2 KD_1 KD_2 QC_2 QD_1,170,1,7,2,1,0,0,330,620,0,0,0.4867,,,-113.2,-360.0,,0
bid,H,0,0,,,10C_1 10C_2 10H_2 9C_1 AD_2 AH_1 AH_2 JC_1 JC_2 JH_2 KD_2 KH_1,0,3,5,5,0,0,0,300,0,0,0,0.68,26.0,-3.6,,,1,
bid,H,0,0,,,10D_2 9H_1 9S_2 AS_2 JD_1 JD_2 JH_1 KH_2 QC_1 QH_1 QH_2 QS_1,90,1,5,3,0,1,0,300,0,0,0,0.6867,78.0667,24.0,,,1,
bid,D,0,0,,,10D_1 9C_2 9D_1 9D_2 9H_2 AC_2 AD_1 AS_1 KC_1 KC_2 KD_1 KS_2,20,3,5,4,0,0,0,300,0,0,1,0.5267,-89.2667,-66.1333,,,0,
bid,S,0,0,,,10H_1 10S_1 10S_2 9S_1 AC_1 JS_1 JS_2 KS_1 QC_2 QD_1 QD_2 QS_2,50,1,7,2,0,0,0,310,0,0,1,0.6333,18.2667,54.7333,,,0,
bid,D,0,0,,,10D_1 9C_2 9D_1 9D_2 9H_2 AC_2 AD_1 AS_1 KC_1 KC_2 KD_1 KS_2,20,3,5,4,0,0,0,320,0,0,1,0.36,-199.7333,-15.6,,,0,
fold,S,0,0,380,0,10S_1 10S_2 9S_1 JD_1 JD_2 JS_1 JS_2 KS_1 QC_2 QD_1 QS_1 QS_2,350,0,8,3,0,1,0,310,0,0,0,1.0,,,446.4,-310.0,,0
bid,D,560,70,,,10C_2 10H_2 10S_2 9C_1 AC_1 AD_1 KD_1 KD_2 QC_1 QD_1 QD_2 QS_1,80,2,5,4,0,0,0,300,490,0,0,0.7533,81.0667,11.5333,,,1,
bid,S,70,560,,,10H_1 9S_2 AC_2 AD_2 AH_1 AH_2 JH_1 JS_1 JS_2 KS_1 KS_2 QS_2,50,4,6,4,0,0,0,310,-490,0,0,0.7067,82.2667,77.3333,,,1,
bid,S,560,70,,,10D_1 10D_2 10S_1 9H_1 9H_2 9S_1 AS_2 JD_2 JH_2 KC_1 KC_2 KH_2,10,1,3,4,0,0,0,310,490,1,0,0.16,-366.1333,113.0,,,0,
bid,S,70,560,,,10C_1 9C_2 9D_1 9D_2 AS_1 JC_1 JC_2 JD_1 KH_1 QC_2 QH_1 QH_2,20,1,1,5,0,0,0,310,-490,0,1,0.02,-475.2667,5.8667,,,0,
fold,D,560,70,230,60,10D_1 10D_2 9C_1 AC_1 AD_1 JD_2 KD_1 KD_2 QC_1 QD_1 QD_2 QS_1,230,2,8,3,1,1,0,300,490,0,0,1.0,,,315.7333,-360.0,,0
bid,S,180,990,,,10C_2 10H_1 9H_2 AS_2 JC_1 JC_2 JH_1 JS_1 KC_1 KS_2 QH_2 QS_1,40,1,4,4,0,0,0,300,-810,0,0,0.6267,-71.3333,0.2667,,,0,
bid,D,990,180,,,10C_1 10D_2 9D_1 9D_2 9H_1 9S_1 AH_1 JD_2 JS_2 KD_2 QD_1 QS_2,100,1,6,3,0,1,0,300,810,0,0,0.62,7.0667,-27.4667,,,1,
bid,D,180,990,,,10D_1 10S_2 9C_1 AC_2 AD_1 AS_1 KC_2 KD_1 KS_1 QC_2 QD_2 QH_1,60,3,4,4,0,0,0,310,-810,0,1,0.6933,24.2667,39.1333,,,0,
bid,H,990,180,,,10H_2 10S_1 9C_2 9S_2 AC_1 AD_2 AH_2 JD_1 JH_2 KH_1 KH_2 QC_1,0,3,5,3,0,0,0,310,810,1,0,0.76,131.2667,19.4,,,1,
fold,D,990,180,210,80,10D_2 9D_1 9D_2 9H_1 AD_2 AH_2 JD_1 JD_2 JS_2 KD_2 QD_1 QS_2,210,2,8,2,1,1,0,300,810,0,0,1.0,,,257.0667,-380.0,,0
bid,D,0,0,,,10C_2 10D_2 9C_1 9H_2 9S_2 AD_2 JD_1 KS_1 QC_1 QD_2 QS_1 QS_2,60,1,4,4,0,1,0,300,0,0,0,0.7933,127.7333,29.6,,,1,
bid,S,0,0,,,10S_2 AC_1 AH_1 AH_2 AS_1 JC_1 JC_2 JH_1 KC_2 KD_1 KH_2 QD_1,20,4,2,4,0,0,0,300,0,0,0,0.26,-305.8667,53.8667,,,0,
bid,D,0,0,,,10C_1 9D_1 9D_2 9H_1 AD_1 JD_2 JS_1 JS_2 KC_1 KD_2 KH_1 QC_2,40,1,5,3,0,0,0,300,0,0,1,0.2267,-310.2667,-66.7333,,,0,
fold,C,0,0,30,110,10H_1 9C_2 9S_1 AC_1 AC_2 AS_2 JC_1 JH_2 KC_2 KS_2 QH_1 QH_2,10,3,5,4,0,0,0,250,0,0,0,0.0867,,,-417.4,-360.0,,1
bid,H,-250,110,,,10H_2 9D_2 9H_2 9S_2 AH_1 JH_1 KC_1 KD_2 KS_2 QH_1 QH_2 QS_1,30,1,6,3,0,0,0,300,-360,0,0,0.64,-2.8,-0.6,,,0,
bid,S,110,-250,,,10C_2 10D_2 10H_1 10S_1 AC_2 AD_1 AD_2 AH_2 AS_1 JC_1 JC_2 QD_1,100,5,2,4,0,0,1,300,360,0,0,0.7933,8.7333,110.8667,,,0,
bid,H,-250,110,,,10D_1 9D_1 9H_1 9S_1 AS_2 JD_1 JD_2 JH_2 KD_1 KS_1 QC_1 QC_2,10,1,2,5,0,0,0,300,-360,0,1,0.1067,-389.6667,3.2667,,,0,
fold,C,110,-250,20,20,10C_1 10C_2 10H_1 9C_1 9C_2 AC_1 AC_2 JS_1 JS_2 KC_2 QD_2 QS_2,20,2,7,3,0,0,0,250,360,0,0,0.14,,,-311.5333,-270.0,,1
bid,D,-140,-230,,,10D_1 10D_2 10S_1 9C_2 AD_2 AH_2 JS_2 KD_1 KH_2 QD_1 QD_2 QS_1,40,2,6,3,0,0,0,300,90,0,0,0.8267,186.8667,-22.2667,,,1,
bid,D,-230,-140,,,10C_1 10H_1 9C_1 9D_2 9S_1 AH_1 AS_1 JD_1 JS_1 KC_2 KS_2 QH_1,10,2,2,4,0,0,0,340,-90,0,0,0.04,-462.2667,54.0,,,0,
bid,H,-140,-230,,,10H_2 10S_2 9H_1 9H_2 JD_2 JH_1 JH_2 KC_1 KD_2 KS_1 QC_1 QH_2,40,0,6,2,0,0,0,340,90,1,0,0.3067,-258.7333,-4.5333,,,0,
bid,C,-230,-140,,,10C_2 9D_1 9S_2 AC_1 AC_2 AD_1 AS_2 JC_1 JC_2 KH_1 QC_2 QS_2,0,4,6,3,0,0,0,340,-90,0,1,0.7867,182.2667,151.3333,,,1,
bid,D,-140,-230,,,10D_1 10D_2 10S_1 9C_2 AD_2 AH_2 JS_2 KD_1 KH_2 QD_1 QD_2 QS_1,40,2,6,3,0,0,0,350,90,0,1,0.68,86.1333,103.2667,,,0,
bid,D,-570,-70,,,9H_1 AC_2 AD_1 AD_2 AH_1 AS_2 KC_1 KC_2 KS_1 QC_1 QH_1 QH_2,120,5,2,4,0,0,1,300,-500,0,0,0.6933,-29.4,315.5333,,,0,
bid,S,-70,-570,,,10C_1 10D_1 10H_1 9C_1 9H_2 AC_1 JH_1 KH_2 KS_2 QC_2 QD_1 QS_2,40,1,2,4,0,0,0,300,500,0,0,0.1067,-436.9333,13.5333,,,0,
bid,S,-570,-70,,,10C_2 10D_2 9C_2 9D_1 9S_1 JD_1 JD_2 JS_1 JS_2 KD_1 KD_2 KH_1,10,0,3,6,0,0,0,300,-500,0,1,0.14,-354.3333,-117.6,,,0,
fold,S,-70,-570,50,130,10S_1 10S_2 9S_2 AC_1 AS_1 JC_1 JC_2 JH_2 KS_2 QD_2 QS_1 QS_2,50,2,7,3,0,0,0,250,500,0,0,0.34,,,-276.1333,-380.0,,0
bid,C,-320,-360,,,10C_1 10D_2 9H_1 JC_2 JH_1 KC_1 KC_2 KS_1 QC_2 QD_2 QH_1 QS_2,120,0,5,3,0,0,1,300,40,0,0,0.5933,-71.8667,46.6667,,,0,
bid,S,-360,-320,,,10C_2 10S_2 9C_2 9D_2 AH_2 JD_1 JS_1 KD_1 KH_2 KS_2 QC_1 QS_1,80,1,4,3,0,1,0,300,-40,0,0,0.66,-10.0,4.0667,,,0,
bid,D,-320,-360,,,10S_1 9D_1 9H_2 9S_2 AD_1 AD_2 AH_1 JC_1 JS_2 KD_2 KH_1 QD_1,50,3,5,3,0,0,0,300,40,0,1,0.4333,-182.0,-54.7333,,,0,
fold,S,-360,-320,50,150,10S_2 9C_1 9S_1 AC_1 AC_2 AS_1 AS_2 JD_1 JD_2 JH_2 QH_2 QS_1,50,4,5,3,0,1,0,250,-40,0,0,0.1533,,,-421.4,-400.0,,1
bid,H,-610,-170,,,10C_1 AC_1 AD_1 AH_2 AS_1 JC_2 JD_1 JH_1 KC_1 KC_2 KH_1 QH_2,140,4,4,5,0,0,1,300,-440,0,0,0.9933,368.8667,197.6667,,,1,
bid,D,-170,-610,,,10C_2 10D_2 10H_2 9C_2 9S_1 AH_1 JS_1 KD_1 KD_2 QC_1 QC_2 QD_2,40,1,4,4,0,0,0,340,440,0,0,0.12,-404.2667,-2.6667,,,0,
bid,S,-610,-170,,,10H_1 10S_1 9D_1 9H_2 AC_2 JD_2 JS_2 KH_2 KS_2 QH_1 QS_1 QS_2,100,1,5,4,0,1,0,340,-440,1,0,0.74,131.2667,97.1333,,,1,
bid,D,-170,-610,,,10D_1 10S_2 9C_1 9D_2 9H_1 9S_2 AD_2 AS_2 JC_1 JH_2 KS_1 QD_1,10,2,4,4,0,0,0,340,440,0,1,0.1667,-363.0667,2.2,,,0,
fold,H,-610,-170,250,30,10S_1 AC_1 AD_1 AH_2 AS_1 JC_2 JD_1 JD_2 JH_1 KH_1 QH_2 QS_2,180,4,4,3,0,1,1,330,-440,0,0,1.0,,,312.6667,-360.0,,0
bid,S,-120,-130,,,10H_1 9D_2 9S_1 AS_1 JH_1 JS_2 KH_1 KH_2 KS_2 QC_2 QD_1 QS_2,50,1,5,4,0,0,0,300,10,0,0,0.66,-15.1333,18.1333,,,0,
bid,C,-130,-120,,,10C_2 10D_1 10D_2 10H_2 10S_2 AC_1 AC_2 AS_2 JC_2 JD_1 KC_2 QS_1,40,3,5,3,0,1,0,300,-10,0,0,0.72,64.1333,157.2,,,0,
bid,C,-120,-130,,,10S_1 9C_2 9H_1 AD_1 AH_2 JC_1 JH_2 JS_1 KD_1 KD_2 KS_1 QH_1,10,2,2,4,0,0,0,300,10,0,1,0.0267,-457.7333,-37.6667,,,0,
fold,C,-130,-120,190,30,10C_1 9C_1 9D_1 9H_2 9S_2 AC_1 JD_1 JD_2 KC_1 QC_1 QH_2 QS_1,90,1,5,3,0,1,0,250,-10,0,0,0.9867,,,163.6,-280.0,,0
bid,D,250,-30,,,10C_2 9C_2 9D_1 9S_2 AH_2 JC_2 JD_2 JH_1 JS_2 KH_2 KS_1 QC_2,50,1,2,4,0,0,1,300,280,0,0,0.1533,-392.6667,-50.8667,,,0,
bid,D,-30,250,,,10S_2 9C_1 9H_1 9S_1 AD_2 AS_1 AS_2 KD_1 KD_2 KS_2 QD_1 QD_2,80,3,5,5,0,0,0,300,-280,0,0,0.9533,244.8,-38.4667,,,1,
bid,C,250,-30,,,10C_1 10D_1 10D_2 10H_2 10S_1 AC_1 JC_1 JD_1 JH_2 KC_1 QH_1 QH_2,0,1,4,4,0,0,0,310,280,0,1,0.4533,-169.4,37.1333,,,0,
bid,C,-30,250,,,10H_1 9D_2 9H_2 AC_2 AD_1 AH_1 JS_1 KC_2 KH_1 QC_1 QS_1 QS_2,40,3,3,4,0,0,0,310,-280,1,0,0.62,4.3333,151.7333,,,0,
fold,D,-30,250,110,50,10S_2 9S_1 AD_1 AD_2 AS_1 AS_2 KD_1 KD_2 QD_1 QD_2 QS_1 QS_2,80,4,6,6,0,0,0,300,-280,0,0,0.9533,,,247.2667,-350.0,,0
bid,D,300,330,,,10H_1 9C_1 9C_2 AC_1 AD_1 AH_2 AS_2 JD_1 JS_2 KC_2 QH_1 QS_2,140,4,2,4,0,1,1,300,-30,0,0,0.7933,57.1333,237.9333,,,0,
bid,C,330,300,,,10C_2 9D_1 9H_2 9S_1 AC_2 JD_2 KC_1 KH_1 KS_1 KS_2 QC_1 QH_2,60,1,4,3,0,0,0,300,30,0,0,0.5267,-129.7333,42.3333,,,0,
bid,H,300,330,,,10H_2 10S_1 9H_1 AH_1 JC_1 JH_1 JH_2 JS_1 KD_1 KH_2 QC_2 QD_1,30,1,6,2,0,0,0,300,-30,0,1,0.5933,-54.8,-138.6,,,1,
bid,D,330,300,,,10C_1 10D_1 10D_2 10S_2 9D_2 9S_2 AD_2 AS_1 JC_2 KD_2 QD_2 QS_1,50,2,6,4,0,0,0,340,30,0,1,0.6467,54.4667,-13.7333,,,1,
fold,H,300,330,170,90,10H_2 9H_1 AH_1 JD_1 JH_1 JH_2 JS_1 KC_2 KD_1 KH_2 QD_1 QS_2,70,1,6,3,0,1,0,330,-30,0,0,0.3533,,,-284.9333,-420.0,,0
bid,S,460,680,,,10C_1 10C_2 10D_1 10H_2 AH_1 AS_1 JC_2 JS_1 KC_2 KS_1 KS_2 QS_1,40,2,5,4,0,0,0,300,-220,0,0,0.6867,13.8,31.8667,,,0,
bid,S,680,460,,,10S_1 9C_2 9D_2 9H_1 9S_1 AC_2 AS_2 JC_1 JD_2 KH_2 QC_1 QD_1,10,2,3,4,0,0,0,310,220,0,0,0.1333,-367.4,-3.7333,,,0,
bid,C,460,680,,,10D_2 10S_2 9C_1 9S_2 AD_1 JH_1 KC_1 KD_1 KD_2 KH_1 QC_2 QH_2,70,1,3,4,0,0,0,310,-220,1,0,0.1933,-373.8667,-59.5333,,,0,
bid,H,680,460,,,10H_1 9D_1 9H_2 AC_1 AD_2 AH_2 JD_1 JH_2 JS_2 QD_2 QH_1 QS_2,50,3,5,4,0,1,0,310,220,0,1,0.8467,229.7333,68.4667,,,1,
bid,S,460,680,,,10C_1 10C_2 10D_1 10H_2 AH_1 AS_1 JC_2 JS_1 KC_2 KS_1 KS_2 QS_1,40,2,5,4,0,0,0,320,-220,0,1,0.6067,-46.2,57.8,,,0,
bid,H,680,460,,,10H_1 9D_1 9H_2 AC_1 AD_2 AH_2 JD_1 JH_2 JS_2 QD_2 QH_1 QS_2,50,3,5,4,0,1,0,330,220,0,1,0.7733,167.3333,98.8667,,,1,
bid,S,460,680,,,10C_1 10C_2 10D_1 10H_2 AH_1 AS_1 JC_2 JS_1 KC_2 KS_1 KS_2 QS_1,40,2,5,4,0,0,0,340,-220,0,1,0.5933,-47.4667,103.0,,,0,
fold,H,680,460,210,80,10H_1 10S_1 9H_2 AH_2 JD_1 JD_2 JH_2 JS_2 KH_2 QD_2 QH_1 QS_2,200,1,6,3,1,1,0,330,220,0,0,0.7267,,,-4.3333,-410.0,,0
bid,C,0,0,,,10C_1 10C_2 10H_1 10H_2 9C_2 9S_1 AC_2 JD_2 KC_1 KH_1 KS_2 QD_2,10,1,5,3,0,0,0,300,0,0,0,0.34,-218.3333,0.0667,,,0,
bid,S,0,0,,,9H_1 9S_2 AC_1 AH_1 AS_2 JD_1 JS_1 KC_2 KH_2 KS_1 QH_2 QS_1,110,3,5,4,0,1,0,300,0,0,0,0.9533,274.2667,100.6667,,,1,
bid,S,0,0,,,10S_1 9D_1 9D_2 AD_2 AH_2 AS_1 JC_2 JH_2 JS_2 QC_2 QD_1 QH_1,0,3,3,4,0,0,0,340,0,0,1,0.1267,-405.8667,64.5333,,,0,
bid,H,0,0,,,10D_1 10D_2 10S_2 9C_1 9H_2 AD_1 JC_1 JH_1 KD_1 KD_2 QC_1 QS_2,10,1,2,5,0,0,0,340,0,1,0,0.0533,-442.4667,27.1333,,,0,
fold,S,0,0,240,10,10S_2 9H_1 9S_2 AD_1 AS_2 JD_1 JS_1 KH_2 KS_1 QH_2 QS_1 QS_2,220,2,7,3,1,1,0,330,0,0,0,1.0,,,319.6,-340.0,,0
bid,D,430,70,,,10C_1 10D_1 9C_2 9D_2 9H_1 9S_1 AC_1 AC_2 AS_2 JD_1 KD_1 QD_2,50,3,5,4,0,0,0,300,360,0,0,0.64,25.3333,49.3333,,,0,
bid,D,70,430,,,10C_2 10D_2 9C_1 9D_1 AH_1 JC_2 JH_1 JH_2 JS_2 KS_2 QC_2 QH_1,10,1,2,4,0,0,0,300,-360,0,0,0.0467,-488.9333,-147.3333,,,0,
bid,D,430,70,,,10H_1 10H_2 10S_1 AD_2 JD_2 JS_1 KC_1 KD_2 KH_1 QC_1 QD_1 QS_2,100,1,4,3,0,1,0,300,360,0,1,0.7,0.0667,50.8,,,0,
fold,S,70,430,200,110,10S_2 9H_2 9S_2 AH_1 AS_1 JC_1 JS_2 KH_2 KS_1 KS_2 QH_2 QS_1,180,2,7,4,1,0,0,250,-360,0,0,1.0,,,188.8,-360.0,,0
bid,S,450,610,,,10C_1 10C_2 10H_1 9D_1 9D_2 9S_1 9S_2 JC_1 JH_1 JS_1 KH_1 KH_2,20,0,3,4,0,0,0,300,-160,0,0,0.0133,-459.2,-173.0,,,0,
bid,H,610,450,,,10D_2 10H_2 10S_1 9C_1 9H_2 AC_2 AH_2 JD_1 KC_1 KD_1 KS_1 QH_1,10,2,4,3,0,0,0,300,160,0,0,0.3267,-240.6,-43.7333,,,0,
bid,C,450,610,,,9C_2 AD_2 AH_1 AS_1 JC_2 KC_2 KD_2 KS_2 QC_1 QC_2 QD_2 QS_2,90,3,5,3,0,0,0,300,-160,0,1,0.7333,152.4,99.2,,,1,
bid,S,610,450,,,10D_1 10S_2 9H_1 AC_1 AD_1 AS_2 JD_2 JH_2 JS_2 QD_1 QH_2 QS_1,40,3,4,4,0,1,0,310,160,0,1,0.7467,106.5333,109.8,,,0,
bid,C,450,610,,,9C_2 AD_2 AH_1 AS_1 JC_2 KC_2 KD_2 KS_2 QC_1 QC_2 QD_2 QS_2,90,3,5,3,0,0,0,320,-160,0,1,0.7533,177.4,103.8,,,1,
bid,S,300,550,,,10D_2 10H_1 10S_2 9C_1 9D_2 9S_1 9S_2 AS_1 KH_2 QC_2 QD_1 QS_2,20,1,5,3,0,0,0,300,-250,0,0,0.26,-303.4667,-29.2667,,,0,
bid,C,550,300,,,10C_2 9D_1 9H_1 9H_2 AC_1 AC_2 AH_1 JC_1 JD_1 JD_2 QD_2 QH_2,0,3,4,4,0,0,0,300,250,0,0,0.4,-157.2,126.4,,,0,
bid,S,300,550,,,10D_1 10S_1 AD_1 JC_2 JH_1 JS_2 KC_1 KC_2 KH_1 KS_1 KS_2 QS_1,40,1,5,3,0,0,0,300,-250,0,1,0.5533,-94.8,-0.3333,,,0,
fold,H,550,300,40,20,10H_2 9C_2 AD_2 AH_2 JD_1 JD_2 JH_2 JS_1 KD_2 QC_1 QD_2 QH_1,20,2,4,5,0,0,0,250,250,0,0,0.06,,,-347.5333,-270.0,,1
bid,S,300,320,,,10C_1 10D_2 10S_2 9D_1 9D_2 AH_2 AS_2 JS_1 KC_2 KD_1 QH_2 QS_1,0,2,4,4,0,0,0,300,-20,0,0,0.5067,-139.4,-23.6,,,0,
bid,D,320,300,,,10C_2 10H_2 10S_1 9H_1 9S_1 AC_1 AD_1 JD_1 JD_2 KS_1 QC_2 QH_1,0,2,3,3,0,0,0,300,20,0,0,0.26,-268.1333,64.3333,,,0,
bid,C,300,320,,,10H_1 9C_2 9S_2 AC_2 AS_1 JC_2 JS_2 KC_1 KD_2 KH_1 QC_1 QD_1,70,2,5,3,0,0,0,300,-20,0,1,0.8133,97.2667,-1.6667,,,1,
fold,S,320,300,90,50,10S_1 9C_1 9H_2 JC_1 JD_1 JD_2 JH_1 JH_2 KH_2 KS_2 QD_2 QS_2,80,0,3,4,0,1,0,250,20,0,0,0.0933,,,-413.0667,-300.0,,1
bid,C,70,350,,,10C_1 10C_2 10H_1 10S_1 JD_1 KC_1 KC_2 KH_1 KS_2 QC_2 QD_1 QS_1,100,0,5,3,0,1,0,300,-280,0,0,0.4733,-144.0667,8.2,,,0,
bid,S,350,70,,,10D_2 9C_1 9H_1 9S_1 9S_2 AC_2 AD_2 AH_1 AS_1 JH_1 JS_1 KD_2,120,4,4,3,0,0,1,300,280,0,0,0.92,130.4667,57.7333,,,1,
bid,H,70,350,,,10S_2 9D_1 9H_2 AD_1 AH_2 JC_1 JD_2 JS_2 KD_1 KH_2 QH_1 QS_2,90,2,4,4,0,1,0,300,-280,0,1,0.6933,20.6667,32.4667,,,0,
bid,C,350,70,,,10D_1 10H_2 9C_2 9D_2 AC_1 AS_2 JC_2 JH_2 KS_1 QC_1 QD_2 QH_2,10,2,4,3,0,0,0,310,280,0,1,0.32,-243.1333,-60.4667,,,0,
fold,H,70,350,470,110,10S_1 9D_1 9H_2 AH_2 JC_1 JD_1 JD_2 JS_2 KH_2 QH_1 QS_1 QS_2,350,1,4,4,0,1,0,300,-280,0,0,1.0,,,374.2667,-410.0,,0
bid,S,560,690,,,10S_2 AC_2 AD_1 AD_2 AH_2 JD_1 JD_2 JH_2 JS_1 KS_1 QC_2 QS_2,80,4,4,4,0,1,0,300,-130,0,0,0.8067,234.4667,197.6,,,1,
bid,S,690,560,,,10C_2 10D_1 10D_2 10S_1 9D_1 9D_2 9S_1 AS_1 AS_2 KH_1 KH_2 QS_1,10,2,5,4,0,0,0,300,130,0,0,0.3,-268.9333,108.0,,,0,
bid,C,560,690,,,10C_1 10H_2 9C_2 9H_2 AH_1 JC_2 JS_2 KC_2 KD_2 QC_1 QH_1 QH_2,50,1,5,5,0,0,0,300,-130,0,1,0.5867,-57.3333,-72.8667,,,1,
bid,D,690,560,,,10H_1 9C_1 9H_1 9S_2 AC_1 JC_1 JH_1 KC_1 KD_1 KS_2 QD_1 QD_2,40,1,3,4,0,0,0,310,130,0,1,0.0533,-469.6,-51.2,,,0,
fold,C,560,690,90,30,10C_1 10S_2 9C_2 9H_2 JC_2 JD_1 JS_2 KC_2 QC_1 QH_1 QH_2 QS_2,90,0,5,3,0,1,0,300,-130,0,0,0.0,,,-467.5333,-330.0,,1
bid,S,720,260,,,10S_2 AC_2 AD_2 AH_2 JC_1 JD_2 JS_1 KS_1 KS_2 QC_2 QH_2 QS_2,80,3,5,3,0,1,0,300,460,0,0,0.7,164.4,151.4,,,1,
bid,C,260,720,,,10D_1 10H_1 10H_2 9C_2 9S_1 AH_1 AS_1 JH_2 KC_1 QC_1 QD_2 QS_1,50,2,3,4,0,0,0,300,-460,0,0,0.3533,-242.7333,62.9333,,,0,
bid,S,720,260,,,10D_2 10S_1 9H_2 AD_1 AS_2 JC_2 JH_1 KC_2 KD_1 KD_2 KH_1 KH_2,0,2,2,4,0,0,0,300,460,0,1,0.0667,-419.5333,-49.8,,,0,
